strategy,name,n_years,total_return_pct,CAGR_pct,vol_ann_pct,sharpe,max_drawdown_pct,final_equity
RF_ofz,Только ОФЗ 5Y (кэш),8.57,130.99,10.26,0.22,44.995,0.0,3.298
S4_long_thr3_rate_filter,S4 long dev<-3% + rate stable,8.57,116.5,9.43,9.52,0.995,-17.28,3.091
S1_long_thr10,S1 long если dev<-10%,8.57,118.73,9.56,10.29,0.939,-24.22,3.123
S1_long_thr7,S1 long если dev<-7%,8.57,96.12,8.18,10.79,0.783,-25.07,2.8
S1_long_thr3,S1 long если dev<-3%,8.57,77.79,6.95,11.15,0.659,-26.1,2.538
S1_long_thr5,S1 long если dev<-5%,8.57,77.25,6.91,11.07,0.659,-26.1,2.53
S1_long_thr2,S1 long если dev<-2%,8.57,76.59,6.86,11.23,0.648,-26.51,2.521
BH_buy_hold,Buy & Hold IMOEX,8.57,-1.22,-0.14,25.48,0.133,-55.29,1.779
S2_ls_thr10,S2 long/short |dev|>10%,8.57,-5.58,-0.67,23.7,0.087,-45.79,1.348
S2_ls_thr7,S2 long/short |dev|>7%,8.57,-14.23,-1.78,24.21,0.044,-43.62,1.224
S3_prop_sc15,"S3 пропорц., scale=15%",8.57,-17.49,-2.22,23.68,0.021,-45.66,1.178
S3_prop_sc10,"S3 пропорц., scale=10%",8.57,-26.6,-3.54,24.37,-0.029,-46.85,1.048
S2_ls_thr5,S2 long/short |dev|>5%,8.57,-31.06,-4.25,24.71,-0.055,-49.14,0.984
S2_ls_thr3,S2 long/short |dev|>3%,8.57,-35.53,-4.99,25.0,-0.083,-49.53,0.92
S3_prop_sc5,"S3 пропорц., scale=5%",8.57,-36.67,-5.19,24.94,-0.092,-50.52,0.904
