date,brent
2012-09-06,114.0
2012-09-07,114.0
2012-09-10,114.0
2012-09-11,114.0
2012-09-12,114.0
2012-09-13,114.0
2012-09-14,114.0
2012-09-17,114.31
2012-09-18,114.31
2012-09-19,108.88
2012-09-20,106.94
2012-09-21,108.75
2012-09-24,106.48
2012-09-25,105.37
2012-09-26,105.2
2012-09-27,105.1
2012-09-28,110.36
2012-10-01,110.08
2012-10-02,110.08
2012-10-03,110.08
2012-10-04,109.72
2012-10-05,109.75
2012-10-08,109.82
2012-10-09,109.82
2012-10-10,109.98
2012-10-11,110.81
2012-10-12,110.98
2012-10-15,109.49
2012-10-16,115.0
2012-10-17,111.8
2012-10-18,111.32
2012-10-19,111.32
2012-10-22,109.3
2012-10-23,111.32
2012-10-24,106.96
2012-10-25,106.83
2012-10-26,105.92
2012-10-29,111.32
2012-10-30,107.71
2012-10-31,111.32
2012-11-01,106.4
2012-11-02,106.35
2012-11-06,107.39
2012-11-07,108.38
2012-11-08,106.1
2012-11-09,105.0
2012-11-12,108.0
2012-11-13,106.33
2012-11-14,107.09
2012-11-15,108.77
2012-11-16,107.89
2012-11-19,110.0
2012-11-20,110.44
2012-11-21,110.03
2012-11-22,110.07
2012-11-23,109.97
2012-11-26,110.01
2012-11-27,109.87
2012-11-28,108.07
2012-11-29,110.2
2012-11-30,109.85
2012-12-03,110.9
2012-12-04,108.9
2012-12-05,109.19
2012-12-06,106.87
2012-12-07,106.7
2012-12-10,106.66
2012-12-11,106.58
2012-12-12,108.36
2012-12-13,107.17
2012-12-14,107.4
2012-12-17,107.99
2012-12-18,108.05
2012-12-19,109.65
2012-12-20,109.9
2012-12-21,109.0
2012-12-24,108.4
2012-12-25,109.01
2012-12-26,110.62
2012-12-27,110.96
2012-12-28,110.88
2013-01-08,112.1
2013-01-09,111.81
2013-01-10,112.77
2013-01-11,110.31
2013-01-14,111.01
2013-01-15,111.43
2013-01-16,109.89
2013-01-17,110.63
2013-01-18,111.12
2013-01-21,111.66
2013-01-22,112.17
2013-01-23,112.5
2013-01-24,112.59
2013-01-25,113.75
2013-01-28,113.6
2013-01-29,113.35
2013-01-30,114.44
2013-01-31,114.71
2013-02-01,116.06
2013-02-04,115.79
2013-02-05,116.8
2013-02-06,116.05
2013-02-07,117.46
2013-02-08,118.75
2013-02-11,117.78
2013-02-12,118.53
2013-02-13,118.94
2013-02-14,117.66
2013-02-15,116.7
2013-02-18,117.65
2013-02-19,116.81
2013-02-20,116.8
2013-02-21,113.9
2013-02-22,114.05
2013-02-25,115.0
2013-02-26,114.16
2013-02-27,112.93
2013-02-28,112.29
2013-03-01,110.13
2013-03-04,110.38
2013-03-05,110.81
2013-03-06,110.94
2013-03-07,110.66
2013-03-11,109.77
2013-03-12,110.73
2013-03-13,109.61
2013-03-14,108.97
2013-03-15,110.21
2013-03-18,109.19
2013-03-19,108.82
2013-03-20,108.09
2013-03-21,107.95
2013-03-22,107.67
2013-03-25,108.23
2013-03-26,108.11
2013-03-27,109.52
2013-03-28,109.29
2013-03-29,109.98
2013-04-01,109.98
2013-04-02,110.82
2013-04-03,109.23
2013-04-04,106.13
2013-04-05,104.46
2013-04-08,104.62
2013-04-09,104.54
2013-04-10,105.33
2013-04-11,104.83
2013-04-12,101.5
2013-04-15,100.36
2013-04-16,99.05
2013-04-17,98.35
2013-04-18,97.91
2013-04-19,99.84
2013-04-22,99.54
2013-04-23,99.68
2013-04-24,101.05
2013-04-25,102.38
2013-04-26,103.34
2013-04-29,103.28
2013-04-30,102.76
2013-05-02,100.8
2013-05-03,104.63
2013-05-06,104.14
2013-05-07,105.37
2013-05-08,104.2
2013-05-10,101.85
2013-05-13,102.34
2013-05-14,102.49
2013-05-15,101.4
2013-05-16,103.4
2013-05-17,104.43
2013-05-20,104.7
2013-05-21,103.95
2013-05-22,103.15
2013-05-23,101.08
2013-05-24,101.93
2013-05-27,102.41
2013-05-28,104.29
2013-05-29,104.03
2013-05-30,101.35
2013-05-31,101.38
2013-06-03,101.92
2013-06-04,101.69
2013-06-05,103.9
2013-06-06,103.81
2013-06-07,104.46
2013-06-10,104.24
2013-06-11,102.34
2013-06-13,103.74
2013-06-14,106.24
2013-06-17,106.22
2013-06-18,105.86
2013-06-19,106.21
2013-06-20,102.68
2013-06-21,100.6
2013-06-24,100.2
2013-06-25,101.15
2013-06-26,100.43
2013-06-27,102.42
2013-06-28,103.1
2013-07-01,103.5
2013-07-02,103.63
2013-07-03,105.45
2013-07-04,105.42
2013-07-05,106.65
2013-07-08,107.2
2013-07-09,107.35
2013-07-10,108.2
2013-07-11,108.11
2013-07-12,108.1
2013-07-15,108.84
2013-07-16,109.05
2013-07-17,108.03
2013-07-18,108.7
2013-07-19,108.89
2013-07-22,107.72
2013-07-23,108.34
2013-07-24,107.47
2013-07-25,107.02
2013-07-26,106.7
2013-07-29,107.33
2013-07-30,106.97
2013-07-31,106.14
2013-08-01,109.1
2013-08-02,108.73
2013-08-05,108.41
2013-08-06,108.15
2013-08-07,107.77
2013-08-08,106.03
2013-08-09,107.38
2013-08-12,107.95
2013-08-13,109.23
2013-08-14,109.4
2013-08-15,110.84
2013-08-16,110.0
2013-08-19,110.88
2013-08-20,109.65
2013-08-21,110.07
2013-08-22,109.98
2013-08-23,110.83
2013-08-26,110.99
2013-08-27,113.4
2013-08-28,115.92
2013-08-29,115.85
2013-08-30,115.0
2013-09-02,114.04
2013-09-03,115.21
2013-09-04,114.8
2013-09-05,114.77
2013-09-06,115.96
2013-09-09,114.73
2013-09-10,111.2
2013-09-11,111.54
2013-09-12,112.37
2013-09-13,111.86
2013-09-16,109.87
2013-09-17,108.56
2013-09-18,108.44
2013-09-19,109.67
2013-09-20,109.29
2013-09-23,108.31
2013-09-24,107.74
2013-09-25,109.17
2013-09-26,108.7
2013-09-27,109.31
2013-09-30,107.75
2013-10-01,107.18
2013-10-02,108.09
2013-10-03,109.17
2013-10-04,109.51
2013-10-07,108.66
2013-10-08,110.26
2013-10-09,108.62
2013-10-10,110.94
2013-10-11,111.34
2013-10-14,110.25
2013-10-15,110.25
2013-10-16,110.35
2013-10-17,109.94
2013-10-18,109.55
2013-10-21,109.59
2013-10-22,110.6
2013-10-23,108.67
2013-10-24,107.23
2013-10-25,106.68
2013-10-28,108.92
2013-10-29,108.98
2013-10-30,109.22
2013-10-31,108.87
2013-11-01,107.14
2013-11-05,106.04
2013-11-06,105.66
2013-11-07,104.36
2013-11-08,103.58
2013-11-11,105.69
2013-11-12,106.68
2013-11-13,106.66
2013-11-14,107.65
2013-11-15,108.12
2013-11-18,108.26
2013-11-19,107.8
2013-11-20,106.68
2013-11-21,108.17
2013-11-22,110.38
2013-11-25,109.5
2013-11-26,111.21
2013-11-27,110.95
2013-11-28,111.27
2013-11-29,110.83
2013-12-02,109.94
2013-12-03,111.77
2013-12-04,111.81
2013-12-05,111.38
2013-12-06,111.3
2013-12-09,110.72
2013-12-10,109.19
2013-12-11,108.93
2013-12-12,109.0
2013-12-13,108.35
2013-12-16,109.85
2013-12-17,108.66
2013-12-18,108.71
2013-12-19,109.75
2013-12-20,110.91
2013-12-23,111.76
2013-12-24,111.99
2013-12-25,111.85
2013-12-26,111.58
2013-12-27,112.06
2013-12-30,111.52
2014-01-06,107.42
2014-01-08,107.77
2014-01-09,107.7
2014-01-10,106.95
2014-01-13,107.03
2014-01-14,106.62
2014-01-15,106.48
2014-01-16,105.81
2014-01-17,106.23
2014-01-20,106.57
2014-01-21,107.79
2014-01-22,107.55
2014-01-23,107.9
2014-01-24,107.1
2014-01-27,107.22
2014-01-28,107.3
2014-01-29,107.3
2014-01-30,108.13
2014-01-31,106.94
2014-02-03,106.1
2014-02-04,105.82
2014-02-05,105.99
2014-02-06,107.07
2014-02-07,107.57
2014-02-10,109.37
2014-02-11,108.72
2014-02-12,108.9
2014-02-13,108.2
2014-02-14,108.24
2014-02-17,108.93
2014-02-18,109.61
2014-02-19,110.28
2014-02-20,109.98
2014-02-21,110.22
2014-02-24,109.95
2014-02-25,110.1
2014-02-26,109.31
2014-02-27,108.81
2014-02-28,109.0
2014-03-03,111.4
2014-03-04,109.2
2014-03-05,108.95
2014-03-06,108.18
2014-03-07,108.6
2014-03-11,108.56
2014-03-12,108.48
2014-03-13,107.9
2014-03-14,108.16
2014-03-17,108.54
2014-03-18,106.39
2014-03-19,106.21
2014-03-20,106.07
2014-03-21,107.57
2014-03-24,107.21
2014-03-25,106.71
2014-03-26,107.13
2014-03-27,107.5
2014-03-28,108.2
2014-03-31,107.81
2014-04-01,107.13
2014-04-02,104.31
2014-04-03,105.05
2014-04-04,106.92
2014-04-07,105.9
2014-04-08,105.78
2014-04-09,107.89
2014-04-10,107.71
2014-04-11,107.65
2014-04-14,108.11
2014-04-15,109.05
2014-04-16,109.92
2014-04-17,109.85
2014-04-18,109.57
2014-04-21,109.7
2014-04-22,109.33
2014-04-23,109.17
2014-04-24,109.9
2014-04-25,109.62
2014-04-28,108.92
2014-04-29,109.24
2014-04-30,108.01
2014-05-02,108.4
2014-05-05,107.71
2014-05-06,107.7
2014-05-07,107.75
2014-05-08,107.83
2014-05-12,108.4
2014-05-13,108.82
2014-05-14,109.84
2014-05-15,109.48
2014-05-16,109.76
2014-05-19,109.8
2014-05-20,109.32
2014-05-21,109.96
2014-05-22,110.81
2014-05-23,110.44
2014-05-26,110.2
2014-05-27,110.4
2014-05-28,109.65
2014-05-29,110.26
2014-05-30,109.46
2014-06-02,109.12
2014-06-03,108.63
2014-06-04,109.2
2014-06-05,108.18
2014-06-06,108.93
2014-06-09,110.0
2014-06-10,109.81
2014-06-11,109.87
2014-06-13,113.07
2014-06-16,112.75
2014-06-17,113.21
2014-06-18,113.69
2014-06-19,114.87
2014-06-20,115.03
2014-06-23,114.38
2014-06-24,114.45
2014-06-25,113.65
2014-06-26,113.3
2014-06-27,113.43
2014-06-30,112.6
2014-07-01,112.31
2014-07-02,111.99
2014-07-03,110.94
2014-07-04,110.81
2014-07-07,110.67
2014-07-08,109.8
2014-07-09,108.51
2014-07-10,108.17
2014-07-11,107.6
2014-07-14,106.8
2014-07-15,105.0
2014-07-16,106.16
2014-07-17,107.45
2014-07-18,108.03
2014-07-21,107.35
2014-07-22,107.82
2014-07-23,107.71
2014-07-24,107.39
2014-07-25,107.03
2014-07-28,107.07
2014-07-29,107.63
2014-07-30,107.64
2014-07-31,106.37
2014-08-01,105.24
2014-08-04,105.6
2014-08-05,104.8
2014-08-06,105.25
2014-08-07,104.93
2014-08-08,105.43
2014-08-11,105.37
2014-08-12,103.43
2014-08-13,103.11
2014-08-14,102.7
2014-08-15,102.73
2014-08-18,101.67
2014-08-19,101.42
2014-08-20,101.93
2014-08-21,102.05
2014-08-22,102.5
2014-08-25,102.16
2014-08-26,103.21
2014-08-27,102.85
2014-08-28,102.69
2014-08-29,102.95
2014-09-01,102.97
2014-09-02,101.85
2014-09-03,101.62
2014-09-04,102.62
2014-09-05,101.38
2014-09-08,99.79
2014-09-09,99.98
2014-09-10,98.2
2014-09-11,97.11
2014-09-12,97.12
2014-09-15,98.25
2014-09-16,98.99
2014-09-17,98.68
2014-09-18,98.42
2014-09-19,97.75
2014-09-22,97.12
2014-09-23,97.08
2014-09-24,96.09
2014-09-25,96.62
2014-09-26,97.04
2014-09-29,96.82
2014-09-30,96.62
2014-10-01,95.44
2014-10-02,93.09
2014-10-03,91.68
2014-10-06,91.5
2014-10-07,91.88
2014-10-08,90.91
2014-10-09,90.85
2014-10-10,89.19
2014-10-13,88.16
2014-10-14,86.36
2014-10-15,85.33
2014-10-16,83.7
2014-10-17,86.32
2014-10-20,84.75
2014-10-21,85.85
2014-10-22,86.23
2014-10-23,86.4
2014-10-24,85.53
2014-10-27,85.43
2014-10-28,85.58
2014-10-29,87.75
2014-10-30,86.41
2014-10-31,85.34
2014-11-03,85.45
2014-11-05,83.54
2014-11-06,82.35
2014-11-07,83.48
2014-11-10,83.76
2014-11-11,81.78
2014-11-12,81.27
2014-11-13,78.88
2014-11-14,79.31
2014-11-17,78.63
2014-11-18,78.71
2014-11-19,78.54
2014-11-20,78.91
2014-11-21,80.1
2014-11-24,80.32
2014-11-25,79.61
2014-11-26,77.9
2014-11-27,74.6
2014-11-28,72.97
2014-12-01,71.15
2014-12-02,71.2
2014-12-03,71.02
2014-12-04,69.28
2014-12-05,68.45
2014-12-08,66.95
2014-12-09,66.47
2014-12-10,64.44
2014-12-11,64.81
2014-12-12,62.54
2014-12-15,61.44
2014-12-16,59.06
2014-12-17,60.31
2014-12-18,61.2
2014-12-19,60.82
2014-12-22,60.53
2014-12-23,60.92
2014-12-24,59.62
2014-12-25,59.94
2014-12-26,60.15
2014-12-29,59.73
2014-12-30,57.77
2015-01-05,53.88
2015-01-06,52.0
2015-01-08,51.05
2015-01-09,49.98
2015-01-12,47.38
2015-01-13,46.14
2015-01-14,46.83
2015-01-15,49.4
2015-01-16,49.59
2015-01-19,49.49
2015-01-20,48.44
2015-01-21,49.36
2015-01-22,48.81
2015-01-23,49.05
2015-01-26,48.51
2015-01-27,48.35
2015-01-28,49.22
2015-01-29,48.7
2015-01-30,49.58
2015-02-02,53.5
2015-02-03,56.35
2015-02-04,56.04
2015-02-05,56.55
2015-02-06,57.74
2015-02-09,58.54
2015-02-10,57.42
2015-02-11,54.66
2015-02-12,56.91
2015-02-13,61.43
2015-02-16,61.65
2015-02-17,60.48
2015-02-18,61.67
2015-02-19,58.57
2015-02-20,60.54
2015-02-24,60.12
2015-02-25,59.26
2015-02-26,61.32
2015-02-27,61.42
2015-03-02,61.07
2015-03-03,61.18
2015-03-04,59.9
2015-03-05,60.84
2015-03-06,60.09
2015-03-10,57.1
2015-03-11,56.98
2015-03-12,57.58
2015-03-13,55.98
2015-03-16,53.08
2015-03-17,52.95
2015-03-18,53.48
2015-03-19,54.74
2015-03-20,55.05
2015-03-23,55.84
2015-03-24,55.04
2015-03-25,55.4
2015-03-26,58.38
2015-03-27,57.86
2015-03-30,55.69
2015-03-31,55.82
2015-04-01,56.76
2015-04-02,55.39
2015-04-03,54.99
2015-04-06,57.93
2015-04-07,58.42
2015-04-08,56.8
2015-04-09,56.8
2015-04-10,57.56
2015-04-13,57.92
2015-04-14,58.61
2015-04-15,61.95
2015-04-16,62.81
2015-04-17,63.95
2015-04-20,63.51
2015-04-21,62.79
2015-04-22,62.85
2015-04-23,65.0
2015-04-24,65.02
2015-04-27,65.11
2015-04-28,65.08
2015-04-29,66.1
2015-04-30,66.14
2015-05-05,68.14
2015-05-06,67.99
2015-05-07,66.29
2015-05-08,65.48
2015-05-12,66.77
2015-05-13,67.65
2015-05-14,67.0
2015-05-15,66.6
2015-05-18,66.15
2015-05-19,64.71
2015-05-20,64.9
2015-05-21,66.73
2015-05-22,65.48
2015-05-25,66.13
2015-05-26,63.53
2015-05-27,63.16
2015-05-28,62.4
2015-05-29,64.89
2015-06-01,64.62
2015-06-02,65.12
2015-06-03,64.2
2015-06-04,62.34
2015-06-05,61.85
2015-06-08,62.65
2015-06-09,64.68
2015-06-10,65.25
2015-06-11,64.88
2015-06-15,64.01
2015-06-16,63.94
2015-06-17,63.26
2015-06-18,64.22
2015-06-19,62.79
2015-06-22,62.67
2015-06-23,64.18
2015-06-24,63.55
2015-06-25,63.07
2015-06-26,63.25
2015-06-29,61.85
2015-06-30,63.16
2015-07-01,62.57
2015-07-02,62.7
2015-07-03,60.34
2015-07-06,58.22
2015-07-07,56.05
2015-07-08,56.59
2015-07-09,58.9
2015-07-10,58.37
2015-07-13,58.48
2015-07-14,58.36
2015-07-15,57.67
2015-07-16,57.84
2015-07-17,56.8
2015-07-20,56.74
2015-07-21,56.86
2015-07-22,56.53
2015-07-23,56.19
2015-07-24,54.56
2015-07-27,53.71
2015-07-28,53.73
2015-07-29,54.02
2015-07-30,53.66
2015-07-31,52.5
2015-08-03,50.31
2015-08-04,50.05
2015-08-05,49.69
2015-08-06,49.0
2015-08-07,49.06
2015-08-10,49.95
2015-08-11,48.93
2015-08-12,49.05
2015-08-13,48.93
2015-08-14,49.03
2015-08-17,49.22
2015-08-18,48.62
2015-08-19,47.0
2015-08-20,47.18
2015-08-21,45.35
2015-08-24,42.88
2015-08-25,43.42
2015-08-26,43.05
2015-08-27,45.93
2015-08-28,49.68
2015-08-31,51.31
2015-09-01,50.21
2015-09-02,48.43
2015-09-03,51.23
2015-09-04,50.04
2015-09-07,47.89
2015-09-08,49.65
2015-09-09,48.45
2015-09-10,48.77
2015-09-11,48.15
2015-09-14,46.5
2015-09-15,47.34
2015-09-16,49.73
2015-09-17,48.52
2015-09-18,47.99
2015-09-21,48.33
2015-09-22,48.33
2015-09-23,48.58
2015-09-24,48.07
2015-09-25,48.26
2015-09-28,47.58
2015-09-29,48.43
2015-09-30,48.35
2015-10-01,48.25
2015-10-02,47.12
2015-10-05,49.62
2015-10-06,51.4
2015-10-07,51.44
2015-10-08,52.43
2015-10-09,52.77
2015-10-12,51.71
2015-10-13,50.02
2015-10-14,49.1
2015-10-15,48.55
2015-10-16,49.94
2015-10-19,48.99
2015-10-20,48.67
2015-10-21,48.25
2015-10-22,48.13
2015-10-23,47.9
2015-10-26,47.78
2015-10-27,46.81
2015-10-28,48.94
2015-10-29,49.08
2015-10-30,49.33
2015-11-02,49.14
2015-11-03,49.69
2015-11-05,48.25
2015-11-06,47.51
2015-11-09,47.4
2015-11-10,47.42
2015-11-11,46.62
2015-11-12,45.29
2015-11-13,43.7
2015-11-16,43.71
2015-11-17,44.16
2015-11-18,44.17
2015-11-19,44.3
2015-11-20,44.34
2015-11-23,45.07
2015-11-24,45.7
2015-11-25,45.52
2015-11-26,45.65
2015-11-27,45.12
2015-11-30,45.39
2015-12-01,44.36
2015-12-02,43.85
2015-12-03,43.15
2015-12-04,44.25
2015-12-07,43.58
2015-12-08,42.43
2015-12-09,42.27
2015-12-10,40.97
2015-12-11,39.9
2015-12-14,38.55
2015-12-15,39.35
2015-12-16,39.44
2015-12-17,38.03
2015-12-18,38.8
2015-12-21,37.8
2015-12-22,37.9
2015-12-23,37.92
2015-12-24,38.3
2015-12-25,39.42
2015-12-28,38.15
2015-12-29,38.17
2015-12-30,38.15
2016-01-04,38.65
2016-01-05,36.96
2016-01-06,35.0
2016-01-11,33.07
2016-01-12,31.4
2016-01-13,30.61
2016-01-14,30.75
2016-01-15,29.58
2016-01-18,28.99
2016-01-19,29.4
2016-01-20,27.78
2016-01-21,28.32
2016-01-22,31.36
2016-01-25,31.27
2016-01-26,31.6
2016-01-27,32.45
2016-01-28,34.1
2016-01-29,34.42
2016-02-01,34.82
2016-02-02,33.01
2016-02-03,33.54
2016-02-04,35.41
2016-02-05,34.66
2016-02-08,33.44
2016-02-09,32.4
2016-02-10,31.16
2016-02-11,30.46
2016-02-12,31.94
2016-02-15,33.73
2016-02-16,32.77
2016-02-17,33.96
2016-02-18,35.34
2016-02-19,32.96
2016-02-20,33.1
2016-02-22,34.71
2016-02-24,33.12
2016-02-25,33.94
2016-02-26,36.21
2016-02-29,35.94
2016-03-01,36.31
2016-03-02,36.32
2016-03-03,36.75
2016-03-04,37.63
2016-03-07,39.81
2016-03-09,40.95
2016-03-10,40.17
2016-03-11,40.35
2016-03-14,39.27
2016-03-15,38.6
2016-03-16,40.07
2016-03-17,41.11
2016-03-18,41.66
2016-03-21,41.46
2016-03-22,41.69
2016-03-23,40.74
2016-03-24,39.94
2016-03-25,40.49
2016-03-28,40.04
2016-03-29,39.06
2016-03-30,39.47
2016-03-31,40.56
2016-04-01,38.8
2016-04-04,38.12
2016-04-05,37.79
2016-04-06,39.73
2016-04-07,38.99
2016-04-08,41.65
2016-04-11,42.7
2016-04-12,44.67
2016-04-13,44.4
2016-04-14,44.3
2016-04-15,42.78
2016-04-18,43.16
2016-04-19,44.19
2016-04-20,44.79
2016-04-21,45.18
2016-04-22,45.58
2016-04-25,44.77
2016-04-26,45.67
2016-04-27,46.0
2016-04-28,47.61
2016-04-29,47.57
2016-05-04,44.84
2016-05-05,45.76
2016-05-06,45.99
2016-05-10,45.24
2016-05-11,47.17
2016-05-12,46.84
2016-05-13,47.75
2016-05-16,49.21
2016-05-17,49.42
2016-05-18,49.72
2016-05-19,47.81
2016-05-20,48.82
2016-05-23,48.02
2016-05-24,48.64
2016-05-25,49.18
2016-05-26,49.89
2016-05-27,49.33
2016-05-30,49.61
2016-05-31,50.66
2016-06-01,49.72
2016-06-02,49.9
2016-06-03,49.65
2016-06-06,50.56
2016-06-07,51.05
2016-06-08,52.26
2016-06-09,51.95
2016-06-10,50.91
2016-06-14,49.73
2016-06-15,49.39
2016-06-16,47.31
2016-06-17,48.53
2016-06-20,50.3
2016-06-21,49.95
2016-06-22,49.79
2016-06-23,50.36
2016-06-24,48.75
2016-06-27,47.88
2016-06-28,48.53
2016-06-29,50.54
2016-06-30,50.04
2016-07-01,49.8
2016-07-04,50.11
2016-07-05,48.0
2016-07-06,47.89
2016-07-07,47.61
2016-07-08,46.67
2016-07-11,46.69
2016-07-12,48.06
2016-07-13,46.34
2016-07-14,47.19
2016-07-15,47.66
2016-07-18,46.94
2016-07-19,46.97
2016-07-20,47.01
2016-07-21,46.64
2016-07-22,45.38
2016-07-25,44.81
2016-07-26,45.13
2016-07-27,44.27
2016-07-28,43.38
2016-07-29,43.59
2016-08-01,42.67
2016-08-02,42.04
2016-08-03,42.99
2016-08-04,43.86
2016-08-05,44.14
2016-08-08,45.7
2016-08-09,45.62
2016-08-10,44.6
2016-08-11,45.97
2016-08-12,46.96
2016-08-15,48.26
2016-08-16,49.04
2016-08-17,49.54
2016-08-18,51.0
2016-08-19,50.78
2016-08-22,49.75
2016-08-23,50.19
2016-08-24,49.12
2016-08-25,49.66
2016-08-26,50.02
2016-08-29,49.6
2016-08-30,49.2
2016-08-31,47.61
2016-09-01,46.11
2016-09-02,47.19
2016-09-05,47.78
2016-09-06,47.23
2016-09-07,48.22
2016-09-08,50.04
2016-09-09,49.14
2016-09-12,48.9
2016-09-13,47.65
2016-09-14,46.65
2016-09-15,47.04
2016-09-16,46.55
2016-09-19,47.13
2016-09-20,46.5
2016-09-21,47.29
2016-09-22,48.13
2016-09-23,48.08
2016-09-26,47.91
2016-09-27,46.4
2016-09-28,46.8
2016-09-29,50.06
2016-09-30,50.0
2016-10-03,50.5
2016-10-04,51.11
2016-10-05,51.75
2016-10-06,52.39
2016-10-07,52.55
2016-10-10,53.71
2016-10-11,52.91
2016-10-12,52.51
2016-10-13,52.67
2016-10-14,52.35
2016-10-17,52.13
2016-10-18,52.18
2016-10-19,53.64
2016-10-20,52.25
2016-10-21,52.56
2016-10-24,52.19
2016-10-25,51.84
2016-10-26,51.26
2016-10-27,51.69
2016-10-28,51.09
2016-10-31,49.21
2016-11-01,48.81
2016-11-02,47.45
2016-11-03,47.46
2016-11-07,46.56
2016-11-08,47.1
2016-11-09,46.78
2016-11-10,47.08
2016-11-11,45.9
2016-11-14,45.12
2016-11-15,47.01
2016-11-16,48.35
2016-11-17,47.93
2016-11-18,47.21
2016-11-21,49.6
2016-11-22,50.13
2016-11-23,50.32
2016-11-24,50.09
2016-11-25,48.85
2016-11-28,49.26
2016-11-29,47.45
2016-11-30,50.85
2016-12-01,53.65
2016-12-02,54.29
2016-12-05,54.93
2016-12-06,53.78
2016-12-07,53.16
2016-12-08,53.86
2016-12-09,55.03
2016-12-12,56.9
2016-12-13,56.07
2016-12-14,56.1
2016-12-15,54.31
2016-12-16,55.5
2016-12-19,55.69
2016-12-20,56.38
2016-12-21,55.72
2016-12-22,55.93
2016-12-23,55.59
2016-12-26,55.85
2016-12-27,56.54
2016-12-28,57.1
2016-12-29,57.14
2016-12-30,56.62
2017-01-03,57.73
2017-01-04,55.59
2017-01-05,57.06
2017-01-06,56.61
2017-01-09,55.65
2017-01-10,55.06
2017-01-11,55.22
2017-01-12,56.68
2017-01-13,56.14
2017-01-16,55.8
2017-01-17,56.24
2017-01-18,54.92
2017-01-19,55.12
2017-01-20,56.21
2017-01-23,55.25
2017-01-24,55.98
2017-01-25,55.95
2017-01-26,56.62
2017-01-27,55.74
2017-01-30,55.21
2017-01-31,56.35
2017-02-01,56.11
2017-02-02,56.57
2017-02-03,57.16
2017-02-06,56.07
2017-02-07,55.06
2017-02-08,55.11
2017-02-09,55.94
2017-02-10,57.05
2017-02-13,56.09
2017-02-14,56.51
2017-02-15,56.06
2017-02-16,55.74
2017-02-17,55.75
2017-02-20,56.43
2017-02-21,56.78
2017-02-22,56.02
2017-02-24,56.48
2017-02-27,56.66
2017-02-28,55.88
2017-03-01,56.72
2017-03-02,55.42
2017-03-03,55.5
2017-03-06,56.07
2017-03-07,56.04
2017-03-09,52.16
2017-03-10,51.72
2017-03-13,51.54
2017-03-14,51.02
2017-03-15,51.77
2017-03-16,51.98
2017-03-17,51.85
2017-03-20,51.65
2017-03-21,51.32
2017-03-22,50.78
2017-03-23,50.76
2017-03-24,50.78
2017-03-27,50.9
2017-03-28,51.78
2017-03-29,52.32
2017-03-30,53.19
2017-03-31,53.1
2017-04-03,53.18
2017-04-04,53.95
2017-04-05,54.37
2017-04-06,54.7
2017-04-07,55.45
2017-04-10,56.13
2017-04-11,56.01
2017-04-12,56.45
2017-04-13,56.15
2017-04-14,57.05
2017-04-17,56.7
2017-04-18,56.18
2017-04-19,56.5
2017-04-20,54.7
2017-04-21,52.9
2017-04-24,53.6
2017-04-25,53.3
2017-04-26,53.35
2017-04-27,53.0
2017-04-28,54.62
2017-05-02,53.75
2017-05-03,53.0
2017-05-04,51.73
2017-05-05,51.5
2017-05-10,50.87
2017-05-11,52.22
2017-05-12,52.3
2017-05-15,53.09
2017-05-16,53.09
2017-05-17,53.8
2017-05-18,53.38
2017-05-19,54.5
2017-05-22,54.66
2017-05-23,56.0
2017-05-24,56.77
2017-05-25,55.7
2017-05-26,53.2
2017-05-29,54.55
2017-05-30,54.09
2017-05-31,52.38
2017-06-01,53.0
2017-06-02,52.0
2017-06-05,51.65
2017-06-06,50.93
2017-06-07,51.0
2017-06-08,50.75
2017-06-09,49.98
2017-06-13,50.0
2017-06-14,50.0
2017-06-15,49.6
2017-06-16,48.88
2017-06-19,48.88
2017-06-20,49.19
2017-06-21,48.29
2017-06-22,48.6
2017-06-23,48.06
2017-06-26,48.04
2017-06-27,49.32
2017-06-28,50.05
2017-06-29,50.6
2017-06-30,50.2
2017-07-03,50.8
2017-07-04,52.0
2017-07-05,51.5
2017-07-06,50.89
2017-07-07,48.97
2017-07-10,48.97
2017-07-11,48.54
2017-07-12,50.0
2017-07-13,50.4
2017-07-14,52.42
2017-07-17,51.28
2017-07-18,51.28
2017-07-19,51.89
2017-07-20,52.02
2017-07-21,51.39
2017-07-24,50.7
2017-07-25,51.63
2017-07-26,53.29
2017-07-27,53.0
2017-07-28,53.52
2017-07-31,54.3
2017-08-01,53.46
2017-08-02,53.97
2017-08-03,54.08
2017-08-04,53.1
2017-08-07,53.9
2017-08-08,53.99
2017-08-09,53.36
2017-08-10,53.58
2017-08-11,53.19
2017-08-14,53.36
2017-08-15,51.55
2017-08-16,52.2
2017-08-17,52.36
2017-08-18,51.1
2017-08-21,52.61
2017-08-22,52.03
2017-08-23,52.28
2017-08-24,52.35
2017-08-25,53.35
2017-08-28,51.86
2017-08-29,51.05
2017-08-30,52.0
2017-08-31,51.8
2017-09-01,53.1
2017-09-04,52.82
2017-09-05,53.47
2017-09-06,54.49
2017-09-07,54.2
2017-09-08,54.2
2017-09-11,53.2
2017-09-12,53.8
2017-09-13,55.14
2017-09-14,54.45
2017-09-15,54.45
2017-09-18,55.63
2017-09-19,55.18
2017-09-20,55.28
2017-09-21,54.98
2017-09-22,55.55
2017-09-25,56.72
2017-09-26,56.83
2017-09-27,57.8
2017-09-28,57.47
2017-09-29,56.48
2017-10-02,55.3
2017-10-03,55.69
2017-10-04,54.92
2017-10-05,55.83
2017-10-06,55.18
2017-10-09,55.53
2017-10-10,56.23
2017-10-11,55.8
2017-10-12,55.39
2017-10-13,55.85
2017-10-16,56.2
2017-10-17,56.62
2017-10-18,57.65
2017-10-19,57.56
2017-10-20,56.95
2017-10-23,57.03
2017-10-24,56.52
2017-10-25,56.92
2017-10-26,57.77
2017-10-27,58.64
2017-10-30,60.04
2017-10-31,59.36
2017-11-01,59.98
2017-11-02,60.05
2017-11-03,59.8
2017-11-07,62.2
2017-11-08,62.4
2017-11-09,62.87
2017-11-10,63.11
2017-11-13,62.62
2017-11-14,61.99
2017-11-15,61.0
2017-11-16,60.6
2017-11-17,60.83
2017-11-20,60.9
2017-11-21,61.61
2017-11-22,61.91
2017-11-23,63.19
2017-11-24,62.86
2017-11-27,62.3
2017-11-28,62.34
2017-11-29,61.71
2017-11-30,62.5
2017-12-01,61.64
2017-12-04,61.5
2017-12-05,61.05
2017-12-06,61.54
2017-12-07,60.93
2017-12-08,62.1
2017-12-11,61.77
2017-12-12,62.61
2017-12-13,61.2
2017-12-14,61.2
2017-12-15,61.35
2017-12-18,61.53
2017-12-19,62.24
2017-12-20,62.7
2017-12-21,62.4
2017-12-22,62.86
2017-12-25,62.45
2017-12-26,62.96
2017-12-27,64.6
2017-12-28,62.25
2017-12-29,65.83
2018-01-03,66.6
2018-01-04,65.6
2018-01-05,65.5
2018-01-09,66.0
2018-01-10,67.0
2018-01-11,63.61
2018-01-12,67.52
2018-01-15,68.45
2018-01-16,67.8
2018-01-17,68.0
2018-01-18,67.47
2018-01-19,65.68
2018-01-22,66.21
2018-01-23,66.08
2018-01-24,66.81
2018-01-25,67.18
2018-01-26,67.65
2018-01-29,67.65
2018-01-30,65.91
2018-01-31,66.17
2018-02-01,66.75
2018-02-02,65.04
2018-02-05,64.49
2018-02-06,64.24
2018-02-07,64.24
2018-02-08,63.15
2018-02-09,60.65
2018-02-12,61.0
2018-02-13,59.5
2018-02-14,59.9
2018-02-15,60.6
2018-02-16,61.71
2018-02-19,61.16
2018-02-20,62.65
2018-02-21,61.56
2018-02-22,62.8
2018-02-26,64.3
2018-02-27,64.77
2018-02-28,63.67
2018-03-01,61.26
2018-03-02,60.56
2018-03-05,62.4
2018-03-06,62.4
2018-03-07,62.5
2018-03-09,62.0
2018-03-12,63.26
2018-03-13,62.25
2018-03-14,61.9
2018-03-15,62.05
2018-03-16,63.51
2018-03-19,64.0
2018-03-20,63.71
2018-03-21,64.4
2018-03-22,65.78
2018-03-23,65.3
2018-03-26,66.85
2018-03-27,66.5
2018-03-28,66.76
2018-03-29,63.08
2018-03-30,65.5
2018-04-02,66.7
2018-04-03,64.67
2018-04-04,64.5
2018-04-05,64.64
2018-04-06,65.0
2018-04-09,65.5
2018-04-10,66.99
2018-04-11,67.7
2018-04-12,67.01
2018-04-13,66.72
2018-04-16,68.0
2018-04-17,67.01
2018-04-18,67.75
2018-04-19,70.15
2018-04-20,69.67
2018-04-23,69.67
2018-04-24,70.22
2018-04-25,68.84
2018-04-26,73.0
2018-04-27,69.1
2018-04-28,69.16
2018-04-30,70.01
2018-05-02,69.01
2018-05-03,67.43
2018-05-04,69.5
2018-05-07,70.99
2018-05-08,70.48
2018-05-10,72.08
2018-05-11,73.41
2018-05-14,73.7
2018-05-15,74.1
2018-05-16,73.54
2018-05-17,74.41
2018-05-18,75.0
2018-05-21,75.0
2018-05-22,76.38
2018-05-23,75.1
2018-05-24,76.37
2018-05-25,74.35
2018-05-28,72.01
2018-05-29,73.09
2018-05-30,73.5
2018-05-31,73.99
2018-06-01,73.62
2018-06-04,72.93
2018-06-05,72.11
2018-06-06,72.5
2018-06-07,73.99
2018-06-08,74.99
2018-06-09,76.47
2018-06-11,73.54
2018-06-13,72.31
2018-06-14,73.4
2018-06-15,71.3
2018-06-18,70.95
2018-06-19,70.94
2018-06-20,72.0
2018-06-21,71.15
2018-06-22,72.34
2018-06-25,72.73
2018-06-26,68.24
2018-06-27,74.99
2018-06-28,76.12
2018-06-29,75.92
2018-07-02,75.84
2018-07-03,73.66
2018-07-04,75.5
2018-07-05,74.3
2018-07-06,74.45
2018-07-09,75.69
2018-07-10,74.06
2018-07-11,75.84
2018-07-12,73.01
2018-07-13,74.64
2018-07-16,72.01
2018-07-17,71.9
2018-07-18,72.6
2018-07-19,72.0
2018-07-20,72.0
2018-07-23,72.29
2018-07-24,72.83
2018-07-25,73.89
2018-07-26,76.6
2018-07-27,74.71
2018-07-30,73.16
2018-07-31,74.23
2018-08-01,73.63
2018-08-02,74.05
2018-08-03,73.3
2018-08-06,74.0
2018-08-07,73.75
2018-08-08,72.41
2018-08-09,72.05
2018-08-10,72.09
2018-08-13,72.89
2018-08-14,72.41
2018-08-15,71.12
2018-08-16,70.6
2018-08-17,71.88
2018-08-20,72.13
2018-08-21,72.66
2018-08-22,73.99
2018-08-23,75.0
2018-08-24,77.0
2018-08-27,76.1
2018-08-28,75.8
2018-08-29,75.37
2018-08-30,79.9
2018-08-31,77.0
2018-09-03,78.36
2018-09-04,79.0
2018-09-05,77.99
2018-09-06,77.0
2018-09-07,76.27
2018-09-10,77.0
2018-09-11,77.0
2018-09-12,78.6
2018-09-13,76.0
2018-09-14,77.06
2018-09-17,75.45
2018-09-18,77.01
2018-09-19,77.18
2018-09-20,75.51
2018-09-21,78.69
2018-09-24,76.9
2018-09-25,80.35
2018-09-26,80.0
2018-09-27,77.44
2018-09-28,79.2
2018-10-01,81.5
2018-10-02,80.37
2018-10-03,81.6
2018-10-04,84.11
2018-10-05,81.14
2018-10-08,80.8
2018-10-09,82.0
2018-10-10,82.9
2018-10-11,79.5
2018-10-12,77.31
2018-10-15,80.55
2018-10-16,79.25
2018-10-17,77.92
2018-10-18,77.9
2018-10-19,78.84
2018-10-22,78.23
2018-10-23,76.08
2018-10-24,75.75
2018-10-25,76.08
2018-10-26,75.84
2018-10-29,76.08
2018-10-30,74.5
2018-10-31,75.61
2018-11-01,72.51
2018-11-02,72.96
2018-11-06,72.49
2018-11-07,70.8
2018-11-08,71.41
2018-11-09,70.56
2018-11-12,72.05
2018-11-13,69.99
2018-11-14,66.98
2018-11-15,67.58
2018-11-16,68.31
2018-11-19,66.71
2018-11-20,65.68
2018-11-21,65.64
2018-11-22,64.02
2018-11-23,62.3
2018-11-26,61.0
2018-11-27,61.0
2018-11-28,62.95
2018-11-29,60.8
2018-11-30,59.5
2018-12-03,63.34
2018-12-04,64.99
2018-12-05,63.64
2018-12-06,60.34
2018-12-07,62.43
2018-12-10,63.4
2018-12-11,61.1
2018-12-12,61.46
2018-12-13,61.35
2018-12-14,61.05
2018-12-17,62.59
2018-12-18,59.99
2018-12-19,57.52
2018-12-20,55.01
2018-12-21,57.0
2018-12-24,54.42
2018-12-25,53.06
2018-12-26,53.65
2018-12-27,57.23
2018-12-28,54.52
2018-12-29,55.08
2019-01-03,58.53
2019-01-04,60.16
2019-01-08,59.9
2019-01-09,61.98
2019-01-10,63.05
2019-01-11,65.39
2019-01-14,61.71
2019-01-15,61.61
2019-01-16,61.86
2019-01-17,63.0
2019-01-18,62.72
2019-01-21,63.94
2019-01-22,61.86
2019-01-23,63.36
2019-01-24,61.5
2019-01-25,62.33
2019-01-28,61.5
2019-01-29,61.0
2019-01-30,61.8
2019-01-31,63.08
2019-02-01,62.16
2019-02-04,64.27
2019-02-05,63.05
2019-02-06,61.56
2019-02-07,64.43
2019-02-08,62.9
2019-02-11,61.63
2019-02-12,63.0
2019-02-13,63.48
2019-02-14,64.8
2019-02-15,66.15
2019-02-18,65.56
2019-02-19,66.58
2019-02-20,65.65
2019-02-21,66.9
2019-02-22,68.62
2019-02-25,65.32
2019-02-26,63.25
2019-02-27,65.98
2019-02-28,67.95
2019-03-01,65.32
2019-03-04,65.34
2019-03-05,65.86
2019-03-06,65.35
2019-03-07,65.95
2019-03-11,64.55
2019-03-12,65.84
2019-03-13,68.44
2019-03-14,67.45
2019-03-15,66.39
2019-03-18,67.46
2019-03-19,68.3
2019-03-20,67.5
2019-03-21,67.68
2019-03-22,66.2
2019-03-25,65.01
2019-03-26,67.05
2019-03-27,66.43
2019-03-28,65.5
2019-03-29,65.9
2019-04-01,67.57
2019-04-02,67.75
2019-04-03,65.85
2019-04-04,66.68
2019-04-05,68.03
2019-04-08,68.37
2019-04-09,68.81
2019-04-10,68.8
2019-04-11,68.95
2019-04-12,68.0
2019-04-15,69.76
2019-04-16,69.25
2019-04-17,69.92
2019-04-18,69.68
2019-04-19,69.65
2019-04-22,71.0
2019-04-23,71.0
2019-04-24,71.0
2019-04-25,70.95
2019-04-26,69.45
2019-04-29,69.15
2019-04-30,69.47
2019-05-02,67.0
2019-05-03,67.6
2019-05-06,66.3
2019-05-07,67.29
2019-05-08,67.0
2019-05-10,67.81
2019-05-13,67.08
2019-05-14,67.25
2019-05-15,68.64
2019-05-16,68.68
2019-05-17,69.6
2019-05-20,69.17
2019-05-21,69.18
2019-05-22,67.81
2019-05-23,64.72
2019-05-24,63.81
2019-05-27,65.42
2019-05-28,65.46
2019-05-29,68.92
2019-05-30,64.36
2019-05-31,63.74
2019-06-03,60.33
2019-06-04,60.01
2019-06-05,58.02
2019-06-06,60.22
2019-06-07,59.52
2019-06-10,60.71
2019-06-11,60.14
2019-06-13,60.0
2019-06-14,59.95
2019-06-17,60.5
2019-06-18,62.13
2019-06-19,61.73
2019-06-20,61.97
2019-06-21,63.0
2019-06-24,63.23
2019-06-25,63.04
2019-06-26,64.18
2019-06-27,66.0
2019-06-28,64.34
2019-07-01,66.55
2019-07-02,63.59
2019-07-03,62.65
2019-07-04,62.3
2019-07-05,62.34
2019-07-08,63.06
2019-07-09,63.01
2019-07-10,63.27
2019-07-11,64.48
2019-07-12,64.25
2019-07-15,64.67
2019-07-16,64.5
2019-07-17,63.59
2019-07-18,61.2
2019-07-19,62.15
2019-07-22,62.5
2019-07-23,61.61
2019-07-24,62.47
2019-07-25,63.15
2019-07-26,63.05
2019-07-29,61.9
2019-07-30,62.78
2019-07-31,61.91
2019-08-01,62.2
2019-08-02,61.13
2019-08-05,59.12
2019-08-06,58.55
2019-08-07,56.9
2019-08-08,56.98
2019-08-09,57.33
2019-08-12,56.1
2019-08-13,59.0
2019-08-14,58.87
2019-08-15,56.75
2019-08-16,57.01
2019-08-19,59.5
2019-08-20,58.0
2019-08-21,58.01
2019-08-22,59.08
2019-08-23,57.22
2019-08-26,57.38
2019-08-27,56.92
2019-08-28,58.36
2019-08-29,58.44
2019-08-30,58.51
2019-09-02,57.89
2019-09-03,56.32
2019-09-04,58.17
2019-09-05,58.7
2019-09-06,58.73
2019-09-09,59.15
2019-09-10,59.94
2019-09-11,61.04
2019-09-12,57.75
2019-09-13,58.59
2019-09-16,63.5
2019-09-17,60.0
2019-09-18,59.19
2019-09-19,58.36
2019-09-20,61.59
2019-09-23,59.65
2019-09-24,60.1
2019-09-25,58.85
2019-09-26,59.63
2019-09-27,59.13
2019-09-30,56.79
2019-10-01,58.39
2019-10-02,57.3
2019-10-03,57.14
2019-10-04,57.0
2019-10-07,56.02
2019-10-08,56.5
2019-10-09,55.1
2019-10-10,57.0
2019-10-11,58.2
2019-10-14,57.25
2019-10-15,57.59
2019-10-16,57.57
2019-10-17,57.17
2019-10-18,56.8
2019-10-21,55.76
2019-10-22,57.5
2019-10-23,57.9
2019-10-24,59.0
2019-10-25,58.88
2019-10-28,59.54
2019-10-29,59.27
2019-10-30,58.26
2019-10-31,57.04
2019-11-01,57.29
2019-11-05,59.7
2019-11-06,59.75
2019-11-07,60.35
2019-11-08,58.0
2019-11-11,60.0
2019-11-12,59.52
2019-11-13,58.59
2019-11-14,59.61
2019-11-15,60.0
2019-11-18,59.76
2019-11-19,58.5
2019-11-20,57.5
2019-11-21,59.69
2019-11-22,60.05
2019-11-25,59.63
2019-11-26,59.89
2019-11-27,60.35
2019-11-28,60.3
2019-11-29,59.9
2019-12-02,58.83
2019-12-03,57.36
2019-12-04,58.92
2019-12-05,59.7
2019-12-06,60.21
2019-12-09,59.0
2019-12-10,59.41
2019-12-11,59.32
2019-12-12,59.34
2019-12-13,59.5
2019-12-16,61.59
2019-12-17,60.85
2019-12-18,61.32
2019-12-19,61.45
2019-12-20,62.19
2019-12-23,61.16
2019-12-24,61.86
2019-12-25,62.68
2019-12-26,62.2
2019-12-27,63.25
2019-12-30,62.5
2020-01-03,63.77
2020-01-06,65.27
2020-01-08,64.2
2020-01-09,61.22
2020-01-10,60.99
2020-01-13,60.6
2020-01-14,60.6
2020-01-15,60.5
2020-01-16,61.0
2020-01-17,61.49
2020-01-20,61.79
2020-01-21,60.38
2020-01-22,59.72
2020-01-23,59.3
2020-01-24,58.5
2020-01-27,56.19
2020-01-28,57.15
2020-01-29,56.74
2020-01-30,56.44
2020-01-31,56.3
2020-02-03,56.0
2020-02-04,55.04
2020-02-05,56.22
2020-02-06,56.6
2020-02-07,56.36
2020-02-10,55.64
2020-02-11,56.92
2020-02-12,57.46
2020-02-13,56.99
2020-02-14,59.06
2020-02-17,58.11
2020-02-18,57.2
2020-02-19,58.19
2020-02-20,58.6
2020-02-21,59.0
2020-02-25,58.11
2020-02-26,56.55
2020-02-27,53.5
2020-02-28,51.03
2020-03-02,55.52
2020-03-03,53.54
2020-03-04,55.55
2020-03-05,51.65
2020-03-06,51.19
2020-03-10,39.12
2020-03-11,41.2
2020-03-12,42.72
2020-03-13,42.75
2020-03-16,39.57
2020-03-17,39.11
2020-03-18,35.4
2020-03-19,37.0
2020-03-20,36.75
2020-03-23,38.0
2020-03-24,38.98
2020-03-25,38.0
2020-03-26,38.69
2020-03-27,38.7
2020-03-30,37.0
2020-03-31,40.51
2020-04-01,37.98
2020-04-02,39.99
2020-04-03,38.36
2020-04-06,38.45
2020-04-07,39.4
2020-04-08,39.25
2020-04-09,40.57
2020-04-10,39.65
2020-04-13,40.41
2020-04-14,41.42
2020-04-15,38.55
2020-04-16,38.88
2020-04-17,39.0
2020-04-20,40.28
2020-04-21,37.72
2020-04-22,37.12
2020-04-23,37.5
2020-04-24,35.17
2020-04-27,36.5
2020-04-28,33.99
2020-04-29,36.9
2020-04-30,37.15
2020-05-04,35.84
2020-05-05,36.45
2020-05-06,35.65
2020-05-07,37.0
2020-05-08,38.4
2020-05-12,35.81
2020-05-13,36.5
2020-05-14,34.9
2020-05-15,36.06
2020-05-18,40.0
2020-05-19,38.3
2020-05-20,38.83
2020-05-21,38.69
2020-05-22,38.3
2020-05-25,39.84
2020-05-26,39.31
2020-05-27,38.3
2020-05-28,38.84
2020-05-29,39.34
2020-06-01,40.25
2020-06-02,41.75
2020-06-03,41.55
2020-06-04,43.0
2020-06-05,43.34
2020-06-08,45.0
2020-06-09,43.5
2020-06-10,44.0
2020-06-11,41.3
2020-06-15,41.77
2020-06-16,42.4
2020-06-17,43.1
2020-06-18,43.0
2020-06-19,43.4
2020-06-22,43.95
2020-06-23,44.1
2020-06-25,42.34
2020-06-26,41.72
2020-06-29,44.0
2020-06-30,45.0
2020-07-02,44.0
2020-07-03,44.5
2020-07-06,44.3
2020-07-07,44.48
2020-07-08,45.0
2020-07-09,44.31
2020-07-10,44.34
2020-07-13,44.47
2020-07-14,44.65
2020-07-15,44.7
2020-07-16,46.2
2020-07-17,44.55
2020-07-20,45.93
2020-07-21,46.01
2020-07-22,45.77
2020-07-23,46.97
2020-07-24,45.94
2020-07-27,46.55
2020-07-28,46.79
2020-07-29,47.9
2020-07-30,44.5
2020-07-31,45.4
2020-08-03,46.7
2020-08-04,47.11
2020-08-05,47.85
2020-08-06,47.66
2020-08-07,47.15
2020-08-10,47.12
2020-08-11,48.9
2020-08-12,49.0
2020-08-13,49.3
2020-08-14,48.75
2020-08-17,47.8
2020-08-18,48.75
2020-08-19,48.0
2020-08-20,48.4
2020-08-21,47.0
2020-08-24,47.9
2020-08-25,48.79
2020-08-26,49.68
2020-08-27,47.55
2020-08-28,48.2
2020-08-31,47.95
2020-09-01,48.78
2020-09-02,48.75
2020-09-03,47.5
2020-09-04,46.0
2020-09-07,45.8
2020-09-08,45.0
2020-09-09,43.96
2020-09-10,45.79
2020-09-15,45.1
2020-09-16,45.34
2020-09-17,46.22
2020-09-18,45.98
2020-09-21,44.35
2020-09-22,44.91
2020-09-23,44.5
2020-09-24,45.34
2020-09-25,44.81
2020-09-28,45.09
2020-09-29,45.0
2020-09-30,44.28
2020-10-01,43.7
2020-10-02,42.45
2020-10-05,44.1
2020-10-06,45.84
2020-10-07,44.63
2020-10-08,45.34
2020-10-09,45.84
2020-10-12,44.81
2020-10-13,44.6
2020-10-14,45.0
2020-10-15,44.31
2020-10-16,44.79
2020-10-19,44.79
2020-10-20,46.04
2020-10-21,44.35
2020-10-22,45.0
2020-10-23,44.82
2020-10-26,43.77
2020-10-27,45.88
2020-10-28,42.52
2020-10-29,40.75
2020-10-30,42.2
2020-11-02,41.8
2020-11-03,42.93
2020-11-05,44.0
2020-11-06,42.92
2020-11-09,44.9
2020-11-10,44.8
2020-11-11,46.2
2020-11-12,46.02
2020-11-13,45.5
2020-11-16,45.77
2020-11-17,45.0
2020-11-18,46.24
2020-11-19,46.5
2020-11-20,45.83
2020-11-23,47.4
2020-11-24,47.44
2020-11-25,47.98
2020-11-26,48.26
2020-11-27,48.4
2020-11-30,47.69
2020-12-01,47.7
2020-12-02,47.88
2020-12-03,48.16
2020-12-04,48.69
2020-12-07,48.32
2020-12-08,48.77
2020-12-09,49.64
2020-12-10,50.0
2020-12-11,49.7
2020-12-14,49.41
2020-12-15,50.19
2020-12-16,50.7
2020-12-17,51.0
2020-12-18,51.69
2020-12-21,50.8
2020-12-22,51.0
2020-12-23,50.9
2020-12-24,50.8
2020-12-25,51.13
2020-12-28,51.34
2020-12-29,51.02
2020-12-30,51.02
2021-01-04,50.5
2021-01-05,50.9
2021-01-06,52.59
2021-01-08,53.68
2021-01-11,53.6
2021-01-12,54.12
2021-01-13,54.8
2021-01-14,54.49
2021-01-15,54.13
2021-01-18,54.0
2021-01-19,54.2
2021-01-20,54.8
2021-01-21,54.2
2021-01-22,53.5
2021-01-25,54.68
2021-01-26,54.0
2021-01-27,53.12
2021-01-28,53.7
2021-01-29,53.47
2021-02-01,53.89
2021-02-02,54.57
2021-02-03,55.0
2021-02-04,56.69
2021-02-05,56.18
2021-02-08,57.7
2021-02-09,57.97
2021-02-10,57.96
2021-02-11,58.0
2021-02-12,57.9
2021-02-15,58.89
2021-02-16,58.25
2021-02-17,59.5
2021-02-18,59.9
2021-02-19,58.95
2021-02-20,58.3
2021-02-22,59.5
2021-02-24,62.0
2021-02-25,62.79
2021-02-26,60.2
2021-03-01,60.19
2021-03-02,59.86
2021-03-03,60.01
2021-03-04,61.47
2021-03-05,63.27
2021-03-09,63.52
2021-03-10,64.3
2021-03-11,63.3
2021-03-12,64.98
2021-03-15,64.1
2021-03-16,62.46
2021-03-17,64.59
2021-03-18,62.5
2021-03-19,61.37
2021-03-22,62.4
2021-03-23,60.17
2021-03-24,61.5
2021-03-25,59.4
2021-03-26,61.01
2021-03-29,60.51
2021-03-30,61.99
2021-03-31,60.3
2021-04-01,61.1
2021-04-02,62.0
2021-04-05,60.7
2021-04-06,61.44
2021-04-07,60.37
2021-04-08,60.7
2021-04-09,60.3
2021-04-12,61.5
2021-04-13,61.6
2021-04-14,64.0
2021-04-15,63.57
2021-04-16,63.3
2021-04-19,63.52
2021-04-20,61.57
2021-04-21,61.98
2021-04-22,61.79
2021-04-23,61.42
2021-04-26,61.79
2021-04-27,61.51
2021-04-28,63.82
2021-04-29,62.62
2021-04-30,64.08
2021-05-04,64.68
2021-05-05,66.83
2021-05-06,65.0
2021-05-07,65.34
2021-05-10,64.37
2021-05-11,65.47
2021-05-12,66.8
2021-05-13,64.64
2021-05-14,64.6
2021-05-17,66.32
2021-05-18,66.39
2021-05-19,63.7
2021-05-20,62.8
2021-05-21,64.05
2021-05-24,64.49
2021-05-25,65.55
2021-05-26,65.13
2021-05-27,66.0
2021-05-28,65.93
2021-05-31,64.3
2021-06-01,67.35
2021-06-02,67.58
2021-06-03,68.0
2021-06-04,68.3
2021-06-07,67.61
2021-06-08,68.3
2021-06-09,69.32
2021-06-10,68.48
2021-06-11,68.37
2021-06-14,68.84
2021-06-15,69.43
2021-06-16,69.6
2021-06-17,68.51
2021-06-18,68.0
2021-06-21,69.0
2021-06-22,70.16
2021-06-23,70.12
2021-06-24,70.43
2021-06-25,70.4
2021-06-28,70.0
2021-06-29,69.4
2021-06-30,69.69
2021-07-01,70.15
2021-07-02,70.4
2021-07-05,71.15
2021-07-06,68.2
2021-07-07,67.9
2021-07-08,67.29
2021-07-09,68.38
2021-07-12,69.58
2021-07-13,69.72
2021-07-14,70.05
2021-07-15,69.08
2021-07-16,69.3
2021-07-19,65.73
2021-07-20,64.92
2021-07-21,66.2
2021-07-22,67.3
2021-07-23,68.7
2021-07-26,68.0
2021-07-27,68.38
2021-07-28,68.09
2021-07-29,69.0
2021-07-30,68.8
2021-08-02,69.07
2021-08-03,66.85
2021-08-04,65.35
2021-08-05,67.0
2021-08-06,68.58
2021-08-09,64.91
2021-08-10,67.4
2021-08-11,66.92
2021-08-12,67.43
2021-08-13,67.9
2021-08-16,65.83
2021-08-17,67.0
2021-08-18,66.5
2021-08-19,63.3
2021-08-20,63.0
2021-08-23,64.9
2021-08-24,66.02
2021-08-25,67.65
2021-08-26,66.0
2021-08-27,67.16
2021-08-30,67.51
2021-08-31,68.77
2021-09-01,67.3
2021-09-02,69.0
2021-09-03,67.38
2021-09-06,68.5
2021-09-07,68.45
2021-09-08,68.1
2021-09-09,69.1
2021-09-10,68.85
2021-09-13,69.35
2021-09-14,69.4
2021-09-15,70.97
2021-09-16,69.65
2021-09-17,70.31
2021-09-20,68.97
2021-09-21,69.15
2021-09-22,70.35
2021-09-23,71.34
2021-09-24,71.31
2021-09-27,73.6
2021-09-28,72.99
2021-09-29,72.5
2021-09-30,74.05
2021-10-01,73.39
2021-10-04,76.4
2021-10-05,76.65
2021-10-06,76.36
2021-10-07,76.64
2021-10-08,78.03
2021-10-11,78.99
2021-10-12,77.13
2021-10-13,77.27
2021-10-14,77.97
2021-10-15,78.0
2021-10-18,78.87
2021-10-19,78.75
2021-10-20,78.2
2021-10-21,77.91
2021-10-22,79.99
2021-10-25,79.5
2021-10-26,79.59
2021-10-27,78.43
2021-10-28,76.3
2021-10-29,77.25
2021-11-01,76.92
2021-11-02,76.55
2021-11-03,75.45
2021-11-05,75.28
2021-11-08,78.05
2021-11-09,77.5
2021-11-10,77.72
2021-11-11,75.0
2021-11-12,75.37
2021-11-15,75.46
2021-11-16,76.9
2021-11-17,75.5
2021-11-18,73.82
2021-11-19,74.25
2021-11-22,73.66
2021-11-23,75.54
2021-11-24,76.01
2021-11-25,76.46
2021-11-26,71.02
2021-11-29,70.5
2021-11-30,68.65
2021-12-01,68.5
2021-12-02,67.0
2021-12-03,68.51
2021-12-06,69.0
2021-12-07,71.0
2021-12-08,71.57
2021-12-09,71.45
2021-12-10,71.5
2021-12-13,73.23
2021-12-14,69.08
2021-12-15,70.44
2021-12-16,70.1
2021-12-17,70.9
2021-12-20,68.35
2021-12-21,71.48
2021-12-22,70.36
2021-12-23,72.22
2021-12-24,72.8
2021-12-27,74.39
2021-12-28,74.44
2021-12-29,73.97
2021-12-30,74.38
2022-01-03,74.31
2022-01-04,75.54
2022-01-05,76.3
2022-01-06,76.5
2022-01-07,77.84
2022-01-10,76.83
2022-01-11,77.5
2022-01-12,77.99
2022-01-13,80.0
2022-01-14,80.4
2022-01-17,79.75
2022-01-18,81.25
2022-01-19,81.96
2022-01-20,81.27
2022-01-21,80.07
2022-01-24,79.09
2022-01-25,80.07
2022-01-26,81.39
2022-01-27,80.3
2022-01-28,81.0
2022-01-31,82.28
2022-02-01,80.7
2022-02-02,82.83
2022-02-03,81.62
2022-02-04,83.0
2022-02-07,82.89
2022-02-08,82.0
2022-02-09,82.99
2022-02-10,83.36
2022-02-11,83.45
2022-02-14,84.9
2022-02-15,83.0
2022-02-16,84.46
2022-02-17,83.91
2022-02-18,81.86
2022-02-21,83.25
2022-02-22,85.0
2022-02-23,86.18
2022-02-24,89.75
2022-02-25,84.76
2022-02-28,84.98
2022-03-01,82.5
2022-03-02,90.0
2022-03-03,92.0
2022-03-04,98.9
2022-03-09,111.89
2022-03-10,100.0
2022-03-11,97.25
2022-03-14,97.9
2022-03-15,92.2
2022-03-16,92.46
2022-03-17,93.64
2022-03-18,92.96
2022-03-21,99.0
2022-03-22,101.0
2022-03-23,103.52
2022-03-24,103.63
2022-03-25,100.0
2022-03-28,97.31
2022-03-29,94.01
2022-03-30,97.99
2022-03-31,93.0
2022-04-01,91.99
2022-04-04,95.39
2022-04-05,98.7
2022-04-06,96.8
2022-04-07,93.0
2022-04-08,93.07
2022-04-11,93.33
2022-04-12,97.0
2022-04-13,97.93
2022-04-14,96.67
2022-04-15,101.5
2022-04-18,99.0
2022-04-19,101.0
2022-04-20,97.75
2022-04-21,102.0
2022-04-22,102.48
2022-04-25,97.75
2022-04-26,99.3
2022-04-27,97.99
2022-04-28,100.0
2022-04-29,101.78
2022-05-04,103.0
2022-05-05,105.0
2022-05-06,108.71
2022-05-11,101.7
2022-05-12,103.38
2022-05-13,103.88
2022-05-16,105.0
2022-05-17,106.5
2022-05-18,102.26
2022-05-19,101.19
2022-05-20,103.99
2022-05-23,106.0
2022-05-24,107.49
2022-05-25,105.45
2022-05-26,109.98
2022-05-27,106.86
2022-05-30,110.0
2022-05-31,118.0
2022-06-01,115.0
2022-06-02,109.0
2022-06-03,111.1
2022-06-06,116.5
2022-06-07,116.5
2022-06-08,118.51
2022-06-09,120.0
2022-06-10,120.0
2022-06-14,114.42
2022-06-15,116.24
2022-06-16,112.8
2022-06-17,114.4
2022-06-20,112.03
2022-06-21,113.3
2022-06-22,111.7
2022-06-23,109.98
2022-06-24,109.0
2022-06-27,110.89
2022-06-28,111.71
2022-06-29,111.98
2022-06-30,108.0
2022-07-01,104.53
2022-07-04,114.0
2022-07-05,112.01
2022-07-06,98.49
2022-07-07,101.21
2022-07-08,103.89
2022-07-11,102.99
2022-07-12,99.0
2022-07-13,97.78
2022-07-14,94.98
2022-07-15,99.57
2022-07-18,100.75
2022-07-19,100.91
2022-07-20,103.94
2022-07-21,101.35
2022-07-22,100.88
2022-07-25,99.6
2022-07-26,106.99
2022-07-27,104.0
2022-07-28,105.0
2022-07-29,105.5
2022-08-01,98.99
2022-08-02,101.1
2022-08-03,100.5
2022-08-04,93.21
2022-08-05,96.0
2022-08-08,93.54
2022-08-09,94.5
2022-08-10,97.4
2022-08-11,99.22
2022-08-12,94.07
2022-08-15,93.65
2022-08-16,97.3
2022-08-17,94.19
2022-08-18,94.99
2022-08-19,99.08
2022-08-22,97.0
2022-08-23,98.89
2022-08-24,99.76
2022-08-25,100.99
2022-08-26,100.0
2022-08-29,101.0
2022-08-30,103.0
2022-08-31,111.25
2022-09-01,97.0
2022-09-02,99.54
2022-09-05,100.39
2022-09-06,99.5
2022-09-07,95.29
2022-09-08,94.99
2022-09-09,97.45
2022-09-12,97.68
2022-09-13,92.8
2022-09-14,100.66
2022-09-15,94.49
2022-09-16,95.9
2022-09-19,93.78
2022-09-20,92.92
2022-09-21,97.1
2022-09-22,97.93
2022-09-23,88.99
2022-09-26,88.39
2022-09-27,91.6
2022-09-28,91.64
2022-09-29,91.6
2022-09-30,91.08
2022-10-03,94.09
2022-10-04,94.37
2022-10-05,95.5
2022-10-06,99.2
2022-10-07,97.0
2022-10-10,96.19
2022-10-11,96.02
2022-10-12,97.0
2022-10-13,93.21
2022-10-14,93.37
2022-10-17,93.76
2022-10-18,92.64
2022-10-19,94.96
2022-10-20,94.69
2022-10-21,94.32
2022-10-24,90.35
2022-10-25,93.99
2022-10-26,95.0
2022-10-27,96.2
2022-10-28,95.95
2022-10-31,94.3
2022-11-01,93.77
2022-11-02,95.0
2022-11-03,96.72
2022-11-07,96.16
2022-11-08,97.28
2022-11-09,95.35
2022-11-10,97.1
2022-11-11,96.0
2022-11-14,95.0
2022-11-15,93.13
2022-11-16,94.4
2022-11-17,93.18
2022-11-18,94.16
2022-11-21,93.0
2022-11-22,94.4
2022-11-23,96.79
2022-11-24,92.5
2022-11-25,97.83
2022-11-28,86.2
2022-11-29,90.8
2022-11-30,95.89
2022-12-01,95.99
2022-12-02,95.42
2022-12-05,96.58
2022-12-06,91.6
2022-12-07,92.38
2022-12-08,90.8
2022-12-09,90.03
2022-12-12,87.51
2022-12-13,90.5
2022-12-14,88.99
2022-12-15,90.5
2022-12-16,88.07
2022-12-19,87.36
2022-12-20,90.39
2022-12-21,91.0
2022-12-22,91.0
2022-12-23,90.58
2022-12-26,92.9
2022-12-27,90.65
2022-12-28,91.59
2022-12-29,89.39
2022-12-30,91.82
2023-01-03,106.97
2023-01-04,88.0
2023-01-05,87.64
2023-01-06,90.94
2023-01-09,91.65
2023-01-10,90.51
2023-01-11,92.2
2023-01-12,91.47
2023-01-13,92.2
2023-01-16,92.0
2023-01-17,95.5
2023-01-18,95.89
2023-01-19,95.97
2023-01-20,95.2
2023-01-23,97.16
2023-01-24,96.0
2023-01-25,94.93
2023-01-26,94.29
2023-01-27,95.96
2023-01-30,93.8
2023-01-31,97.06
2023-02-01,95.93
2023-02-02,95.0
2023-02-03,93.5
2023-02-06,92.0
2023-02-07,95.48
2023-02-08,94.8
2023-02-09,95.63
2023-02-10,95.88
2023-02-13,95.86
2023-02-14,97.84
2023-02-15,93.99
2023-02-16,94.94
2023-02-17,95.16
2023-02-20,95.92
2023-02-21,95.9
2023-02-22,96.0
2023-02-24,92.75
2023-02-27,94.7
2023-02-28,95.0
2023-03-01,93.49
2023-03-02,97.25
2023-03-03,94.88
2023-03-06,96.21
2023-03-07,94.62
2023-03-09,95.18
2023-03-10,93.18
2023-03-13,93.94
2023-03-14,93.0
2023-03-15,87.99
2023-03-16,91.5
2023-03-17,89.1
2023-03-20,89.9
2023-03-21,90.09
2023-03-22,89.0
2023-03-23,89.75
2023-03-24,87.4
2023-03-27,89.7
2023-03-28,90.49
2023-03-29,92.55
2023-03-30,92.0
2023-03-31,91.0
2023-04-03,94.0
2023-04-04,98.0
2023-04-05,99.6
2023-04-06,95.09
2023-04-07,99.53
2023-04-10,99.69
2023-04-11,97.43
2023-04-12,93.48
2023-04-13,94.8
2023-04-14,93.3
2023-04-17,92.7
2023-04-18,97.39
2023-04-19,95.6
2023-04-20,94.0
2023-04-21,97.3
2023-04-24,95.0
2023-04-25,92.6
2023-04-26,92.32
2023-04-27,92.3
2023-04-28,91.8
2023-05-02,92.92
2023-05-03,83.54
2023-05-04,82.15
2023-05-05,84.16
2023-05-08,85.59
2023-05-10,85.0
2023-05-11,84.7
2023-05-12,82.71
2023-05-15,83.5
2023-05-16,84.0
2023-05-17,83.0
2023-05-18,84.0
2023-05-19,83.0
2023-05-22,86.0
2023-05-23,84.92
2023-05-24,84.2
2023-05-25,84.0
2023-05-26,85.6
2023-05-29,84.0
2023-05-30,84.76
2023-05-31,81.0
2023-06-01,82.3
2023-06-02,83.0
2023-06-05,83.59
2023-06-06,82.99
2023-06-07,84.09
2023-06-08,83.89
2023-06-09,84.0
2023-06-13,83.37
2023-06-14,82.0
2023-06-15,82.7
2023-06-16,83.98
2023-06-19,83.0
2023-06-20,81.19
2023-06-21,83.0
2023-06-22,82.0
2023-06-23,82.3
2023-06-26,80.12
2023-06-27,81.7
2023-06-28,81.95
2023-06-29,81.3
2023-06-30,81.15
2023-07-03,81.4
2023-07-04,81.2
2023-07-05,81.02
2023-07-06,81.04
2023-07-07,81.2
2023-07-10,81.89
2023-07-11,82.44
2023-07-12,82.19
2023-07-13,84.42
2023-07-14,83.14
2023-07-17,83.96
2023-07-18,82.0
2023-07-19,83.54
2023-07-20,84.95
2023-07-21,84.08
2023-07-24,85.8
2023-07-25,87.0
2023-07-26,86.0
2023-07-27,86.44
2023-07-28,87.0
2023-07-31,86.06
2023-08-01,87.52
2023-08-02,85.37
2023-08-03,88.44
2023-08-04,87.84
2023-08-07,86.81
2023-08-08,85.5
2023-08-09,88.2
2023-08-10,89.01
2023-08-11,88.89
2023-08-14,89.11
2023-08-15,87.64
2023-08-16,87.53
2023-08-17,88.86
2023-08-18,87.52
2023-08-21,88.33
2023-08-22,88.0
2023-08-23,86.41
2023-08-24,87.83
2023-08-25,88.16
2023-08-28,86.15
2023-08-29,87.0
2023-08-30,88.29
2023-08-31,89.91
2023-09-01,91.44
2023-09-04,91.94
2023-09-05,93.5
2023-09-06,93.6
2023-09-07,93.0
2023-09-08,91.0
2023-09-11,94.89
2023-09-12,94.26
2023-09-13,94.46
2023-09-14,95.08
2023-09-15,96.01
2023-09-18,95.05
2023-09-19,96.92
2023-09-20,94.68
2023-09-21,95.03
2023-09-22,96.45
2023-09-25,94.5
2023-09-26,96.86
2023-09-27,98.52
2023-09-28,96.39
2023-09-29,94.5
2023-10-02,95.0
2023-10-03,94.58
2023-10-04,89.0
2023-10-05,87.51
2023-10-06,87.38
2023-10-09,91.82
2023-10-10,90.0
2023-10-11,88.37
2023-10-12,88.35
2023-10-13,92.83
2023-10-16,93.0
2023-10-17,94.0
2023-10-18,98.53
2023-10-19,96.02
2023-10-20,98.05
2023-10-23,99.23
2023-10-24,96.5
2023-10-25,96.5
2023-10-26,96.8
2023-10-27,94.94
2023-10-30,94.2
2023-10-31,94.0
2023-11-01,91.5
2023-11-02,91.5
2023-11-03,91.57
2023-11-06,89.52
2023-11-07,88.92
2023-11-08,89.35
2023-11-09,89.12
2023-11-10,87.79
2023-11-13,87.05
2023-11-14,90.4
2023-11-15,86.67
2023-11-16,87.01
2023-11-17,84.37
2023-11-20,87.0
2023-11-21,87.94
2023-11-22,90.86
2023-11-23,89.49
2023-11-24,88.24
2023-11-27,87.52
2023-11-28,87.66
2023-11-29,88.97
2023-11-30,87.14
2023-12-01,90.78
2023-12-04,89.67
2023-12-05,88.0
2023-12-06,84.5
2023-12-07,85.0
2023-12-08,88.32
2023-12-11,84.57
2023-12-12,83.6
2023-12-13,84.0
2023-12-14,84.3
2023-12-15,82.88
2023-12-18,86.51
2023-12-19,84.84
2023-12-20,85.38
2023-12-21,83.89
2023-12-22,85.0
2023-12-25,86.04
2023-12-26,85.98
2023-12-27,84.0
2023-12-28,83.96
2023-12-29,84.76
2024-01-03,83.2
2024-01-04,83.51
2024-01-05,84.49
2024-01-08,82.6
2024-01-09,81.22
2024-01-10,84.31
2024-01-11,82.43
2024-01-12,83.47
2024-01-15,82.35
2024-01-16,84.28
2024-01-17,83.5
2024-01-18,82.63
2024-01-19,84.49
2024-01-22,84.15
2024-01-23,84.7
2024-01-24,84.5
2024-01-25,85.38
2024-01-26,85.52
2024-01-29,87.0
2024-01-30,86.25
2024-01-31,87.07
2024-02-01,87.52
2024-02-02,84.0
2024-02-05,83.0
2024-02-06,82.6
2024-02-07,82.5
2024-02-08,85.5
2024-02-09,85.2
2024-02-12,85.44
2024-02-13,87.0
2024-02-14,86.9
2024-02-15,86.08
2024-02-16,87.32
2024-02-19,87.23
2024-02-20,87.13
2024-02-21,86.61
2024-02-22,87.2
2024-02-26,86.0
2024-02-27,86.75
2024-02-28,86.24
2024-02-29,86.7
2024-03-01,86.75
2024-03-04,86.3
2024-03-05,87.47
2024-03-06,86.39
2024-03-07,86.95
2024-03-11,84.66
2024-03-12,86.5
2024-03-13,86.55
2024-03-14,86.33
2024-03-15,86.78
2024-03-18,87.64
2024-03-19,86.95
2024-03-20,88.76
2024-03-21,85.67
2024-03-22,87.54
2024-03-25,87.46
2024-03-26,86.25
2024-03-27,86.55
2024-03-28,89.76
2024-03-29,87.58
2024-04-01,89.48
2024-04-02,89.42
2024-04-03,90.0
2024-04-04,89.6
2024-04-05,91.25
2024-04-08,92.09
2024-04-09,92.83
2024-04-10,89.0
2024-04-11,91.2
2024-04-12,90.33
2024-04-15,89.24
2024-04-16,89.42
2024-04-17,92.28
2024-04-18,87.61
2024-04-19,87.92
2024-04-22,87.42
2024-04-23,87.87
2024-04-24,87.28
2024-04-25,87.75
2024-04-26,90.21
2024-04-27,90.21
2024-04-29,87.31
2024-04-30,86.77
2024-05-02,85.42
2024-05-03,85.0
2024-05-06,86.24
2024-05-07,85.6
2024-05-08,84.28
2024-05-10,87.57
2024-05-13,87.0
2024-05-14,84.3
2024-05-15,84.31
2024-05-16,84.4
2024-05-17,85.16
2024-05-20,85.19
2024-05-21,84.14
2024-05-22,84.15
2024-05-23,83.2
2024-05-24,84.01
2024-05-27,83.54
2024-05-28,85.36
2024-05-29,85.34
2024-05-30,84.99
2024-05-31,84.6
2024-06-03,81.04
2024-06-04,82.19
2024-06-05,80.53
2024-06-06,81.0
2024-06-07,82.71
2024-06-10,82.87
2024-06-11,83.08
2024-06-13,84.8
2024-06-14,84.1
2024-06-17,83.0
2024-06-18,84.7
2024-06-19,85.6
2024-06-20,84.88
2024-06-21,85.8
2024-06-24,85.31
2024-06-25,85.11
2024-06-26,85.12
2024-06-27,85.51
2024-06-28,86.5
2024-07-01,87.52
2024-07-02,87.81
2024-07-03,87.0
2024-07-04,86.32
2024-07-05,86.8
2024-07-08,86.12
2024-07-09,85.59
2024-07-10,84.97
2024-07-11,85.56
2024-07-12,86.35
2024-07-15,86.13
2024-07-16,84.0
2024-07-17,85.08
2024-07-18,86.35
2024-07-19,84.0
2024-07-22,84.18
2024-07-23,82.43
2024-07-24,83.87
2024-07-25,82.73
2024-07-26,83.0
2024-07-29,83.88
2024-07-30,81.34
2024-07-31,81.47
2024-08-01,83.6
2024-08-02,81.45
2024-08-05,81.4
2024-08-06,82.27
2024-08-07,83.15
2024-08-08,83.16
2024-08-09,82.01
2024-08-12,83.0
2024-08-13,82.54
2024-08-14,82.41
2024-08-15,82.36
2024-08-16,82.0
2024-08-19,80.3
2024-08-20,81.78
2024-08-21,81.51
2024-08-22,79.63
2024-08-23,81.7
2024-08-26,82.3
2024-08-27,81.87
2024-08-28,80.21
2024-08-29,81.0
2024-08-30,80.42
2024-09-02,78.69
2024-09-03,78.2
2024-09-04,79.0
2024-09-05,79.05
2024-09-06,76.3
2024-09-09,75.9
2024-09-10,77.0
2024-09-11,75.0
2024-09-12,76.27
2024-09-13,77.11
2024-09-16,75.99
2024-09-17,76.33
2024-09-18,75.99
2024-09-19,77.99
2024-09-20,77.2
2024-09-23,77.0
2024-09-24,78.0
2024-09-25,77.53
2024-09-26,75.23
2024-09-27,75.75
2024-09-30,75.0
2024-10-01,77.5
2024-10-02,78.69
2024-10-03,79.5
2024-10-04,79.5
2024-10-07,80.58
2024-10-08,78.0
2024-10-09,78.8
2024-10-10,79.28
2024-10-11,81.0
2024-10-14,78.5
2024-10-15,77.79
2024-10-16,77.85
2024-10-17,78.11
2024-10-18,76.34
2024-10-21,77.2
2024-10-22,79.13
2024-10-23,79.7
2024-10-24,78.0
2024-10-25,77.96
2024-10-28,76.3
2024-10-29,75.0
2024-10-30,76.6
2024-10-31,77.1
2024-11-01,76.79
2024-11-02,77.14
2024-11-05,78.17
2024-11-06,77.06
2024-11-07,79.5
2024-11-08,76.88
2024-11-11,75.89
2024-11-12,75.26
2024-11-13,74.44
2024-11-14,75.4
2024-11-15,76.47
2024-11-18,74.18
2024-11-19,75.09
2024-11-20,74.73
2024-11-21,77.98
2024-11-22,76.4
2024-11-25,76.19
2024-11-26,75.75
2024-11-27,74.91
2024-11-28,75.57
2024-11-29,74.97
2024-12-02,75.23
2024-12-03,78.36
2024-12-04,76.22
2024-12-05,76.95
2024-12-06,74.29
2024-12-09,75.0
2024-12-10,75.22
2024-12-11,76.8
2024-12-12,76.9
2024-12-13,76.83
2024-12-16,75.75
2024-12-17,75.95
2024-12-18,75.37
2024-12-19,74.76
2024-12-20,74.33
2024-12-23,75.32
2024-12-24,74.82
2024-12-25,75.27
2024-12-26,75.45
2024-12-27,75.61
2024-12-28,75.0
2024-12-30,75.95
2025-01-03,77.48
2025-01-06,77.25
2025-01-08,78.01
2025-01-09,78.3
2025-01-10,79.5
2025-01-13,79.13
2025-01-14,78.27
2025-01-15,79.77
2025-01-16,79.01
2025-01-17,78.58
2025-01-20,77.6
2025-01-21,78.04
2025-01-22,77.0
2025-01-23,77.57
2025-01-24,76.6
2025-01-27,77.18
2025-01-28,76.68
2025-01-29,75.7
2025-01-30,75.34
2025-01-31,76.22
2025-02-03,75.14
2025-02-04,75.8
2025-02-05,75.0
2025-02-06,74.7
2025-02-07,75.23
2025-02-10,76.22
2025-02-11,76.82
2025-02-12,75.71
2025-02-13,75.21
2025-02-14,76.01
2025-02-17,75.0
2025-02-18,76.92
2025-02-19,77.24
2025-02-20,75.73
2025-02-21,75.61
2025-02-24,76.2
2025-02-25,77.0
2025-02-26,76.49
2025-02-27,76.11
2025-02-28,75.12
2025-03-03,75.68
2025-03-04,72.87
2025-03-05,72.33
2025-03-06,72.41
2025-03-07,72.89
2025-03-10,72.2
2025-03-11,72.24
2025-03-12,72.47
2025-03-13,71.77
2025-03-14,72.72
2025-03-17,72.65
2025-03-18,72.5
2025-03-19,71.9
2025-03-20,73.57
2025-03-21,75.0
2025-03-24,72.91
2025-03-25,74.38
2025-03-26,74.45
2025-03-27,75.5
2025-03-28,74.71
2025-03-31,75.24
2025-04-01,75.75
2025-04-02,74.02
2025-04-03,70.79
2025-04-04,65.52
2025-04-07,63.9
2025-04-08,65.0
2025-04-09,62.48
2025-04-10,64.07
2025-04-11,65.09
2025-04-14,65.78
2025-04-15,65.1
2025-04-16,65.32
2025-04-17,66.48
2025-04-18,67.75
2025-04-21,66.44
2025-04-22,67.99
2025-04-23,67.6
2025-04-24,68.19
2025-04-25,67.93
2025-04-28,68.0
2025-04-29,66.32
2025-04-30,66.2
2025-05-02,64.5
2025-05-05,63.52
2025-05-06,64.65
2025-05-07,65.0
2025-05-08,66.64
2025-05-12,68.28
2025-05-13,68.0
2025-05-14,68.86
2025-05-15,68.89
2025-05-16,64.34
2025-05-19,66.98
2025-05-20,67.57
2025-05-21,68.08
2025-05-22,66.71
2025-05-23,66.01
2025-05-26,66.53
2025-05-27,66.91
2025-05-28,67.18
2025-05-29,66.56
2025-05-30,66.0
2025-06-02,67.5
2025-06-03,67.9
2025-06-04,67.89
2025-06-05,67.36
2025-06-06,68.87
2025-06-09,68.01
2025-06-10,68.33
2025-06-11,67.07
2025-06-13,73.21
2025-06-16,72.59
2025-06-17,76.05
2025-06-18,76.6
2025-06-19,77.5
2025-06-20,77.03
2025-06-23,76.41
2025-06-24,68.29
2025-06-25,68.34
2025-06-26,68.3
2025-06-27,68.1
2025-06-30,68.06
2025-07-01,68.17
2025-07-02,68.08
2025-07-03,68.03
2025-07-04,67.93
2025-07-07,68.27
2025-07-08,68.16
2025-07-09,67.53
2025-07-10,67.45
2025-07-11,68.5
2025-07-14,67.63
2025-07-15,67.01
2025-07-16,66.71
2025-07-17,67.5
2025-07-18,68.6
2025-07-21,67.5
2025-07-22,67.17
2025-07-23,67.47
2025-07-24,67.75
2025-07-25,67.93
2025-07-28,68.62
2025-07-29,69.12
2025-07-30,70.83
2025-07-31,70.7
2025-08-01,68.63
2025-08-04,68.09
2025-08-05,67.89
2025-08-06,68.1
2025-08-07,67.25
2025-08-08,67.02
2025-08-11,66.6
2025-08-12,66.6
2025-08-13,65.88
2025-08-14,66.4
2025-08-15,66.62
2025-09-23,66.91
2025-09-24,66.86
2025-09-25,67.83
2025-09-26,68.85
2025-09-29,66.73
2025-09-30,65.84
2025-10-01,65.1
2025-10-02,64.51
2025-10-03,64.43
2025-10-06,64.84
2025-10-07,64.52
2025-10-08,65.4
2025-10-09,64.82
2025-10-10,63.15
2025-10-13,62.07
2025-10-14,61.12
2025-10-15,61.42
2025-10-16,60.83
2025-10-17,60.98
2025-10-20,61.05
2025-10-21,61.42
2025-10-22,62.35
2025-10-23,64.1
2025-10-24,64.22
2025-10-27,64.04
2025-10-28,63.04
2025-10-29,63.53
2025-10-30,63.2
2025-10-31,63.86
2025-11-01,63.82
2025-11-03,63.7
2025-11-05,63.61
2025-11-06,62.45
2025-11-07,62.83
2025-11-10,62.82
2025-11-11,63.75
2025-11-12,62.55
2025-11-13,62.42
2025-11-14,62.87
2025-11-17,63.4
2025-11-18,62.8
2025-11-19,62.48
2025-11-20,62.8
2025-11-21,61.13
2025-11-24,61.33
2025-11-25,60.89
2025-11-26,61.2
2025-11-27,61.77
2025-11-28,62.15
2025-12-01,62.3
2025-12-02,62.22
2025-12-03,62.2
2025-12-04,62.18
2025-12-05,63.14
2025-12-08,62.05
2025-12-09,61.46
2025-12-10,61.05
2025-12-11,60.57
2025-12-12,60.52
2025-12-15,60.2
2025-12-16,59.0
2025-12-17,60.03
2025-12-18,60.25
2025-12-19,60.07
2025-12-22,60.96
2025-12-23,60.84
2025-12-24,61.21
2025-12-25,61.5
2025-12-26,61.0
2025-12-29,61.23
2025-12-30,61.29
2026-01-05,60.81
2026-01-06,61.23
2026-01-08,60.7
2026-01-09,62.43
2026-01-12,62.36
2026-01-13,64.45
2026-01-14,65.26
2026-01-15,62.87
2026-01-16,63.63
2026-01-19,63.19
2026-01-20,63.66
2026-01-21,63.87
2026-01-22,63.13
2026-01-23,64.57
2026-01-26,64.3
2026-01-27,64.92
2026-01-28,66.22
2026-01-29,68.9
2026-01-30,68.59
2026-02-02,65.1
2026-02-03,65.72
2026-02-04,66.59
2026-02-05,66.34
2026-02-06,67.26
2026-02-09,67.65
2026-02-10,68.2
2026-02-11,68.52
2026-02-12,67.3
2026-02-13,66.72
2026-02-16,66.89
2026-02-17,65.83
2026-02-18,67.97
2026-02-19,69.8
2026-02-20,69.8
2026-02-24,70.09
2026-02-25,69.95
2026-02-26,70.84
2026-02-27,72.16
2026-03-02,77.33
2026-03-03,79.75
2026-03-04,78.05
2026-03-05,79.8
2026-03-06,84.26
2026-03-09,89.73
2026-03-10,86.02
2026-03-11,89.42
2026-03-12,94.94
2026-03-13,95.28
2026-03-16,95.39
2026-03-17,96.92
2026-03-18,100.87
2026-03-19,102.57
2026-03-20,102.19
2026-03-23,95.97
2026-03-24,93.9
2026-03-25,95.5
2026-03-26,96.38
2026-03-27,98.77
2026-03-30,99.84
2026-03-31,91.0
2026-04-01,88.68
2026-04-02,92.81
2026-04-03,95.58
2026-04-06,93.47
2026-04-07,92.63
2026-04-08,88.68
2026-04-09,87.48
2026-04-10,86.9
2026-04-13,90.07
2026-04-14,88.65
2026-04-15,88.92
2026-04-16,90.16
2026-04-17,84.56
2026-04-20,85.58
2026-04-21,88.25
2026-04-22,89.36
2026-04-23,92.23
2026-04-24,92.26
2026-04-27,94.39
2026-04-28,95.05
2026-04-29,99.5
2026-04-30,100.8
2026-05-04,103.05
2026-05-05,101.15
2026-05-06,94.87
2026-05-07,96.1
2026-05-08,94.25
2026-05-11,97.98
2026-05-12,100.4
2026-05-13,98.25
2026-05-14,99.21
2026-05-15,101.14
2026-05-18,101.18
2026-05-19,102.68
2026-05-20,96.14
2026-05-21,95.98
2026-05-22,95.56
2026-05-25,91.33
2026-05-26,93.48
2026-05-27,91.11
2026-05-28,91.29
2026-05-29,89.4
2026-06-01,92.39
2026-06-02,92.86
2026-06-03,94.22
2026-06-04,91.81
2026-06-05,90.41
2026-06-08,91.29
2026-06-09,90.04
2026-06-10,92.0
2026-06-11,87.56
2026-06-15,82.17
2026-06-16,78.97
2026-06-17,78.45
2026-06-18,78.74
2026-06-19,79.7
2026-06-22,77.72
2026-06-23,77.0
2026-06-24,74.1
2026-06-25,75.15
2026-06-26,74.21
2026-06-29,74.49
2026-06-30,74.25
2026-07-01,73.12
2026-07-02,73.11
2026-07-03,73.13
2026-07-06,73.11
2026-07-07,76.0
2026-07-08,78.9
2026-07-09,76.15
2026-07-10,76.16
2026-07-13,82.0
2026-07-14,82.54
2026-07-15,82.91
2026-07-16,82.13
2026-07-17,84.43
2026-07-20,85.12
2026-07-21,85.45
2026-07-22,86.26
2026-07-23,87.33
2026-07-24,87.11
2026-07-27,82.9
2026-07-28,80.27
2026-07-29,84.99
2026-07-30,83.8
2026-07-31,84.36
2026-08-03,80.93
2026-08-04,78.32
2026-08-05,77.81
2026-08-06,80.34
2026-08-07,79.7
2026-08-10,84.37
2026-08-11,85.09
2026-08-12,84.74
2026-08-13,82.6
2026-08-14,82.99
