date,ofz5y
2019-11-15,6.295623168380726
2019-11-18,6.26501206591461
2019-11-19,6.235030352922455
2019-11-20,6.214901728316025
2019-11-21,6.215336165434482
2019-11-22,6.215656560382787
2019-11-25,6.238970492930984
2019-11-26,6.212484268476781
2019-11-27,6.224466827420128
2019-11-28,6.2675508906223865
2019-11-29,6.261698450674413
2019-12-02,6.273939264198236
2019-12-03,6.286787138229077
2019-12-04,6.230696031021776
2019-12-05,6.245521713477453
2019-12-06,6.221775009577679
2019-12-09,6.222038755055692
2019-12-10,6.209055273056574
2019-12-11,6.21857277500657
2019-12-12,6.150648091418587
2019-12-13,6.204201274979071
2019-12-16,6.188563145582826
2019-12-17,6.164466303463945
2019-12-18,6.149850030131732
2019-12-19,6.186450940028032
2019-12-20,6.180157139128384
2019-12-23,6.134674966354292
2019-12-24,6.121902779836264
2019-12-25,6.086490158741986
2019-12-26,6.055895951178258
2019-12-27,6.181954425927061
2019-12-30,6.104590333387616
2020-01-03,6.044715310650783
2020-01-06,6.06309392156259
2020-01-08,6.041430881318699
2020-01-09,5.990170041241383
2020-01-10,5.901689882776373
2020-01-13,5.817517594662358
2020-01-14,5.885417065930509
2020-01-15,5.932804383471035
2020-01-16,5.917683930293993
2020-01-17,5.896238122124942
2020-01-20,5.855171957430305
2020-01-21,5.872698939649368
2020-01-22,5.874280453849501
2020-01-23,5.840829540780379
2020-01-24,5.82336526045073
2020-01-27,5.857944595936115
2020-01-28,5.905408488057495
2020-01-29,5.886252554915883
2020-01-30,5.913752069317191
2020-01-31,5.9503330744086425
2020-02-03,5.966679495908234
2020-02-04,5.906331121511665
2020-02-05,5.8921301380889135
2020-02-06,5.910754360389814
2020-02-07,5.870302448072451
2020-02-10,5.826067165637872
2020-02-11,5.821737254310211
2020-02-12,5.764228911991909
2020-02-13,5.760960465689791
2020-02-14,5.739353086112109
2020-02-17,5.736487369956911
2020-02-18,5.738375423952458
2020-02-19,5.699400636326768
2020-02-20,5.676941692171744
2020-02-21,5.702837384988824
2020-02-25,5.760367583128323
2020-02-26,5.7727676150367335
2020-02-27,5.909155953097156
2020-02-28,6.112852898540444
2020-03-02,6.090989798042923
2020-03-03,5.892962812899394
2020-03-04,5.78849344025596
2020-03-05,5.8905993810351776
2020-03-06,6.165293515274928
2020-03-10,6.668007355197747
2020-03-11,6.895245720887555
2020-03-12,7.724128057219959
2020-03-13,7.5327812865985555
2020-03-16,7.83666159597185
2020-03-17,7.820666049686498
2020-03-18,8.206644609282598
2020-03-19,7.920190997910259
2020-03-20,7.4194608830078
2020-03-23,7.390726193919117
2020-03-24,6.969398584833897
2020-03-25,6.951597920280306
2020-03-26,6.945647624443452
2020-03-27,6.915056026916422
2020-03-30,6.907233808173463
2020-03-31,6.707410656257551
2020-04-01,6.755842097316211
2020-04-02,6.782863956047924
2020-04-03,6.732137388868198
2020-04-06,6.626960611394894
2020-04-07,6.588083642331766
2020-04-08,6.541200712536188
2020-04-09,6.522206112530382
2020-04-10,6.522267772311929
2020-04-13,6.512246723207626
2020-04-14,6.480078050123761
2020-04-15,6.535612879829
2020-04-16,6.390289492885404
2020-04-17,5.955174657437512
2020-04-20,5.840291178659784
2020-04-21,5.996016842886176
2020-04-22,5.846211031166626
2020-04-23,5.765500472147789
2020-04-24,5.666286490941652
2020-04-27,5.715047116452654
2020-04-28,5.6924040472811965
2020-04-29,5.671099318553408
2020-04-30,5.686463951996323
2020-05-04,5.693397764867525
2020-05-05,5.671747221720702
2020-05-06,5.669445850196042
2020-05-07,5.640087933209048
2020-05-08,5.447832492236393
2020-05-12,5.375649454509079
2020-05-13,5.304704305242902
2020-05-14,5.2253766964172055
2020-05-15,5.044327941025184
2020-05-18,4.964990464089536
2020-05-19,4.970299706967518
2020-05-20,4.972111864573403
2020-05-21,4.968199043041954
2020-05-22,5.001165421968712
2020-05-25,4.99736983930672
2020-05-26,5.01486555356192
2020-05-27,5.073156713615035
2020-05-28,5.069320182412018
2020-05-29,5.128245756958827
2020-06-01,5.1067390866619045
2020-06-02,5.094764799878693
2020-06-03,5.1355156058227935
2020-06-04,5.2010717582314125
2020-06-05,5.3266091485067335
2020-06-08,5.422768050012583
2020-06-09,5.308125566732835
2020-06-10,5.214174988148224
2020-06-11,5.201618658377383
2020-06-15,5.144556805633194
2020-06-16,5.12150753344085
2020-06-17,5.037955530126137
2020-06-18,5.044888181865237
2020-06-19,4.98879540231798
2020-06-22,5.05541145573698
2020-06-23,5.036208924582031
2020-06-25,5.127198813214751
2020-06-26,5.072162578934658
2020-06-29,5.13236747264112
2020-06-30,5.248083237619072
2020-07-02,5.220869480307755
2020-07-03,5.358092807797421
2020-07-06,5.3271169683764885
2020-07-07,5.264720690575753
2020-07-08,5.218936931704854
2020-07-09,5.1837325640405885
2020-07-10,5.202326082704722
2020-07-13,5.112862398946394
2020-07-14,5.0896830949831
2020-07-15,5.100271884728502
2020-07-16,5.113184175520269
2020-07-17,5.101065478783839
2020-07-20,5.065857477012359
2020-07-21,5.0224028405150944
2020-07-22,5.053788941838389
2020-07-23,5.064556847802026
2020-07-24,5.0762037554503925
2020-07-27,5.103866945062463
2020-07-28,5.150977364188591
2020-07-29,5.1702290807259965
2020-07-30,5.258521014189266
2020-07-31,5.27231948995508
2020-08-03,5.187110049802435
2020-08-04,5.170859414411999
2020-08-05,5.149055409357572
2020-08-06,5.210629770865771
2020-08-07,5.189336433311742
2020-08-10,5.213477193015192
2020-08-11,5.198824130198965
2020-08-12,5.185435155991347
2020-08-13,5.204406948491802
2020-08-14,5.243420996457049
2020-08-17,5.482950945705145
2020-08-18,5.359120739668399
2020-08-19,5.331674226637273
2020-08-20,5.37329761438281
2020-08-21,5.425894675357879
2020-08-24,5.3776359949335495
2020-08-25,5.392549878365016
2020-08-26,5.440424435242641
2020-08-27,5.423764584839597
2020-08-28,5.378231527008959
2020-08-31,5.34570327086632
2020-09-01,5.322215749864312
2020-09-02,5.466440398503769
2020-09-03,5.482924854573401
2020-09-04,5.417154780277489
2020-09-07,5.451963246070912
2020-09-08,5.539975156945931
2020-09-09,5.488400886076583
2020-09-10,5.443138751416288
2020-09-11,5.485144917733109
2020-09-14,5.502870212549071
2020-09-15,5.503242410112974
2020-09-16,5.480632554218978
2020-09-17,5.484209697428866
2020-09-18,5.52372345798291
2020-09-21,5.568293592182361
2020-09-22,5.5567670123963575
2020-09-23,5.589187895066816
2020-09-24,5.599162900984012
2020-09-25,5.621515197315796
2020-09-28,5.644696018171813
2020-09-29,5.587889491159093
2020-09-30,5.585242017419723
2020-10-01,5.5224810436448335
2020-10-02,5.546305315881317
2020-10-05,5.5357733391449
2020-10-06,5.496704931035534
2020-10-07,5.46938720845318
2020-10-08,5.38228161201284
2020-10-09,5.390479373371493
2020-10-12,5.416514923194216
2020-10-13,5.386381202580814
2020-10-14,5.375677976417959
2020-10-15,5.410470671018031
2020-10-16,5.387411737606218
2020-10-19,5.361980586597648
2020-10-20,5.366381942752052
2020-10-21,5.364386374073016
2020-10-22,5.378686818588463
2020-10-23,5.362594833243595
2020-10-26,5.364744941627264
2020-10-27,5.402118257379551
2020-10-28,5.459571830188903
2020-10-29,5.480539944363172
2020-10-30,5.532303781298786
2020-11-02,5.616311664565643
2020-11-03,5.598292857343745
2020-11-05,5.354702627228725
2020-11-06,5.331429279837496
2020-11-09,5.287376308595371
2020-11-10,5.324836201041294
2020-11-11,5.295735411885305
2020-11-12,5.293355457944737
2020-11-13,5.269157905974731
2020-11-16,5.262352352395139
2020-11-17,5.264286878720759
2020-11-18,5.262289102640949
2020-11-19,5.286637607560074
2020-11-20,5.284868401818121
2020-11-23,5.268526332544332
2020-11-24,5.270170489742454
2020-11-25,5.285369458893352
2020-11-26,5.320848139976242
2020-11-27,5.340509826677664
2020-11-30,5.357105360342218
2020-12-01,5.362882404757463
2020-12-02,5.357989140327413
2020-12-03,5.368080965465594
2020-12-04,5.350543887256842
2020-12-07,5.3544796935256045
2020-12-08,5.324076396351263
2020-12-09,5.314284796042568
2020-12-10,5.357274676857893
2020-12-11,5.361767405859519
2020-12-14,5.359234119626799
2020-12-15,5.360485059912068
2020-12-16,5.374308607221612
2020-12-17,5.338306799871484
2020-12-18,5.3962834897854695
2020-12-21,5.467982734450727
2020-12-22,5.489146651398968
2020-12-23,5.534735040167527
2020-12-24,5.589757001454054
2020-12-25,5.533552057557478
2020-12-28,5.506911739276688
2020-12-29,5.489838327541685
2020-12-30,5.508314118096847
2021-01-04,5.431019166749618
2021-01-05,5.364306663502094
2021-01-06,5.39425845277568
2021-01-08,5.474995760330703
2021-01-11,5.520951539196273
2021-01-12,5.528984820544558
2021-01-13,5.601552131230414
2021-01-14,5.607436145915168
2021-01-15,5.711859922895779
2021-01-18,5.709967750903755
2021-01-19,5.670328731854002
2021-01-20,5.713900717982789
2021-01-21,5.736117390486628
2021-01-22,5.83914456598027
2021-01-25,5.863891149056499
2021-01-26,5.7858085263927
2021-01-27,5.8302276779547135
2021-01-28,5.826659493196362
2021-01-29,5.811896414685736
2021-02-01,5.80251630848323
2021-02-02,5.817298387180281
2021-02-03,5.863837714471498
2021-02-04,5.828972464006443
2021-02-05,5.748805801591783
2021-02-08,5.744744541050273
2021-02-09,5.806102545066016
2021-02-10,5.8648764226913785
2021-02-11,5.919369194079627
2021-02-12,6.032323182474397
2021-02-15,6.093050091377816
2021-02-16,6.165470525331251
2021-02-17,6.2220330412041225
2021-02-18,6.141559353220027
2021-02-19,6.2173260628821225
2021-02-20,6.181569473373161
2021-02-22,6.229076124063382
2021-02-24,6.2059692922803
2021-02-25,6.331926537478072
2021-02-26,6.398495089123113
2021-03-01,6.356412534835032
2021-03-02,6.38669153841025
2021-03-03,6.272157168894088
2021-03-04,6.262331368705576
2021-03-05,6.324449698923673
2021-03-09,6.338116507686409
2021-03-10,6.434238348468657
2021-03-11,6.48650831826485
2021-03-12,6.511012826765361
2021-03-15,6.553508940981545
2021-03-16,6.525227469763983
2021-03-17,6.587753015554898
2021-03-18,6.633592724925719
2021-03-19,6.677871353954812
2021-03-22,6.752022825056203
2021-03-23,6.900927811534019
2021-03-24,6.858303965931545
2021-03-25,6.79152423490359
2021-03-26,6.686339695869004
2021-03-29,6.669185927538601
2021-03-30,6.751098773876496
2021-03-31,6.708238725189264
2021-04-01,6.744560880678274
2021-04-02,6.729599008206089
2021-04-05,6.711943404788601
2021-04-06,6.856783442222714
2021-04-07,6.918511092362634
2021-04-08,6.914369582943003
2021-04-09,6.961175112902063
2021-04-12,6.910923967414395
2021-04-13,6.890479773028257
2021-04-14,6.724921097407011
2021-04-15,6.718809623583533
2021-04-16,6.622565330192853
2021-04-19,6.679487327721634
2021-04-20,6.692499016657738
2021-04-21,6.661825223741791
2021-04-22,6.611361453191256
2021-04-23,6.622225646244928
2021-04-26,6.620012759911598
2021-04-27,6.651656812713491
2021-04-28,6.668870860798659
2021-04-29,6.65531166418698
2021-04-30,6.656567819883064
2021-05-04,6.636738077779869
2021-05-05,6.634357976174421
2021-05-06,6.633105521377036
2021-05-07,6.625050785888664
2021-05-10,6.618514091509042
2021-05-11,6.647905521170894
2021-05-12,6.673869587398684
2021-05-13,6.716785337285769
2021-05-14,6.676799492319052
2021-05-17,6.703877216643073
2021-05-18,6.700559971324549
2021-05-19,6.728695872989476
2021-05-20,6.713635833000686
2021-05-21,6.708840745417222
2021-05-24,6.7112488596054565
2021-05-25,6.709220625335166
2021-05-26,6.69616001986364
2021-05-27,6.730308661229012
2021-05-28,6.694837139927889
2021-05-31,6.737408620157881
2021-06-01,6.736703833339264
2021-06-02,6.784503808636755
2021-06-03,6.806086633977504
2021-06-04,6.859558176559655
2021-06-07,6.910694760256142
2021-06-08,6.96510561864625
2021-06-09,6.987093532508792
2021-06-10,6.947492102309671
2021-06-11,6.897167976563967
2021-06-14,6.901367243911993
2021-06-15,6.97198890745705
2021-06-16,7.045775728314774
2021-06-17,7.025088257096623
2021-06-18,6.95555264269927
2021-06-21,6.991690052814636
2021-06-22,6.999253937256467
2021-06-23,6.963480487148788
2021-06-24,6.968029670973008
2021-06-25,6.970398067685957
2021-06-28,7.051289917373671
2021-06-29,7.105617969263123
2021-06-30,7.101440881416798
2021-07-01,7.127578830862302
2021-07-02,7.129961942160068
2021-07-05,7.086617695176445
2021-07-06,7.105938614672236
2021-07-07,7.113686974424227
2021-07-08,7.1591769554214535
2021-07-09,7.109732726618145
2021-07-12,7.099351066805726
2021-07-13,7.148362775030437
2021-07-14,7.12301026162987
2021-07-15,7.100737134242507
2021-07-16,7.075204633708854
2021-07-19,7.05661618976503
2021-07-20,7.026081514686311
2021-07-21,6.953050385735704
2021-07-22,6.872904657209888
2021-07-23,6.881728805084242
2021-07-26,6.918965131662258
2021-07-27,6.885809238332308
2021-07-28,6.863122228019769
2021-07-29,6.879805464272293
2021-07-30,6.845344698185873
2021-08-02,6.8831267588620015
2021-08-03,6.882624845639462
2021-08-04,6.890416609444872
2021-08-05,6.866885904417552
2021-08-06,6.889519618236717
2021-08-09,6.924917531828267
2021-08-10,6.968904550151556
2021-08-11,6.944777079071063
2021-08-12,6.965977703383341
2021-08-13,6.936043559133398
2021-08-16,6.885286993226725
2021-08-17,6.869885179328139
2021-08-18,6.893278299164507
2021-08-19,6.903716183331032
2021-08-20,6.915144745660262
2021-08-23,6.918380446304662
2021-08-24,6.932195586986767
2021-08-25,6.933841194569235
2021-08-26,7.0025998306180615
2021-08-27,6.9580288282165
2021-08-30,6.967539758707764
2021-08-31,6.946322666251614
2021-09-01,6.940522824323603
2021-09-02,6.9666009862283
2021-09-03,6.959178191947002
2021-09-06,6.983456640081553
2021-09-07,7.0091181241429545
2021-09-08,7.011987203060932
2021-09-09,7.008666567606703
2021-09-10,6.968864368839944
2021-09-13,6.96956605520731
2021-09-14,6.994374295999517
2021-09-15,7.009145548205353
2021-09-16,7.019202418028092
2021-09-17,7.0222003685326495
2021-09-20,7.113540650642003
2021-09-21,7.110271515850286
2021-09-22,7.099787903540422
2021-09-23,7.171401956215551
2021-09-24,7.232535948532437
2021-09-27,7.235209262621134
2021-09-28,7.240718374603383
2021-09-29,7.215060446254506
2021-09-30,7.2723070916682175
2021-10-01,7.296975777747128
2021-10-04,7.39867319224079
2021-10-05,7.548472405509066
2021-10-06,7.563744834204766
2021-10-07,7.476793114993718
2021-10-08,7.425627005567681
2021-10-11,7.453376858089822
2021-10-12,7.4796969931791635
2021-10-13,7.45541916452781
2021-10-14,7.430154173556858
2021-10-15,7.473189373229161
2021-10-18,7.563963674773921
2021-10-19,7.544803361586605
2021-10-20,7.5552906650061535
2021-10-21,7.6558852895298735
2021-10-22,7.928662879902615
2021-10-25,8.139814951140734
2021-10-26,8.12508550700648
2021-10-27,8.143646522122673
2021-10-28,8.330461702138114
2021-10-29,8.302760043093071
2021-11-01,8.376108240717173
2021-11-02,8.378898184972039
2021-11-03,8.425192360617718
2021-11-05,8.371474474727547
2021-11-08,8.312855509869044
2021-11-09,8.214037437631806
2021-11-10,8.204002815186474
2021-11-11,8.185753060490008
2021-11-12,8.26258572004177
2021-11-15,8.319969146866569
2021-11-16,8.423668372270754
2021-11-17,8.427815464932475
2021-11-18,8.556342128563266
2021-11-19,8.628035353161035
2021-11-22,8.88103547305883
2021-11-23,8.930207392400892
2021-11-24,8.848097849847347
2021-11-25,8.733468766441854
2021-11-26,8.730688256343289
2021-11-29,8.550783664156736
2021-11-30,8.574451748746338
2021-12-01,8.600892942224657
2021-12-02,8.596496881219927
2021-12-03,8.591629408785796
2021-12-06,8.688144467801507
2021-12-07,8.713451035264686
2021-12-08,8.71022383415687
2021-12-09,8.660104067533414
2021-12-10,8.642032951243506
2021-12-13,8.676640900821164
2021-12-14,8.7329957688288
2021-12-15,8.706260224388519
2021-12-16,8.67696364371735
2021-12-17,8.593565373231549
2021-12-20,8.588648150514832
2021-12-21,8.617589553271166
2021-12-22,8.54407150529446
2021-12-23,8.473954661800253
2021-12-24,8.419655610283794
2021-12-27,8.465219817105663
2021-12-28,8.434170783995153
2021-12-29,8.467077622780117
2021-12-30,8.417210350158989
2022-01-03,8.30913472160324
2022-01-04,8.296770283513034
2022-01-05,8.275148351188811
2022-01-06,8.515184337822056
2022-01-10,8.640324631383113
2022-01-11,8.807840628190288
2022-01-12,8.889395133868284
2022-01-13,9.187154737727422
2022-01-14,9.460946950892236
2022-01-17,9.56900526802258
2022-01-18,9.587879647863806
2022-01-19,9.392866014616086
2022-01-20,9.480885784690884
2022-01-21,9.558902310878082
2022-01-24,9.86876988155403
2022-01-25,9.898726240274014
2022-01-26,9.894691755251328
2022-01-27,9.608638656587608
2022-01-28,9.660282081463745
2022-01-31,9.589168076644828
2022-02-01,9.581325776841144
2022-02-02,9.502413976695202
2022-02-03,9.513749494190924
2022-02-04,9.476397648546463
2022-02-07,9.510322878381228
2022-02-08,9.50613965880982
2022-02-09,9.498567566636073
2022-02-10,9.528196305474149
2022-02-11,9.985516412630012
2022-02-14,10.31142918935637
2022-02-15,9.997067220799892
2022-02-16,9.899678821193556
2022-02-17,9.982422652405209
2022-02-18,10.030039316968953
2022-02-21,10.80049287561109
2022-02-22,11.05584085273712
2022-02-24,14.43977310826414
2022-02-25,12.827386154348265
2022-03-21,14.467059184201814
2022-03-22,13.448113078313572
2022-03-23,13.717481897558148
2022-03-24,13.505838073063403
2022-03-25,13.41459937055658
2022-03-28,13.36185123622997
2022-03-29,12.603873015978117
2022-03-30,11.823975146309706
2022-03-31,11.41616515076247
2022-04-01,11.80113990944882
2022-04-04,12.085752835650856
2022-04-05,11.959497719700927
2022-04-06,12.131133477036048
2022-04-07,12.017229297079446
2022-04-08,10.963187889651492
2022-04-11,10.862102081903943
2022-04-12,10.903753070341017
2022-04-13,10.737013359317604
2022-04-14,10.764599683755316
2022-04-15,10.828548945928862
2022-04-18,10.393812276460078
2022-04-19,10.296026518276856
2022-04-20,10.091740393362226
2022-04-21,9.859675431293802
2022-04-22,9.930042017298993
2022-04-25,9.965977910916646
2022-04-26,9.77048180359692
2022-04-27,10.016778594447208
2022-04-28,10.212588301639247
2022-04-29,10.102492319064904
2022-05-04,10.096714181881094
2022-05-05,10.328069671561945
2022-05-06,10.315445423465253
2022-05-11,10.333571901467064
2022-05-12,10.394323991054222
2022-05-13,10.32808460457588
2022-05-16,10.443399182715307
2022-05-17,10.300582533336677
2022-05-18,10.425845270669187
2022-05-19,10.245196881537977
2022-05-20,10.220462704115496
2022-05-23,10.33532569094464
2022-05-24,10.296775847373365
2022-05-25,9.755327543745707
2022-05-26,9.59603281245387
2022-05-27,9.711541214463292
2022-05-30,9.77836895372568
2022-05-31,9.69030349399944
2022-06-01,9.29792697930738
2022-06-02,9.233010483405169
2022-06-03,9.139605988126732
2022-06-06,9.10153462795007
2022-06-07,9.109672555739312
2022-06-08,9.081302580410732
2022-06-09,9.082096782490012
2022-06-10,9.20051501701966
2022-06-14,9.124061440884002
2022-06-15,9.105378558348852
2022-06-16,8.992806077628689
2022-06-17,8.982211245687722
2022-06-20,8.99605408546531
2022-06-21,8.929293957047225
2022-06-22,8.926656868678462
2022-06-23,8.83867014668407
2022-06-24,8.73229115740559
2022-06-27,8.650237750180011
2022-06-28,8.58561225087524
2022-06-29,8.61095066178137
2022-06-30,8.710078880214045
2022-07-01,8.755748803640495
2022-07-04,8.865441374777582
2022-07-05,8.936439973861688
2022-07-06,8.887632098680287
2022-07-07,8.856558440090634
2022-07-08,8.764294739070744
2022-07-11,8.780184157581704
2022-07-12,8.805200696333571
2022-07-13,8.827010464915475
2022-07-14,8.865384014381217
2022-07-15,8.84542450689938
2022-07-18,8.935171454012792
2022-07-19,8.925228358834536
2022-07-20,8.86551585926567
2022-07-21,8.694256383049526
2022-07-22,8.481351235784462
2022-07-25,8.481427262593023
2022-07-26,8.450247527488152
2022-07-27,8.422983677327434
2022-07-28,8.37271451216437
2022-07-29,8.340837161421177
2022-08-01,8.328010899234073
2022-08-02,8.322765951649114
2022-08-03,8.383077800802564
2022-08-04,8.346093132342025
2022-08-05,8.488078318584158
2022-08-08,8.45669323484628
2022-08-09,8.38176313005603
2022-08-10,8.448387146013548
2022-08-11,8.497144862499105
2022-08-12,8.544045199060623
2022-08-15,8.542059825727977
2022-08-16,8.529376290505542
2022-08-17,8.490586289309965
2022-08-18,8.51516941711601
2022-08-19,8.547215869940562
2022-08-22,8.607641587958348
2022-08-23,8.655412193494039
2022-08-24,8.588058277507727
2022-08-25,8.5595029966677
2022-08-26,8.535220908482199
2022-08-29,8.484994386027056
2022-08-30,8.502433389491483
2022-08-31,8.461755185831588
2022-09-01,8.418946708684194
2022-09-02,8.297981010291844
2022-09-05,8.256639347171957
2022-09-06,8.275050463011112
2022-09-07,8.253390310793595
2022-09-08,8.346704003674898
2022-09-09,8.341591681614723
2022-09-12,8.314338759239192
2022-09-13,8.360738602461804
2022-09-14,8.335139739635977
2022-09-15,8.319717387450654
2022-09-16,8.39522187530899
2022-09-19,8.567644051420409
2022-09-20,9.16499962272117
2022-09-21,9.046528308063696
2022-09-22,9.43710172560266
2022-09-23,9.57047223379719
2022-09-26,9.789099428809456
2022-09-27,9.572680511637977
2022-09-28,9.827467500486486
2022-09-29,10.125409890148052
2022-09-30,10.185532509630749
2022-10-03,9.695760997734505
2022-10-04,9.639262090619937
2022-10-05,9.6479171349775
2022-10-06,9.48454727112491
2022-10-07,9.478525633283263
2022-10-10,9.63320318679175
2022-10-11,9.51194708651335
2022-10-12,9.462061844308243
2022-10-13,9.37093149431032
2022-10-14,9.334658897280246
2022-10-17,9.232451446841283
2022-10-18,9.205277987261518
2022-10-19,9.185494128116268
2022-10-20,9.142670633185634
2022-10-21,9.025361958449915
2022-10-24,9.014087910289636
2022-10-25,9.001283913527969
2022-10-26,9.05802194295038
2022-10-27,9.12294658227948
2022-10-28,9.118878108131655
2022-10-31,9.29363568445618
2022-11-01,9.2400824097449
2022-11-02,9.40064521784878
2022-11-03,9.383770326506744
2022-11-07,9.43703832799432
2022-11-08,9.59315169432804
2022-11-09,9.491472355388364
2022-11-10,9.361671062199894
2022-11-11,9.34648805728322
2022-11-14,9.44106991621827
2022-11-15,9.352421980409286
2022-11-16,9.161038574332704
2022-11-17,9.170974014721466
2022-11-18,9.121348147559717
2022-11-21,9.126362887601625
2022-11-22,9.150462885137078
2022-11-23,9.139383787088873
2022-11-24,9.080601878052596
2022-11-25,9.104864408583758
2022-11-28,9.13725723671448
2022-11-29,9.129288300790384
2022-11-30,9.128267400465662
2022-12-01,9.144456073103214
2022-12-02,9.218199070642472
2022-12-05,9.250038535233717
2022-12-06,9.24198938016767
2022-12-07,9.192862594245256
2022-12-08,9.141812089123905
2022-12-09,9.165564377219626
2022-12-12,9.124511784525067
2022-12-13,9.13321877622073
2022-12-14,9.114479210728543
2022-12-15,9.181972298247556
2022-12-16,9.170456897703192
2022-12-19,9.27757083227705
2022-12-20,9.3029649248364
2022-12-21,9.270982423965869
2022-12-22,9.278943180407715
2022-12-23,9.232810569061131
2022-12-26,9.25790253783896
2022-12-27,9.341428174386124
2022-12-28,9.299715512425056
2022-12-29,9.3097707877853
2022-12-30,9.325677437259095
2023-01-03,9.19119733817988
2023-01-04,9.150266270332065
2023-01-05,9.12391614529069
2023-01-06,9.212582413863355
2023-01-09,9.35577766162192
2023-01-10,9.313204509024509
2023-01-11,9.351165749300597
2023-01-12,9.3493250948109
2023-01-13,9.329210150393742
2023-01-16,9.3224288849028
2023-01-17,9.290770535260528
2023-01-18,9.26555590830056
2023-01-19,9.305559133392972
2023-01-20,9.301798538954875
2023-01-23,9.319878390681646
2023-01-24,9.36486693594436
2023-01-25,9.319273362372105
2023-01-26,9.285820555593371
2023-01-27,9.356906090540162
2023-01-30,9.367634083465704
2023-01-31,9.31963642589193
2023-02-01,9.319306829128294
2023-02-02,9.26167960564328
2023-02-03,9.333091048798911
2023-02-06,9.303295938938591
2023-02-07,9.306193392011576
2023-02-08,9.32442671862197
2023-02-09,9.430567351423155
2023-02-10,9.437159359118574
2023-02-13,9.5540308587182
2023-02-14,9.50926513989745
2023-02-15,9.643472380598883
2023-02-16,9.625260974590375
2023-02-17,9.620092079927822
2023-02-20,9.720625177880729
2023-02-21,9.694559320970008
2023-02-22,9.687575138303162
2023-02-24,9.623995508545535
2023-02-27,9.57301922125544
2023-02-28,9.637838839354274
2023-03-01,9.621020580995587
2023-03-02,9.616541825644395
2023-03-03,9.60542717431574
2023-03-06,9.575522226649593
2023-03-07,9.5776545235702
2023-03-09,9.582029205463938
2023-03-10,9.535800780906657
2023-03-13,9.545284827846224
2023-03-14,9.548173505687242
2023-03-15,9.637669759545789
2023-03-16,9.633058480424506
2023-03-17,9.729507623017142
2023-03-20,9.71967867269643
2023-03-21,9.711962821556575
2023-03-22,9.702012590189725
2023-03-23,9.666330059926164
2023-03-24,9.643610938391124
2023-03-27,9.607847477987283
2023-03-28,9.576019218924682
2023-03-29,9.587651116504858
2023-03-30,9.59771818365005
2023-03-31,9.612149656304346
2023-04-03,9.653312465339605
2023-04-04,9.684540577521595
2023-04-05,9.667541391912929
2023-04-06,9.716674344221566
2023-04-07,9.712964542877778
2023-04-10,9.711068439302185
2023-04-11,9.684994784103653
2023-04-12,9.7214858430426
2023-04-13,9.701828442492475
2023-04-14,9.70490947391438
2023-04-17,9.71950984463894
2023-04-18,9.675567225671177
2023-04-19,9.682730983365497
2023-04-20,9.68010091715632
2023-04-21,9.673806550678554
2023-04-24,9.669010186325243
2023-04-25,9.629994941128706
2023-04-26,9.605743267797372
2023-04-27,9.5807822803909
2023-04-28,9.549827740213402
2023-05-02,9.501814292526324
2023-05-03,9.480394289181326
2023-05-04,9.49490594140716
2023-05-05,9.503241870223022
2023-05-08,9.505393451504697
2023-05-10,9.483877239229855
2023-05-11,9.519077831983026
2023-05-12,9.52076697377684
2023-05-15,9.537486797057948
2023-05-16,9.513033843255192
2023-05-17,9.53188371151066
2023-05-18,9.512384878474675
2023-05-19,9.514853496483934
2023-05-22,9.549451381796526
2023-05-23,9.569228385372686
2023-05-24,9.550883529617304
2023-05-25,9.538573234036708
2023-05-26,9.536985335661695
2023-05-29,9.557718490082312
2023-05-30,9.555067631827963
2023-05-31,9.55285594228612
2023-06-01,9.567915660405555
2023-06-02,9.563269928297837
2023-06-05,9.594460278714646
2023-06-06,9.591609467734475
2023-06-07,9.579264068404282
2023-06-08,9.571463645169365
2023-06-09,9.601144866478515
2023-06-13,9.590549590457286
2023-06-14,9.643037104325703
2023-06-15,9.628909838431587
2023-06-16,9.621667544269076
2023-06-19,9.642857740162158
2023-06-20,9.717416197079045
2023-06-21,9.731641988686237
2023-06-22,9.756162103680822
2023-06-23,9.76808214844178
2023-06-26,9.7808854696813
2023-06-27,9.841690755549305
2023-06-28,9.777939775234756
2023-06-29,9.802137739568929
2023-06-30,9.877622747607706
2023-07-03,9.861550095377035
2023-07-04,9.937416643515572
2023-07-05,9.899713659766318
2023-07-06,9.915285696121655
2023-07-07,9.979263529304983
2023-07-10,10.05342932006541
2023-07-11,10.11743081018992
2023-07-12,10.059003316600611
2023-07-13,10.11814518224674
2023-07-14,10.2027004536267
2023-07-17,10.329806229539118
2023-07-18,10.403308504772044
2023-07-19,10.415820598950166
2023-07-20,10.361080968055456
2023-07-21,10.475351340249729
2023-07-24,10.37474578939037
2023-07-25,10.357964226841675
2023-07-26,10.345404457693764
2023-07-27,10.320387482276438
2023-07-28,10.37811986101702
2023-07-31,10.378095310766213
2023-08-01,10.43725216809257
2023-08-02,10.435096113359354
2023-08-03,10.453312867595654
2023-08-04,10.511727090902957
2023-08-07,10.45377375612606
2023-08-08,10.519948583540106
2023-08-09,10.724558242257933
2023-08-10,10.78267392143275
2023-08-11,10.766444041058376
2023-08-14,10.969235835527025
2023-08-15,11.050516638484796
2023-08-16,11.062035960982875
2023-08-17,10.923187917412402
2023-08-18,10.906716349626366
2023-08-21,10.943724431034084
2023-08-22,10.947700964528684
2023-08-23,10.946467735511645
2023-08-24,11.041317368711637
2023-08-25,11.065004055513716
2023-08-28,11.092578506786488
2023-08-29,11.062916752237715
2023-08-30,11.075670809725068
2023-08-31,11.067458904614291
2023-09-01,11.17407609041936
2023-09-04,11.169401981407034
2023-09-05,11.25747825299921
2023-09-06,11.565994907984956
2023-09-07,11.735723381171235
2023-09-08,12.04674695744703
2023-09-11,11.956975872285836
2023-09-12,11.739602747877598
2023-09-13,11.721223229609356
2023-09-14,11.840645692960615
2023-09-15,11.868122934147696
2023-09-18,11.742592701124456
2023-09-19,11.835863940750867
2023-09-20,11.89623971861975
2023-09-21,11.829971298076616
2023-09-22,11.860332516358408
2023-09-25,11.921796339097137
2023-09-26,11.891325643053086
2023-09-27,11.899464848904096
2023-09-28,12.059426813258025
2023-09-29,12.092107030996411
2023-10-02,12.197108164421454
2023-10-03,12.232193348551943
2023-10-04,12.336495269165626
2023-10-05,12.31946641546986
2023-10-06,12.27151542580196
2023-10-09,12.34756317609984
2023-10-10,12.323061004651723
2023-10-11,12.284720256640824
2023-10-12,12.223851205448424
2023-10-13,12.17944997531446
2023-10-16,12.178580801912098
2023-10-17,12.338038301950329
2023-10-18,12.42205079532608
2023-10-19,12.45075512796774
2023-10-20,12.484443891056852
2023-10-23,12.278069026735828
2023-10-24,12.36933079061422
2023-10-25,12.32733632181018
2023-10-26,12.415047280209922
2023-10-27,12.435083676998747
2023-10-30,12.47614549551319
2023-10-31,12.446512283190048
2023-11-01,12.219848617554964
2023-11-02,12.05036510689197
2023-11-03,11.91927891067246
2023-11-06,11.942688792306
2023-11-07,11.865889203753644
2023-11-08,11.865604508259931
2023-11-09,11.530722240742698
2023-11-10,11.557920295565417
2023-11-13,11.725319071727537
2023-11-14,11.826218676861313
2023-11-15,11.83695638537312
2023-11-16,11.775093670152303
2023-11-17,11.72934954992244
2023-11-20,11.684578294366863
2023-11-21,11.631210037533624
2023-11-22,11.5372494515527
2023-11-23,11.58923287682101
2023-11-24,11.635017929043068
2023-11-27,11.593444176324198
2023-11-28,11.573442603617876
2023-11-29,11.589634806427297
2023-11-30,11.64367970394833
2023-12-01,11.726387489337696
2023-12-04,11.87008393217206
2023-12-05,11.968684356922289
2023-12-06,12.003731122162264
2023-12-07,12.111209875473872
2023-12-08,12.211299827851407
2023-12-11,12.206795744400022
2023-12-12,12.331031779092406
2023-12-13,12.435159247252514
2023-12-14,12.503767534757705
2023-12-15,12.368310372160929
2023-12-18,11.90582167070071
2023-12-19,11.83792618958439
2023-12-20,11.806743741250214
2023-12-21,11.786416748058626
2023-12-22,11.895240939143491
2023-12-25,11.876116968866812
2023-12-26,12.004815681934522
2023-12-27,12.023402158824158
2023-12-28,11.873313157022846
2023-12-29,11.688174619552717
2024-01-03,11.807326198632628
2024-01-04,11.730019126077895
2024-01-05,11.762483254130364
2024-01-08,11.770261948891015
2024-01-09,11.99567908382284
2024-01-10,11.775511879419698
2024-01-11,11.865841656330446
2024-01-12,12.005460458769337
2024-01-15,11.896977271639631
2024-01-16,11.791891275486387
2024-01-17,11.709190813431402
2024-01-18,11.757146709625175
2024-01-19,11.719496327642066
2024-01-22,11.765747393538485
2024-01-23,11.75404135025242
2024-01-24,11.673230348645136
2024-01-25,11.648848111129803
2024-01-26,11.700113612354857
2024-01-29,11.85899840581266
2024-01-30,11.831430579267298
2024-01-31,11.777543309712634
2024-02-01,11.950841582628314
2024-02-02,11.95209152425214
2024-02-05,11.94954546700986
2024-02-06,11.915382226676495
2024-02-07,11.885665401669977
2024-02-08,11.935907448397076
2024-02-09,11.922546955721014
2024-02-12,11.89851912860771
2024-02-13,11.93213360154144
2024-02-14,11.836909568913034
2024-02-15,11.959064574973375
2024-02-16,12.137881598065148
2024-02-19,12.16529267767632
2024-02-20,12.045640924271408
2024-02-21,12.116900126512451
2024-02-22,12.226615417659216
2024-02-26,12.273250406628833
2024-02-27,12.265524123605864
2024-02-28,12.262789508805591
2024-02-29,12.353129283180952
2024-03-01,12.225433740750624
2024-03-04,12.392045341074542
2024-03-05,12.399595534660946
2024-03-06,12.556886071139472
2024-03-07,12.52808550306419
2024-03-11,12.55768008792748
2024-03-12,12.665913412274588
2024-03-13,12.711599607883816
2024-03-14,12.721338462689436
2024-03-15,12.799337376942988
2024-03-18,12.811659290538511
2024-03-19,12.795246953206483
2024-03-20,12.812362736439864
2024-03-21,12.855876613682415
2024-03-22,12.747728475456933
2024-03-25,12.8348769275354
2024-03-26,12.94516127324794
2024-03-27,12.792115375667269
2024-03-28,12.81081978081524
2024-03-29,12.851570034438842
2024-04-01,12.892472835114257
2024-04-02,12.9402394747107
2024-04-03,12.963391941568236
2024-04-04,13.025642797378724
2024-04-05,13.074422306671106
2024-04-08,13.11903636882752
2024-04-09,13.128116331531723
2024-04-10,13.162050492185418
2024-04-11,13.223807645195397
2024-04-12,13.29923922505829
2024-04-15,13.220521803254504
2024-04-16,13.459026040615552
2024-04-17,13.357652796281428
2024-04-18,13.370276721061211
2024-04-19,13.276854961023464
2024-04-22,13.238406232077349
2024-04-23,13.370350801477038
2024-04-24,13.347869804094548
2024-04-25,13.315515158544322
2024-04-26,13.499458832608925
2024-04-27,13.504374680457463
2024-04-29,13.57283646143863
2024-04-30,13.549240962843756
2024-05-02,13.617558221124092
2024-05-03,13.669527356096056
2024-05-06,13.606588641393593
2024-05-07,13.636092433211711
2024-05-08,13.658842462629384
2024-05-10,13.616061061643636
2024-05-13,13.79125837944699
2024-05-14,14.016631671273473
2024-05-15,14.100628155723903
2024-05-16,14.259289402229648
2024-05-17,14.280017726555428
2024-05-20,14.37642058810904
2024-05-21,14.528455788494888
2024-05-22,14.58920526186438
2024-05-23,14.772684834220362
2024-05-24,14.997448033282136
2024-05-27,15.094944469923632
2024-05-28,15.077526678674014
2024-05-29,15.285604143502509
2024-05-30,15.261178339917825
2024-05-31,15.346020903818848
2024-06-03,15.423259365053532
2024-06-04,15.223413749291614
2024-06-05,14.957907231937773
2024-06-06,15.002798987849951
2024-06-07,15.03979424149049
2024-06-10,15.271164473175403
2024-06-11,15.322237842656804
2024-06-13,15.360266389437726
2024-06-14,15.360749853626876
2024-06-17,15.613307790756314
2024-06-18,15.740370023297356
2024-06-19,15.801696232717454
2024-06-20,15.99241216403604
2024-06-21,16.003558987680467
2024-06-24,15.911933100711174
2024-06-25,15.821675179164462
2024-06-26,15.56374802074978
2024-06-27,15.60895909371749
2024-06-28,15.634624674323147
2024-07-01,15.551869249985796
2024-07-02,15.585020848340104
2024-07-03,15.574624925997217
2024-07-04,15.741515609597911
2024-07-05,15.79438980244101
2024-07-08,15.823318746738211
2024-07-09,15.909628643629611
2024-07-10,15.963046048388318
2024-07-11,15.95953216893724
2024-07-12,16.04546602446748
2024-07-15,16.305513977601183
2024-07-16,16.57186870465457
2024-07-17,16.53125015174728
2024-07-18,16.36614437461339
2024-07-19,16.34076820836985
2024-07-22,16.19543086769719
2024-07-23,16.321876888723065
2024-07-24,16.17498292794952
2024-07-25,16.073060907116886
2024-07-26,16.569597196074646
2024-07-29,16.697994376554725
2024-07-30,16.491120598197774
2024-07-31,16.16097537277752
2024-08-01,16.097247309127273
2024-08-02,16.23318904880633
2024-08-05,16.159830555550347
2024-08-06,16.24193148511681
2024-08-07,16.087839138094285
2024-08-08,15.919759661269506
2024-08-09,15.860884863380864
2024-08-12,15.844820359618094
2024-08-13,15.830700701229471
2024-08-14,15.576831513400148
2024-08-15,15.913126502753116
2024-08-16,16.153031865144474
2024-08-19,16.19451629999191
2024-08-20,16.220518811924435
2024-08-21,16.14170255526506
2024-08-22,16.238887980005945
2024-08-23,16.266699388121552
2024-08-26,16.39456284006222
2024-08-27,16.3199914747282
2024-08-28,16.439745899503876
2024-08-29,16.470653656261547
2024-08-30,16.681008435671195
2024-09-02,16.72277969606297
2024-09-03,16.770745341161476
2024-09-04,16.47534275231739
2024-09-05,16.317714027149812
2024-09-06,16.416064936595575
2024-09-09,16.46752319567426
2024-09-10,16.522299454029167
2024-09-11,16.38710139876618
2024-09-12,16.716482087758777
2024-09-13,16.89742997133672
2024-09-16,16.957769531283184
2024-09-17,17.02869716354074
2024-09-18,17.203372742195565
2024-09-19,17.265892433080964
2024-09-20,17.291087527541805
2024-09-23,17.294083402681682
2024-09-24,17.256166421157904
2024-09-25,17.20530335763264
2024-09-26,17.25202361859226
2024-09-27,17.389113460338912
2024-09-30,17.478542731794633
2024-10-01,17.499573813466917
2024-10-02,17.629563248808555
2024-10-03,17.7888602433393
2024-10-04,17.842200129366525
2024-10-07,18.053769298881093
2024-10-08,18.09603458196072
2024-10-09,18.139181363533208
2024-10-10,18.074093884485286
2024-10-11,17.994053820229006
2024-10-14,18.0187736831742
2024-10-15,18.06575649727291
2024-10-16,18.07361693017169
2024-10-17,18.100024161309094
2024-10-18,18.107343001073485
2024-10-21,18.14641701274449
2024-10-22,18.247186514837765
2024-10-23,18.22406521619928
2024-10-24,18.388001060134407
2024-10-25,18.751504718428524
2024-10-28,19.06559447857834
2024-10-29,19.01955324041356
2024-10-30,18.92758111511985
2024-10-31,19.25454196412073
2024-11-01,19.17504357642948
2024-11-02,19.196533373728684
2024-11-05,19.1330990978702
2024-11-06,18.9128789477828
2024-11-07,18.43270653884949
2024-11-08,18.37298823453719
2024-11-11,18.38432083952157
2024-11-12,18.20343005004972
2024-11-13,18.13581184197155
2024-11-14,18.11117150704904
2024-11-15,18.09813500393356
2024-11-18,18.171147335647152
2024-11-19,18.615028641986274
2024-11-20,18.449755946502133
2024-11-21,18.45625055259379
2024-11-22,18.361822057891786
2024-11-25,18.486768651456376
2024-11-26,18.50190118444588
2024-11-27,18.412151768647632
2024-11-28,18.53032170327338
2024-11-29,18.6254647571616
2024-12-02,18.51027589436412
2024-12-03,18.52036288252729
2024-12-04,18.57242894944904
2024-12-05,18.55921295604261
2024-12-06,18.38377134214202
2024-12-09,18.5969660150718
2024-12-10,18.606725211972464
2024-12-11,18.30943808930181
2024-12-12,18.63867090085907
2024-12-13,18.459282764627204
2024-12-16,18.65716082864943
2024-12-17,18.83374434347931
2024-12-18,18.66534326776812
2024-12-19,18.75744456904172
2024-12-20,17.40002924929125
2024-12-23,16.350469905819985
2024-12-24,16.560260647271985
2024-12-25,16.52247254396544
2024-12-26,16.537747826561787
2024-12-27,16.57126395063182
2024-12-28,16.69157862537045
2024-12-30,16.484549765975043
2025-01-03,16.54883612334961
2025-01-06,16.46792976931819
2025-01-08,16.39682387737298
2025-01-09,16.661200141968035
2025-01-10,16.68072532333138
2025-01-13,16.608919021990467
2025-01-14,16.660932420463492
2025-01-15,16.8962593114242
2025-01-16,16.83794301565169
2025-01-17,16.919738014453458
2025-01-20,16.730966546392146
2025-01-21,16.877645142672893
2025-01-22,16.85796072388368
2025-01-23,16.91453541181247
2025-01-24,16.922922324268065
2025-01-27,16.763029935840756
2025-01-28,16.765602904812326
2025-01-29,16.84478811131569
2025-01-30,16.956597127116567
2025-01-31,17.023354229490128
2025-02-03,17.24598036015854
2025-02-04,17.35761598165424
2025-02-05,17.100951780030506
2025-02-06,17.11945355389495
2025-02-07,17.072424591756818
2025-02-10,17.039812230250195
2025-02-11,17.17442829393989
2025-02-12,17.133724778491
2025-02-13,15.955903518279069
2025-02-14,16.589717884060097
2025-02-17,16.564971280399064
2025-02-18,16.508236605703974
2025-02-19,16.5357688524981
2025-02-20,16.403880197717257
2025-02-21,16.487349093298764
2025-02-24,16.496101447702436
2025-02-25,16.434505430050738
2025-02-26,16.271584383107008
2025-02-27,16.286739297329355
2025-02-28,16.344589931785535
2025-03-03,16.210839595324543
2025-03-04,16.03137954020668
2025-03-05,15.5455141550638
2025-03-06,15.23042003263344
2025-03-07,15.173957564897457
2025-03-10,14.890060037428654
2025-03-11,15.142027833097572
2025-03-12,15.02348756462959
2025-03-13,15.135091517642142
2025-03-14,14.873755380633224
2025-03-17,14.709162505159656
2025-03-18,14.557769943585283
2025-03-19,14.633117212460457
2025-03-20,14.742359689533524
2025-03-21,14.875370808336342
2025-03-24,15.147545086743296
2025-03-25,15.207825730690416
2025-03-26,15.379578509014925
2025-03-27,15.422742678619162
2025-03-28,15.55223622740336
2025-03-31,15.643344012496808
2025-04-01,15.481206843122376
2025-04-02,15.622287313057305
2025-04-03,15.955559996921265
2025-04-04,16.125818568480966
2025-04-07,16.26644348483943
2025-04-08,16.0920191676315
2025-04-09,16.472096497924184
2025-04-10,16.219238796779468
2025-04-11,15.91669468774224
2025-04-14,15.836378464165591
2025-04-15,15.980635828984258
2025-04-16,15.856145244603038
2025-04-17,15.904357230004052
2025-04-18,15.958238525858205
2025-04-21,15.874246288603167
2025-04-22,15.843136260137936
2025-04-23,15.94425686378349
2025-04-24,15.851870008834236
2025-04-25,15.793102649702796
2025-04-28,15.930604098770363
2025-04-29,16.133433871879177
2025-04-30,16.061569434919743
2025-05-02,16.452687828255197
2025-05-05,16.452735872117863
2025-05-06,16.51252053281398
2025-05-07,16.11818585824436
2025-05-08,16.103751831989264
2025-05-12,16.071587429445234
2025-05-13,16.237201722607786
2025-05-14,16.00221138566733
2025-05-15,16.175720910825618
2025-05-16,16.118165537075278
2025-05-19,16.056700334686468
2025-05-20,15.969937479713003
2025-05-21,15.922382307174242
2025-05-22,15.858719548777689
2025-05-23,15.723896084856136
2025-05-26,16.06498186510048
2025-05-27,16.051634411924496
2025-05-28,15.932118360631042
2025-05-29,15.730258529388095
2025-05-30,15.57715309869292
2025-06-02,15.495526251291205
2025-06-03,15.284117768702576
2025-06-04,15.157606353099728
2025-06-05,15.169111948155711
2025-06-06,15.435624529584402
2025-06-09,15.332961764689813
2025-06-10,15.11859675837599
2025-06-11,14.998593817350248
2025-06-13,15.089018571439716
2025-06-16,15.175656681031736
2025-06-17,15.219753084034782
2025-06-18,15.030290615411989
2025-06-19,14.922228735226351
2025-06-20,14.879851215096318
2025-06-23,14.941248435652588
2025-06-24,14.986549239468497
2025-06-25,14.779000095866056
2025-06-26,14.753983885058927
2025-06-27,14.56888831191434
2025-06-30,14.48716531290206
2025-07-01,14.4771641827802
2025-07-02,14.402880743253132
2025-07-03,14.443660357417333
2025-07-04,14.437911295036
2025-07-07,14.510842522285516
2025-07-08,14.49757840817558
2025-07-09,14.688938983431044
2025-07-10,14.590183562818648
2025-07-11,14.602924945526707
2025-07-14,14.542863246682902
2025-07-15,14.301836899007212
2025-07-16,14.17771227006308
2025-07-17,14.147301873007232
2025-07-18,14.061828132697451
2025-07-21,14.01796134123825
2025-07-22,14.073510616623407
2025-07-23,14.01683652932646
2025-07-24,13.951240600308632
2025-07-25,13.902541117156009
2025-07-28,13.93309987221112
2025-07-29,13.790516733322187
2025-07-30,13.846363503049377
2025-07-31,13.844239207720063
2025-08-01,13.903892449782562
2025-08-04,13.808568826057588
2025-08-05,13.76968301501227
2025-08-06,13.852250850257697
2025-08-07,13.633375411461037
2025-08-08,13.499294696552266
2025-08-11,13.432765208686035
2025-08-12,13.37973009449318
2025-08-13,13.478475136699595
2025-08-14,13.461288503458224
2025-08-15,13.226911392536888
2025-08-18,13.29450870714992
2025-08-19,13.175751860286432
2025-08-20,13.34512037331712
2025-08-21,13.54059929452145
2025-08-22,13.475500981158904
2025-08-25,13.58463806156136
2025-08-26,13.675387549023489
2025-08-27,13.663230738064811
2025-08-28,13.71764278921306
2025-08-29,13.817838782305849
2025-09-01,13.782504603080836
2025-09-02,13.821688410293165
2025-09-03,13.641837294628068
2025-09-04,13.533378537022433
2025-09-05,13.534439420824553
2025-09-08,13.451703213658362
2025-09-09,13.56903872782751
2025-09-10,13.569322864332944
2025-09-11,13.6277451424466
2025-09-12,13.862061255167111
2025-09-15,13.929722958635129
2025-09-16,13.98231609076004
2025-09-17,13.952394017829906
2025-09-18,14.060718310138176
2025-09-19,14.23056499936395
2025-09-22,14.220092353154868
2025-09-23,14.256812523635752
2025-09-24,14.376732489281508
2025-09-25,14.511251999291307
2025-09-26,14.508663609916097
2025-09-29,14.681082678085811
2025-09-30,14.719140958247312
2025-10-01,14.755253839905812
2025-10-02,14.88011319118463
2025-10-03,14.826153246593288
2025-10-06,14.853909808848131
2025-10-07,14.862861318197073
2025-10-08,15.061044553171854
2025-10-09,14.964046810550858
2025-10-10,15.047829272610723
2025-10-13,15.137961511048893
2025-10-14,15.383340428791236
2025-10-15,15.397459852201711
2025-10-16,15.034921800367496
2025-10-17,14.839182747615752
2025-10-20,15.004071243211214
2025-10-21,15.2942951937606
2025-10-22,15.163124081970736
2025-10-23,15.236516376372844
2025-10-24,15.297715773244636
2025-10-27,15.411340485196035
2025-10-28,15.302459962078483
2025-10-29,15.046980673788845
2025-10-30,15.00285033017823
2025-10-31,15.052663906742067
2025-11-01,15.035394861844996
2025-11-03,14.877171834017622
2025-11-05,14.90800751149397
2025-11-06,15.03572026935056
2025-11-07,14.923916460833665
2025-11-10,14.810459947986686
2025-11-11,14.69387149664394
2025-11-12,14.676094735981549
2025-11-13,14.617858349103008
2025-11-14,14.64714887534575
2025-11-17,14.79697576599508
2025-11-18,14.671925673102692
2025-11-19,14.611968182350022
2025-11-20,14.617067619931978
2025-11-21,14.499786902509948
2025-11-24,14.581709500336304
2025-11-25,14.56599256418405
2025-11-26,14.714229891442551
2025-11-27,14.83060185681082
2025-11-28,14.732357092457905
2025-12-01,14.859277114572954
2025-12-02,14.730693161610889
2025-12-03,14.604490418529537
2025-12-04,14.563459374385436
2025-12-05,14.473397170721205
2025-12-08,14.47621079529302
2025-12-09,14.530646305812134
2025-12-10,14.577312517348371
2025-12-11,14.425673026470797
2025-12-12,14.270794797563791
2025-12-15,14.381267584887269
2025-12-16,14.285996820351588
2025-12-17,14.31604786791254
2025-12-18,14.264500329750508
2025-12-19,14.420135977701886
2025-12-22,14.620555392188272
2025-12-23,14.578438863702448
2025-12-24,14.59160041416463
2025-12-25,14.692921168930615
2025-12-26,14.736423306641557
2025-12-29,14.647035674919184
2025-12-30,14.484748131645087
2026-01-05,14.374918593618569
2026-01-06,14.227291964047794
2026-01-08,14.534991241118345
2026-01-09,14.407872412866496
2026-01-12,14.664628093364415
2026-01-13,14.794590576315825
2026-01-14,14.770644002661037
2026-01-15,14.902952051469189
2026-01-16,14.655840603416712
2026-01-19,14.788716248915645
2026-01-20,14.892387564979614
2026-01-21,14.926563322127272
2026-01-22,14.909931131074996
2026-01-23,14.967304853297758
2026-01-26,15.117890974196868
2026-01-27,15.089644931519054
2026-01-28,15.11928170494501
2026-01-29,14.870511002196496
2026-01-30,14.91936081811074
2026-02-02,14.891645889986972
2026-02-03,14.815303915018395
2026-02-04,14.953410964234235
2026-02-05,15.062526554140732
2026-02-06,15.194198308781548
2026-02-09,15.193782818300216
2026-02-10,15.216011382774909
2026-02-11,15.063028489030849
2026-02-12,14.984355882476752
2026-02-13,14.825451115308152
2026-02-16,14.65307937977962
2026-02-17,14.62732368788111
2026-02-18,14.423230330628757
2026-02-19,14.509551200984204
2026-02-20,14.604060907669814
2026-02-24,14.535483627355838
2026-02-25,14.554877392632104
2026-02-26,14.70223930348762
2026-02-27,14.640570133257814
2026-03-02,14.725318602361636
2026-03-03,14.729290236482928
2026-03-04,14.709210420432829
2026-03-05,14.701678050702329
2026-03-06,14.688945261431227
2026-03-09,14.638449731833704
2026-03-10,14.735664978504824
2026-03-11,14.674173135418055
2026-03-12,14.398059684388498
2026-03-13,14.254312061954844
2026-03-16,14.556577215329211
2026-03-17,14.4784240154199
2026-03-18,14.425115976453815
2026-03-19,14.45006386086305
2026-03-20,14.363898607600056
2026-03-23,14.410903469510108
2026-03-24,14.379065883405495
2026-03-25,14.313314085895534
2026-03-26,14.388843072572952
2026-03-27,14.353295764123075
2026-03-30,14.424777642742548
2026-03-31,14.504187597053877
2026-04-01,14.392109014005028
2026-04-02,14.379314331597516
2026-04-03,14.40714923993218
2026-04-06,14.34498849292245
2026-04-07,14.426894627534704
2026-04-08,14.30755780320434
2026-04-09,14.367550488291636
2026-04-10,14.262263330422442
2026-04-13,14.378361100807634
2026-04-14,14.35765725849889
2026-04-15,14.109057355917653
2026-04-16,14.168479595451068
2026-04-17,14.159246563437744
2026-04-20,13.935878280810243
2026-04-21,14.068205391772825
2026-04-22,13.909974670848849
2026-04-23,13.914256776175328
2026-04-24,14.06527925059684
2026-04-27,14.038748791829448
2026-04-28,14.07665813890997
2026-04-29,14.135226973010528
2026-04-30,14.065623701288544
2026-05-04,14.08012665325462
2026-05-05,14.123545886655474
2026-05-06,14.01877257910915
2026-05-07,14.151738201464624
2026-05-08,14.194377268234536
2026-05-11,14.112493277146031
2026-05-12,14.150561639921278
2026-05-13,14.106460740567472
2026-05-14,14.2754991645766
2026-05-15,14.121902244605543
2026-05-18,14.106792819718162
2026-05-19,14.222542176111784
2026-05-20,14.152328916574008
2026-05-21,14.189089363371377
2026-05-22,14.230150008119937
2026-05-25,14.32083901444594
2026-05-26,14.339428104683538
2026-05-27,14.295881833764934
2026-05-28,14.27521675600909
2026-05-29,14.320540940229098
2026-06-01,14.373496010120324
2026-06-02,14.19151436005306
2026-06-03,14.254766860705017
2026-06-04,14.29479064418917
2026-06-05,14.28822215958534
2026-06-08,14.414108457226948
2026-06-09,14.41253719728428
2026-06-10,14.277638063747863
2026-06-11,14.417336663852875
2026-06-15,14.45056082246361
2026-06-16,14.38463802260028
2026-06-17,14.419276805433778
2026-06-18,14.461296406646309
2026-06-19,14.59296722143657
2026-06-22,14.866738704502811
2026-06-23,14.83906248010831
2026-06-24,15.064653825150188
2026-06-25,15.266562363040048
2026-06-26,15.384862733418393
2026-06-29,15.284984491556797
2026-06-30,15.317849531444306
2026-07-01,15.445877109099992
2026-07-02,15.66365991441112
2026-07-03,15.746828780760724
2026-07-06,15.833623747594071
2026-07-07,15.86308069355862
2026-07-08,15.577576041335718
2026-07-09,15.585556905922427
2026-07-10,15.552669925865882
2026-07-13,15.722554369231334
2026-07-14,15.712839943460663
2026-07-15,15.881794600818244
2026-07-16,16.06433549698627
2026-07-17,16.081322327514826
2026-07-20,16.162063314453757
2026-07-21,15.793840903771695
2026-07-22,15.766257519765505
2026-07-23,15.61843705582866
2026-07-24,15.383881464929994
2026-07-27,15.51085672515451
2026-07-28,15.411857994016875
2026-07-29,15.488328865914111
2026-07-30,15.57356853405929
2026-07-31,15.543398212347912
2026-08-03,15.561860131857186
2026-08-04,15.447564581323746
2026-08-05,15.38576765506374
2026-08-06,15.297207077835818
2026-08-07,15.334073025446337
2026-08-10,15.347485044146136
2026-08-11,15.31507307779192
2026-08-12,15.325999929225876
2026-08-13,15.289448514355964
2026-08-14,15.422141793016507
2026-08-17,15.664187987762611
2026-08-18,15.547821263132832
2026-08-19,15.547796431270688
2026-08-20,15.592488229515023
2026-08-21,15.48558543112697
2026-08-24,15.67943264299303
2026-08-25,15.5003984775977
2026-08-26,15.55139564335919
2026-08-27,15.591932432054968
