date,price,slug,market_end,market_start
2023-07-13,0.125,will-russia-ukraine-declare-a-ceasefire-by-eoy,2023-12-31,2023-07-12
2023-07-14,0.105,will-russia-ukraine-declare-a-ceasefire-by-eoy,2023-12-31,2023-07-12
2023-07-15,0.105,will-russia-ukraine-declare-a-ceasefire-by-eoy,2023-12-31,2023-07-12
2023-07-16,0.115,will-russia-ukraine-declare-a-ceasefire-by-eoy,2023-12-31,2023-07-12
2023-07-17,0.105,will-russia-ukraine-declare-a-ceasefire-by-eoy,2023-12-31,2023-07-12
2023-07-18,0.095,will-russia-ukraine-declare-a-ceasefire-by-eoy,2023-12-31,2023-07-12
2023-07-19,0.095,will-russia-ukraine-declare-a-ceasefire-by-eoy,2023-12-31,2023-07-12
2023-07-20,0.09,will-russia-ukraine-declare-a-ceasefire-by-eoy,2023-12-31,2023-07-12
2023-07-21,0.09,will-russia-ukraine-declare-a-ceasefire-by-eoy,2023-12-31,2023-07-12
2023-07-22,0.085,will-russia-ukraine-declare-a-ceasefire-by-eoy,2023-12-31,2023-07-12
2023-07-23,0.085,will-russia-ukraine-declare-a-ceasefire-by-eoy,2023-12-31,2023-07-12
2023-07-24,0.09,will-russia-ukraine-declare-a-ceasefire-by-eoy,2023-12-31,2023-07-12
2023-07-25,0.09,will-russia-ukraine-declare-a-ceasefire-by-eoy,2023-12-31,2023-07-12
2023-07-26,0.085,will-russia-ukraine-declare-a-ceasefire-by-eoy,2023-12-31,2023-07-12
2023-07-27,0.07,will-russia-ukraine-declare-a-ceasefire-by-eoy,2023-12-31,2023-07-12
2023-07-28,0.095,will-russia-ukraine-declare-a-ceasefire-by-eoy,2023-12-31,2023-07-12
2023-07-29,0.07,will-russia-ukraine-declare-a-ceasefire-by-eoy,2023-12-31,2023-07-12
2023-07-30,0.055,will-russia-ukraine-declare-a-ceasefire-by-eoy,2023-12-31,2023-07-12
2023-07-31,0.065,will-russia-ukraine-declare-a-ceasefire-by-eoy,2023-12-31,2023-07-12
2023-08-01,0.075,will-russia-ukraine-declare-a-ceasefire-by-eoy,2023-12-31,2023-07-12
2023-08-02,0.075,will-russia-ukraine-declare-a-ceasefire-by-eoy,2023-12-31,2023-07-12
2023-08-03,0.075,will-russia-ukraine-declare-a-ceasefire-by-eoy,2023-12-31,2023-07-12
2023-08-04,0.075,will-russia-ukraine-declare-a-ceasefire-by-eoy,2023-12-31,2023-07-12
2023-08-05,0.465,will-russia-ukraine-declare-a-ceasefire-by-eoy,2023-12-31,2023-07-12
2023-08-06,0.095,will-russia-ukraine-declare-a-ceasefire-by-eoy,2023-12-31,2023-07-12
2023-08-07,0.09,will-russia-ukraine-declare-a-ceasefire-by-eoy,2023-12-31,2023-07-12
2023-08-08,0.08,will-russia-ukraine-declare-a-ceasefire-by-eoy,2023-12-31,2023-07-12
2023-08-09,0.07,will-russia-ukraine-declare-a-ceasefire-by-eoy,2023-12-31,2023-07-12
2023-08-10,0.075,will-russia-ukraine-declare-a-ceasefire-by-eoy,2023-12-31,2023-07-12
2023-08-11,0.075,will-russia-ukraine-declare-a-ceasefire-by-eoy,2023-12-31,2023-07-12
2023-08-12,0.075,will-russia-ukraine-declare-a-ceasefire-by-eoy,2023-12-31,2023-07-12
2023-08-13,0.075,will-russia-ukraine-declare-a-ceasefire-by-eoy,2023-12-31,2023-07-12
2023-08-14,0.08,will-russia-ukraine-declare-a-ceasefire-by-eoy,2023-12-31,2023-07-12
2023-08-15,0.075,will-russia-ukraine-declare-a-ceasefire-by-eoy,2023-12-31,2023-07-12
2023-08-16,0.075,will-russia-ukraine-declare-a-ceasefire-by-eoy,2023-12-31,2023-07-12
2023-08-17,0.075,will-russia-ukraine-declare-a-ceasefire-by-eoy,2023-12-31,2023-07-12
2023-08-18,0.105,will-russia-ukraine-declare-a-ceasefire-by-eoy,2023-12-31,2023-07-12
2023-08-19,0.105,will-russia-ukraine-declare-a-ceasefire-by-eoy,2023-12-31,2023-07-12
2023-08-20,0.125,will-russia-ukraine-declare-a-ceasefire-by-eoy,2023-12-31,2023-07-12
2023-08-21,0.12,will-russia-ukraine-declare-a-ceasefire-by-eoy,2023-12-31,2023-07-12
2023-08-22,0.1,will-russia-ukraine-declare-a-ceasefire-by-eoy,2023-12-31,2023-07-12
2023-08-23,0.085,will-russia-ukraine-declare-a-ceasefire-by-eoy,2023-12-31,2023-07-12
2023-08-24,0.095,will-russia-ukraine-declare-a-ceasefire-by-eoy,2023-12-31,2023-07-12
2023-08-25,0.09,will-russia-ukraine-declare-a-ceasefire-by-eoy,2023-12-31,2023-07-12
2023-08-26,0.085,will-russia-ukraine-declare-a-ceasefire-by-eoy,2023-12-31,2023-07-12
2023-08-27,0.09,will-russia-ukraine-declare-a-ceasefire-by-eoy,2023-12-31,2023-07-12
2023-08-28,0.08,will-russia-ukraine-declare-a-ceasefire-by-eoy,2023-12-31,2023-07-12
2023-08-29,0.09,will-russia-ukraine-declare-a-ceasefire-by-eoy,2023-12-31,2023-07-12
2023-08-30,0.08,will-russia-ukraine-declare-a-ceasefire-by-eoy,2023-12-31,2023-07-12
2023-08-31,0.08,will-russia-ukraine-declare-a-ceasefire-by-eoy,2023-12-31,2023-07-12
2023-09-01,0.08,will-russia-ukraine-declare-a-ceasefire-by-eoy,2023-12-31,2023-07-12
2023-09-02,0.09,will-russia-ukraine-declare-a-ceasefire-by-eoy,2023-12-31,2023-07-12
2023-09-03,0.09,will-russia-ukraine-declare-a-ceasefire-by-eoy,2023-12-31,2023-07-12
2023-09-04,0.09,will-russia-ukraine-declare-a-ceasefire-by-eoy,2023-12-31,2023-07-12
2023-09-05,0.095,will-russia-ukraine-declare-a-ceasefire-by-eoy,2023-12-31,2023-07-12
2023-09-06,0.095,will-russia-ukraine-declare-a-ceasefire-by-eoy,2023-12-31,2023-07-12
2023-09-07,0.12,will-russia-ukraine-declare-a-ceasefire-by-eoy,2023-12-31,2023-07-12
2023-09-08,0.1,will-russia-ukraine-declare-a-ceasefire-by-eoy,2023-12-31,2023-07-12
2023-09-09,0.1,will-russia-ukraine-declare-a-ceasefire-by-eoy,2023-12-31,2023-07-12
2023-09-10,0.1,will-russia-ukraine-declare-a-ceasefire-by-eoy,2023-12-31,2023-07-12
2023-09-11,0.1,will-russia-ukraine-declare-a-ceasefire-by-eoy,2023-12-31,2023-07-12
2023-09-12,0.1,will-russia-ukraine-declare-a-ceasefire-by-eoy,2023-12-31,2023-07-12
2023-09-13,0.1,will-russia-ukraine-declare-a-ceasefire-by-eoy,2023-12-31,2023-07-12
2023-09-14,0.09,will-russia-ukraine-declare-a-ceasefire-by-eoy,2023-12-31,2023-07-12
2023-09-15,0.09,will-russia-ukraine-declare-a-ceasefire-by-eoy,2023-12-31,2023-07-12
2023-09-16,0.085,will-russia-ukraine-declare-a-ceasefire-by-eoy,2023-12-31,2023-07-12
2023-09-17,0.085,will-russia-ukraine-declare-a-ceasefire-by-eoy,2023-12-31,2023-07-12
2023-09-18,0.085,will-russia-ukraine-declare-a-ceasefire-by-eoy,2023-12-31,2023-07-12
2023-09-19,0.085,will-russia-ukraine-declare-a-ceasefire-by-eoy,2023-12-31,2023-07-12
2023-09-20,0.07,will-russia-ukraine-declare-a-ceasefire-by-eoy,2023-12-31,2023-07-12
2023-09-21,0.07,will-russia-ukraine-declare-a-ceasefire-by-eoy,2023-12-31,2023-07-12
2023-09-22,0.065,will-russia-ukraine-declare-a-ceasefire-by-eoy,2023-12-31,2023-07-12
2023-09-23,0.065,will-russia-ukraine-declare-a-ceasefire-by-eoy,2023-12-31,2023-07-12
2023-09-24,0.065,will-russia-ukraine-declare-a-ceasefire-by-eoy,2023-12-31,2023-07-12
2023-09-25,0.07,will-russia-ukraine-declare-a-ceasefire-by-eoy,2023-12-31,2023-07-12
2023-09-26,0.1,will-russia-ukraine-declare-a-ceasefire-by-eoy,2023-12-31,2023-07-12
2023-09-27,0.09,will-russia-ukraine-declare-a-ceasefire-by-eoy,2023-12-31,2023-07-12
2023-09-28,0.07,will-russia-ukraine-declare-a-ceasefire-by-eoy,2023-12-31,2023-07-12
2023-09-29,0.07,will-russia-ukraine-declare-a-ceasefire-by-eoy,2023-12-31,2023-07-12
2023-09-30,0.07,will-russia-ukraine-declare-a-ceasefire-by-eoy,2023-12-31,2023-07-12
2023-10-01,0.07,will-russia-ukraine-declare-a-ceasefire-by-eoy,2023-12-31,2023-07-12
2023-10-02,0.065,will-russia-ukraine-declare-a-ceasefire-by-eoy,2023-12-31,2023-07-12
2023-10-03,0.065,will-russia-ukraine-declare-a-ceasefire-by-eoy,2023-12-31,2023-07-12
2023-10-04,0.065,will-russia-ukraine-declare-a-ceasefire-by-eoy,2023-12-31,2023-07-12
2023-10-05,0.07,will-russia-ukraine-declare-a-ceasefire-by-eoy,2023-12-31,2023-07-12
2023-10-06,0.07,will-russia-ukraine-declare-a-ceasefire-by-eoy,2023-12-31,2023-07-12
2023-10-07,0.07,will-russia-ukraine-declare-a-ceasefire-by-eoy,2023-12-31,2023-07-12
2023-10-08,0.1,will-russia-ukraine-declare-a-ceasefire-by-eoy,2023-12-31,2023-07-12
2023-10-09,0.1,will-russia-ukraine-declare-a-ceasefire-by-eoy,2023-12-31,2023-07-12
2023-10-10,0.09,will-russia-ukraine-declare-a-ceasefire-by-eoy,2023-12-31,2023-07-12
2023-10-11,0.08,will-russia-ukraine-declare-a-ceasefire-by-eoy,2023-12-31,2023-07-12
2023-10-12,0.08,will-russia-ukraine-declare-a-ceasefire-by-eoy,2023-12-31,2023-07-12
2023-10-13,0.075,will-russia-ukraine-declare-a-ceasefire-by-eoy,2023-12-31,2023-07-12
2023-10-14,0.07,will-russia-ukraine-declare-a-ceasefire-by-eoy,2023-12-31,2023-07-12
2023-10-15,0.07,will-russia-ukraine-declare-a-ceasefire-by-eoy,2023-12-31,2023-07-12
2023-10-16,0.065,will-russia-ukraine-declare-a-ceasefire-by-eoy,2023-12-31,2023-07-12
2023-10-17,0.065,will-russia-ukraine-declare-a-ceasefire-by-eoy,2023-12-31,2023-07-12
2023-10-18,0.065,will-russia-ukraine-declare-a-ceasefire-by-eoy,2023-12-31,2023-07-12
2023-10-19,0.065,will-russia-ukraine-declare-a-ceasefire-by-eoy,2023-12-31,2023-07-12
2023-10-20,0.07,will-russia-ukraine-declare-a-ceasefire-by-eoy,2023-12-31,2023-07-12
2023-10-21,0.075,will-russia-ukraine-declare-a-ceasefire-by-eoy,2023-12-31,2023-07-12
2023-10-22,0.065,will-russia-ukraine-declare-a-ceasefire-by-eoy,2023-12-31,2023-07-12
2023-10-23,0.06,will-russia-ukraine-declare-a-ceasefire-by-eoy,2023-12-31,2023-07-12
2023-10-24,0.06,will-russia-ukraine-declare-a-ceasefire-by-eoy,2023-12-31,2023-07-12
2023-10-25,0.065,will-russia-ukraine-declare-a-ceasefire-by-eoy,2023-12-31,2023-07-12
2023-10-26,0.045,will-russia-ukraine-declare-a-ceasefire-by-eoy,2023-12-31,2023-07-12
2023-10-27,0.055,will-russia-ukraine-declare-a-ceasefire-by-eoy,2023-12-31,2023-07-12
2023-10-28,0.055,will-russia-ukraine-declare-a-ceasefire-by-eoy,2023-12-31,2023-07-12
2023-10-29,0.055,will-russia-ukraine-declare-a-ceasefire-by-eoy,2023-12-31,2023-07-12
2023-10-30,0.055,will-russia-ukraine-declare-a-ceasefire-by-eoy,2023-12-31,2023-07-12
2023-10-31,0.045,will-russia-ukraine-declare-a-ceasefire-by-eoy,2023-12-31,2023-07-12
2023-11-01,0.035,will-russia-ukraine-declare-a-ceasefire-by-eoy,2023-12-31,2023-07-12
2023-11-02,0.035,will-russia-ukraine-declare-a-ceasefire-by-eoy,2023-12-31,2023-07-12
2023-11-03,0.0355,will-russia-ukraine-declare-a-ceasefire-by-eoy,2023-12-31,2023-07-12
2023-11-04,0.036,will-russia-ukraine-declare-a-ceasefire-by-eoy,2023-12-31,2023-07-12
2023-11-05,0.12,will-russia-ukraine-declare-a-ceasefire-by-eoy,2023-12-31,2023-07-12
2023-11-06,0.1125,will-russia-ukraine-declare-a-ceasefire-by-eoy,2023-12-31,2023-07-12
2023-11-07,0.065,will-russia-ukraine-declare-a-ceasefire-by-eoy,2023-12-31,2023-07-12
2023-11-08,0.065,will-russia-ukraine-declare-a-ceasefire-by-eoy,2023-12-31,2023-07-12
2023-11-09,0.0635,will-russia-ukraine-declare-a-ceasefire-by-eoy,2023-12-31,2023-07-12
2023-11-10,0.109,will-russia-ukraine-declare-a-ceasefire-by-eoy,2023-12-31,2023-07-12
2023-11-11,0.083,will-russia-ukraine-declare-a-ceasefire-by-eoy,2023-12-31,2023-07-12
2023-11-12,0.0615,will-russia-ukraine-declare-a-ceasefire-by-eoy,2023-12-31,2023-07-12
2023-11-13,0.0465,will-russia-ukraine-declare-a-ceasefire-by-eoy,2023-12-31,2023-07-12
2023-11-14,0.047,will-russia-ukraine-declare-a-ceasefire-by-eoy,2023-12-31,2023-07-12
2023-11-15,0.0465,will-russia-ukraine-declare-a-ceasefire-by-eoy,2023-12-31,2023-07-12
2023-11-16,0.0465,will-russia-ukraine-declare-a-ceasefire-by-eoy,2023-12-31,2023-07-12
2023-11-17,0.0465,will-russia-ukraine-declare-a-ceasefire-by-eoy,2023-12-31,2023-07-12
2023-11-18,0.0465,will-russia-ukraine-declare-a-ceasefire-by-eoy,2023-12-31,2023-07-12
2023-11-19,0.048,will-russia-ukraine-declare-a-ceasefire-by-eoy,2023-12-31,2023-07-12
2023-11-20,0.048,will-russia-ukraine-declare-a-ceasefire-by-eoy,2023-12-31,2023-07-12
2023-11-21,0.065,will-russia-ukraine-declare-a-ceasefire-by-eoy,2023-12-31,2023-07-12
2023-11-22,0.056,will-russia-ukraine-declare-a-ceasefire-by-eoy,2023-12-31,2023-07-12
2023-11-23,0.0625,will-russia-ukraine-declare-a-ceasefire-by-eoy,2023-12-31,2023-07-12
2023-11-24,0.0755,will-russia-ukraine-declare-a-ceasefire-by-eoy,2023-12-31,2023-07-12
2023-11-25,0.1135,will-russia-ukraine-declare-a-ceasefire-by-eoy,2023-12-31,2023-07-12
2023-11-26,0.104,will-russia-ukraine-declare-a-ceasefire-by-eoy,2023-12-31,2023-07-12
2023-11-27,0.0815,will-russia-ukraine-declare-a-ceasefire-by-eoy,2023-12-31,2023-07-12
2023-11-28,0.08,will-russia-ukraine-declare-a-ceasefire-by-eoy,2023-12-31,2023-07-12
2023-11-29,0.0795,will-russia-ukraine-declare-a-ceasefire-by-eoy,2023-12-31,2023-07-12
2023-11-30,0.0725,will-russia-ukraine-declare-a-ceasefire-by-eoy,2023-12-31,2023-07-12
2023-12-01,0.0715,will-russia-ukraine-declare-a-ceasefire-by-eoy,2023-12-31,2023-07-12
2023-12-02,0.052,will-russia-ukraine-declare-a-ceasefire-by-eoy,2023-12-31,2023-07-12
2023-12-03,0.0455,will-russia-ukraine-declare-a-ceasefire-by-eoy,2023-12-31,2023-07-12
2023-12-04,0.052,will-russia-ukraine-declare-a-ceasefire-by-eoy,2023-12-31,2023-07-12
2023-12-05,0.0495,will-russia-ukraine-declare-a-ceasefire-by-eoy,2023-12-31,2023-07-12
2023-12-06,0.043,will-russia-ukraine-declare-a-ceasefire-by-eoy,2023-12-31,2023-07-12
2023-12-07,0.045,will-russia-ukraine-declare-a-ceasefire-by-eoy,2023-12-31,2023-07-12
2023-12-08,0.0445,will-russia-ukraine-declare-a-ceasefire-by-eoy,2023-12-31,2023-07-12
2023-12-09,0.044,will-russia-ukraine-declare-a-ceasefire-by-eoy,2023-12-31,2023-07-12
2023-12-10,0.041,will-russia-ukraine-declare-a-ceasefire-by-eoy,2023-12-31,2023-07-12
2023-12-11,0.0365,will-russia-ukraine-declare-a-ceasefire-by-eoy,2023-12-31,2023-07-12
2023-12-12,0.041,will-russia-ukraine-declare-a-ceasefire-by-eoy,2023-12-31,2023-07-12
2023-12-13,0.0415,will-russia-ukraine-declare-a-ceasefire-by-eoy,2023-12-31,2023-07-12
2023-12-14,0.0405,will-russia-ukraine-declare-a-ceasefire-by-eoy,2023-12-31,2023-07-12
2023-12-15,0.04,will-russia-ukraine-declare-a-ceasefire-by-eoy,2023-12-31,2023-07-12
2023-12-16,0.04,will-russia-ukraine-declare-a-ceasefire-by-eoy,2023-12-31,2023-07-12
2023-12-17,0.0425,will-russia-ukraine-declare-a-ceasefire-by-eoy,2023-12-31,2023-07-12
2023-12-18,0.0405,will-russia-ukraine-declare-a-ceasefire-by-eoy,2023-12-31,2023-07-12
2023-12-19,0.04,will-russia-ukraine-declare-a-ceasefire-by-eoy,2023-12-31,2023-07-12
2023-12-20,0.04,will-russia-ukraine-declare-a-ceasefire-by-eoy,2023-12-31,2023-07-12
2023-12-21,0.0395,will-russia-ukraine-declare-a-ceasefire-by-eoy,2023-12-31,2023-07-12
2023-12-22,0.026,will-russia-ukraine-declare-a-ceasefire-by-eoy,2023-12-31,2023-07-12
2023-12-23,0.026,will-russia-ukraine-declare-a-ceasefire-by-eoy,2023-12-31,2023-07-12
2023-12-24,0.066,will-russia-ukraine-declare-a-ceasefire-by-eoy,2023-12-31,2023-07-12
2023-12-25,0.0645,will-russia-ukraine-declare-a-ceasefire-by-eoy,2023-12-31,2023-07-12
2023-12-26,0.057,will-russia-ukraine-declare-a-ceasefire-by-eoy,2023-12-31,2023-07-12
2023-12-27,0.0565,will-russia-ukraine-declare-a-ceasefire-by-eoy,2023-12-31,2023-07-12
2023-12-28,0.035,will-russia-ukraine-declare-a-ceasefire-by-eoy,2023-12-31,2023-07-12
2023-12-29,0.026,will-russia-ukraine-declare-a-ceasefire-by-eoy,2023-12-31,2023-07-12
2023-12-30,0.0135,will-russia-ukraine-declare-a-ceasefire-by-eoy,2023-12-31,2023-07-12
2023-12-31,0.0135,will-russia-ukraine-declare-a-ceasefire-by-eoy,2023-12-31,2023-07-12
2023-12-13,0.2,ceasefire-between-russia-and-ukraine-by-june,2024-06-29,2023-12-12
2023-12-14,0.22,ceasefire-between-russia-and-ukraine-by-june,2024-06-29,2023-12-12
2023-12-15,0.23,ceasefire-between-russia-and-ukraine-by-june,2024-06-29,2023-12-12
2023-12-16,0.225,ceasefire-between-russia-and-ukraine-by-june,2024-06-29,2023-12-12
2023-12-17,0.225,ceasefire-between-russia-and-ukraine-by-june,2024-06-29,2023-12-12
2023-12-18,0.225,ceasefire-between-russia-and-ukraine-by-june,2024-06-29,2023-12-12
2023-12-19,0.23,ceasefire-between-russia-and-ukraine-by-june,2024-06-29,2023-12-12
2023-12-20,0.235,ceasefire-between-russia-and-ukraine-by-june,2024-06-29,2023-12-12
2023-12-21,0.245,ceasefire-between-russia-and-ukraine-by-june,2024-06-29,2023-12-12
2023-12-22,0.245,ceasefire-between-russia-and-ukraine-by-june,2024-06-29,2023-12-12
2023-12-23,0.61,ceasefire-between-russia-and-ukraine-by-june,2024-06-29,2023-12-12
2023-12-24,0.255,ceasefire-between-russia-and-ukraine-by-june,2024-06-29,2023-12-12
2023-12-25,0.445,ceasefire-between-russia-and-ukraine-by-june,2024-06-29,2023-12-12
2023-12-26,0.42,ceasefire-between-russia-and-ukraine-by-june,2024-06-29,2023-12-12
2023-12-27,0.36,ceasefire-between-russia-and-ukraine-by-june,2024-06-29,2023-12-12
2023-12-28,0.315,ceasefire-between-russia-and-ukraine-by-june,2024-06-29,2023-12-12
2023-12-29,0.31,ceasefire-between-russia-and-ukraine-by-june,2024-06-29,2023-12-12
2023-12-30,0.31,ceasefire-between-russia-and-ukraine-by-june,2024-06-29,2023-12-12
2023-12-31,0.29,ceasefire-between-russia-and-ukraine-by-june,2024-06-29,2023-12-12
2024-01-01,0.31,ceasefire-between-russia-and-ukraine-by-june,2024-06-29,2023-12-12
2024-01-02,0.28,ceasefire-between-russia-and-ukraine-by-june,2024-06-29,2023-12-12
2024-01-03,0.245,ceasefire-between-russia-and-ukraine-by-june,2024-06-29,2023-12-12
2024-01-04,0.245,ceasefire-between-russia-and-ukraine-by-june,2024-06-29,2023-12-12
2024-01-05,0.245,ceasefire-between-russia-and-ukraine-by-june,2024-06-29,2023-12-12
2024-01-06,0.25,ceasefire-between-russia-and-ukraine-by-june,2024-06-29,2023-12-12
2024-01-07,0.26,ceasefire-between-russia-and-ukraine-by-june,2024-06-29,2023-12-12
2024-01-08,0.27,ceasefire-between-russia-and-ukraine-by-june,2024-06-29,2023-12-12
2024-01-09,0.26,ceasefire-between-russia-and-ukraine-by-june,2024-06-29,2023-12-12
2024-01-10,0.175,ceasefire-between-russia-and-ukraine-by-june,2024-06-29,2023-12-12
2024-01-11,0.245,ceasefire-between-russia-and-ukraine-by-june,2024-06-29,2023-12-12
2024-01-12,0.27,ceasefire-between-russia-and-ukraine-by-june,2024-06-29,2023-12-12
2024-01-13,0.245,ceasefire-between-russia-and-ukraine-by-june,2024-06-29,2023-12-12
2024-01-14,0.255,ceasefire-between-russia-and-ukraine-by-june,2024-06-29,2023-12-12
2024-01-15,0.235,ceasefire-between-russia-and-ukraine-by-june,2024-06-29,2023-12-12
2024-01-16,0.225,ceasefire-between-russia-and-ukraine-by-june,2024-06-29,2023-12-12
2024-01-17,0.215,ceasefire-between-russia-and-ukraine-by-june,2024-06-29,2023-12-12
2024-01-18,0.215,ceasefire-between-russia-and-ukraine-by-june,2024-06-29,2023-12-12
2024-01-19,0.215,ceasefire-between-russia-and-ukraine-by-june,2024-06-29,2023-12-12
2024-01-20,0.215,ceasefire-between-russia-and-ukraine-by-june,2024-06-29,2023-12-12
2024-01-21,0.205,ceasefire-between-russia-and-ukraine-by-june,2024-06-29,2023-12-12
2024-01-22,0.215,ceasefire-between-russia-and-ukraine-by-june,2024-06-29,2023-12-12
2024-01-23,0.215,ceasefire-between-russia-and-ukraine-by-june,2024-06-29,2023-12-12
2024-01-24,0.17,ceasefire-between-russia-and-ukraine-by-june,2024-06-29,2023-12-12
2024-01-25,0.165,ceasefire-between-russia-and-ukraine-by-june,2024-06-29,2023-12-12
2024-01-26,0.165,ceasefire-between-russia-and-ukraine-by-june,2024-06-29,2023-12-12
2024-01-27,0.155,ceasefire-between-russia-and-ukraine-by-june,2024-06-29,2023-12-12
2024-01-28,0.155,ceasefire-between-russia-and-ukraine-by-june,2024-06-29,2023-12-12
2024-01-29,0.155,ceasefire-between-russia-and-ukraine-by-june,2024-06-29,2023-12-12
2024-01-30,0.155,ceasefire-between-russia-and-ukraine-by-june,2024-06-29,2023-12-12
2024-01-31,0.155,ceasefire-between-russia-and-ukraine-by-june,2024-06-29,2023-12-12
2024-02-01,0.165,ceasefire-between-russia-and-ukraine-by-june,2024-06-29,2023-12-12
2024-02-02,0.165,ceasefire-between-russia-and-ukraine-by-june,2024-06-29,2023-12-12
2024-02-03,0.165,ceasefire-between-russia-and-ukraine-by-june,2024-06-29,2023-12-12
2024-02-04,0.165,ceasefire-between-russia-and-ukraine-by-june,2024-06-29,2023-12-12
2024-02-05,0.165,ceasefire-between-russia-and-ukraine-by-june,2024-06-29,2023-12-12
2024-02-06,0.125,ceasefire-between-russia-and-ukraine-by-june,2024-06-29,2023-12-12
2024-02-07,0.125,ceasefire-between-russia-and-ukraine-by-june,2024-06-29,2023-12-12
2024-02-08,0.125,ceasefire-between-russia-and-ukraine-by-june,2024-06-29,2023-12-12
2024-02-09,0.125,ceasefire-between-russia-and-ukraine-by-june,2024-06-29,2023-12-12
2024-02-10,0.135,ceasefire-between-russia-and-ukraine-by-june,2024-06-29,2023-12-12
2024-02-11,0.135,ceasefire-between-russia-and-ukraine-by-june,2024-06-29,2023-12-12
2024-02-12,0.135,ceasefire-between-russia-and-ukraine-by-june,2024-06-29,2023-12-12
2024-02-13,0.125,ceasefire-between-russia-and-ukraine-by-june,2024-06-29,2023-12-12
2024-02-14,0.125,ceasefire-between-russia-and-ukraine-by-june,2024-06-29,2023-12-12
2024-02-15,0.125,ceasefire-between-russia-and-ukraine-by-june,2024-06-29,2023-12-12
2024-02-16,0.135,ceasefire-between-russia-and-ukraine-by-june,2024-06-29,2023-12-12
2024-02-17,0.135,ceasefire-between-russia-and-ukraine-by-june,2024-06-29,2023-12-12
2024-02-18,0.145,ceasefire-between-russia-and-ukraine-by-june,2024-06-29,2023-12-12
2024-02-19,0.145,ceasefire-between-russia-and-ukraine-by-june,2024-06-29,2023-12-12
2024-02-20,0.145,ceasefire-between-russia-and-ukraine-by-june,2024-06-29,2023-12-12
2024-02-21,0.145,ceasefire-between-russia-and-ukraine-by-june,2024-06-29,2023-12-12
2024-02-22,0.145,ceasefire-between-russia-and-ukraine-by-june,2024-06-29,2023-12-12
2024-02-23,0.145,ceasefire-between-russia-and-ukraine-by-june,2024-06-29,2023-12-12
2024-02-24,0.135,ceasefire-between-russia-and-ukraine-by-june,2024-06-29,2023-12-12
2024-02-25,0.125,ceasefire-between-russia-and-ukraine-by-june,2024-06-29,2023-12-12
2024-02-26,0.125,ceasefire-between-russia-and-ukraine-by-june,2024-06-29,2023-12-12
2024-02-27,0.125,ceasefire-between-russia-and-ukraine-by-june,2024-06-29,2023-12-12
2024-02-28,0.125,ceasefire-between-russia-and-ukraine-by-june,2024-06-29,2023-12-12
2024-02-29,0.125,ceasefire-between-russia-and-ukraine-by-june,2024-06-29,2023-12-12
2024-03-01,0.125,ceasefire-between-russia-and-ukraine-by-june,2024-06-29,2023-12-12
2024-03-02,0.125,ceasefire-between-russia-and-ukraine-by-june,2024-06-29,2023-12-12
2024-03-03,0.125,ceasefire-between-russia-and-ukraine-by-june,2024-06-29,2023-12-12
2024-03-04,0.115,ceasefire-between-russia-and-ukraine-by-june,2024-06-29,2023-12-12
2024-03-05,0.115,ceasefire-between-russia-and-ukraine-by-june,2024-06-29,2023-12-12
2024-03-06,0.115,ceasefire-between-russia-and-ukraine-by-june,2024-06-29,2023-12-12
2024-03-07,0.12,ceasefire-between-russia-and-ukraine-by-june,2024-06-29,2023-12-12
2024-03-08,0.12,ceasefire-between-russia-and-ukraine-by-june,2024-06-29,2023-12-12
2024-03-09,0.17,ceasefire-between-russia-and-ukraine-by-june,2024-06-29,2023-12-12
2024-03-10,0.125,ceasefire-between-russia-and-ukraine-by-june,2024-06-29,2023-12-12
2024-03-11,0.125,ceasefire-between-russia-and-ukraine-by-june,2024-06-29,2023-12-12
2024-03-12,0.125,ceasefire-between-russia-and-ukraine-by-june,2024-06-29,2023-12-12
2024-03-13,0.125,ceasefire-between-russia-and-ukraine-by-june,2024-06-29,2023-12-12
2024-03-14,0.125,ceasefire-between-russia-and-ukraine-by-june,2024-06-29,2023-12-12
2024-03-15,0.125,ceasefire-between-russia-and-ukraine-by-june,2024-06-29,2023-12-12
2024-03-16,0.12,ceasefire-between-russia-and-ukraine-by-june,2024-06-29,2023-12-12
2024-03-17,0.12,ceasefire-between-russia-and-ukraine-by-june,2024-06-29,2023-12-12
2024-03-18,0.125,ceasefire-between-russia-and-ukraine-by-june,2024-06-29,2023-12-12
2024-03-19,0.125,ceasefire-between-russia-and-ukraine-by-june,2024-06-29,2023-12-12
2024-03-20,0.125,ceasefire-between-russia-and-ukraine-by-june,2024-06-29,2023-12-12
2024-03-21,0.125,ceasefire-between-russia-and-ukraine-by-june,2024-06-29,2023-12-12
2024-03-22,0.125,ceasefire-between-russia-and-ukraine-by-june,2024-06-29,2023-12-12
2024-03-23,0.125,ceasefire-between-russia-and-ukraine-by-june,2024-06-29,2023-12-12
2024-03-24,0.125,ceasefire-between-russia-and-ukraine-by-june,2024-06-29,2023-12-12
2024-03-25,0.125,ceasefire-between-russia-and-ukraine-by-june,2024-06-29,2023-12-12
2024-03-26,0.125,ceasefire-between-russia-and-ukraine-by-june,2024-06-29,2023-12-12
2024-03-27,0.125,ceasefire-between-russia-and-ukraine-by-june,2024-06-29,2023-12-12
2024-03-28,0.125,ceasefire-between-russia-and-ukraine-by-june,2024-06-29,2023-12-12
2024-03-29,0.125,ceasefire-between-russia-and-ukraine-by-june,2024-06-29,2023-12-12
2024-03-30,0.115,ceasefire-between-russia-and-ukraine-by-june,2024-06-29,2023-12-12
2024-03-31,0.115,ceasefire-between-russia-and-ukraine-by-june,2024-06-29,2023-12-12
2024-04-01,0.115,ceasefire-between-russia-and-ukraine-by-june,2024-06-29,2023-12-12
2024-04-02,0.105,ceasefire-between-russia-and-ukraine-by-june,2024-06-29,2023-12-12
2024-04-03,0.105,ceasefire-between-russia-and-ukraine-by-june,2024-06-29,2023-12-12
2024-04-04,0.105,ceasefire-between-russia-and-ukraine-by-june,2024-06-29,2023-12-12
2024-04-05,0.105,ceasefire-between-russia-and-ukraine-by-june,2024-06-29,2023-12-12
2024-04-06,0.07,ceasefire-between-russia-and-ukraine-by-june,2024-06-29,2023-12-12
2024-04-07,0.045,ceasefire-between-russia-and-ukraine-by-june,2024-06-29,2023-12-12
2024-04-08,0.0455,ceasefire-between-russia-and-ukraine-by-june,2024-06-29,2023-12-12
2024-04-09,0.0455,ceasefire-between-russia-and-ukraine-by-june,2024-06-29,2023-12-12
2024-04-10,0.046,ceasefire-between-russia-and-ukraine-by-june,2024-06-29,2023-12-12
2024-04-11,0.0485,ceasefire-between-russia-and-ukraine-by-june,2024-06-29,2023-12-12
2024-04-12,0.0385,ceasefire-between-russia-and-ukraine-by-june,2024-06-29,2023-12-12
2024-04-13,0.0385,ceasefire-between-russia-and-ukraine-by-june,2024-06-29,2023-12-12
2024-04-14,0.0415,ceasefire-between-russia-and-ukraine-by-june,2024-06-29,2023-12-12
2024-04-15,0.042,ceasefire-between-russia-and-ukraine-by-june,2024-06-29,2023-12-12
2024-04-16,0.042,ceasefire-between-russia-and-ukraine-by-june,2024-06-29,2023-12-12
2024-04-17,0.042,ceasefire-between-russia-and-ukraine-by-june,2024-06-29,2023-12-12
2024-04-18,0.041,ceasefire-between-russia-and-ukraine-by-june,2024-06-29,2023-12-12
2024-04-19,0.0415,ceasefire-between-russia-and-ukraine-by-june,2024-06-29,2023-12-12
2024-04-20,0.0405,ceasefire-between-russia-and-ukraine-by-june,2024-06-29,2023-12-12
2024-04-21,0.041,ceasefire-between-russia-and-ukraine-by-june,2024-06-29,2023-12-12
2024-04-22,0.039,ceasefire-between-russia-and-ukraine-by-june,2024-06-29,2023-12-12
2024-04-23,0.0385,ceasefire-between-russia-and-ukraine-by-june,2024-06-29,2023-12-12
2024-04-24,0.038,ceasefire-between-russia-and-ukraine-by-june,2024-06-29,2023-12-12
2024-04-25,0.0365,ceasefire-between-russia-and-ukraine-by-june,2024-06-29,2023-12-12
2024-04-26,0.0365,ceasefire-between-russia-and-ukraine-by-june,2024-06-29,2023-12-12
2024-04-27,0.0365,ceasefire-between-russia-and-ukraine-by-june,2024-06-29,2023-12-12
2024-04-28,0.0365,ceasefire-between-russia-and-ukraine-by-june,2024-06-29,2023-12-12
2024-04-29,0.036,ceasefire-between-russia-and-ukraine-by-june,2024-06-29,2023-12-12
2024-04-30,0.0365,ceasefire-between-russia-and-ukraine-by-june,2024-06-29,2023-12-12
2024-05-01,0.041,ceasefire-between-russia-and-ukraine-by-june,2024-06-29,2023-12-12
2024-05-02,0.0365,ceasefire-between-russia-and-ukraine-by-june,2024-06-29,2023-12-12
2024-05-03,0.032,ceasefire-between-russia-and-ukraine-by-june,2024-06-29,2023-12-12
2024-05-04,0.0335,ceasefire-between-russia-and-ukraine-by-june,2024-06-29,2023-12-12
2024-05-05,0.0315,ceasefire-between-russia-and-ukraine-by-june,2024-06-29,2023-12-12
2024-05-06,0.034,ceasefire-between-russia-and-ukraine-by-june,2024-06-29,2023-12-12
2024-05-07,0.0335,ceasefire-between-russia-and-ukraine-by-june,2024-06-29,2023-12-12
2024-05-08,0.032,ceasefire-between-russia-and-ukraine-by-june,2024-06-29,2023-12-12
2024-05-09,0.032,ceasefire-between-russia-and-ukraine-by-june,2024-06-29,2023-12-12
2024-05-10,0.032,ceasefire-between-russia-and-ukraine-by-june,2024-06-29,2023-12-12
2024-05-11,0.032,ceasefire-between-russia-and-ukraine-by-june,2024-06-29,2023-12-12
2024-05-12,0.0335,ceasefire-between-russia-and-ukraine-by-june,2024-06-29,2023-12-12
2024-05-13,0.0315,ceasefire-between-russia-and-ukraine-by-june,2024-06-29,2023-12-12
2024-05-14,0.0315,ceasefire-between-russia-and-ukraine-by-june,2024-06-29,2023-12-12
2024-05-15,0.034,ceasefire-between-russia-and-ukraine-by-june,2024-06-29,2023-12-12
2024-05-16,0.0345,ceasefire-between-russia-and-ukraine-by-june,2024-06-29,2023-12-12
2024-05-17,0.0345,ceasefire-between-russia-and-ukraine-by-june,2024-06-29,2023-12-12
2024-05-18,0.0345,ceasefire-between-russia-and-ukraine-by-june,2024-06-29,2023-12-12
2024-05-19,0.0345,ceasefire-between-russia-and-ukraine-by-june,2024-06-29,2023-12-12
2024-05-20,0.031,ceasefire-between-russia-and-ukraine-by-june,2024-06-29,2023-12-12
2024-05-21,0.031,ceasefire-between-russia-and-ukraine-by-june,2024-06-29,2023-12-12
2024-05-22,0.031,ceasefire-between-russia-and-ukraine-by-june,2024-06-29,2023-12-12
2024-05-23,0.031,ceasefire-between-russia-and-ukraine-by-june,2024-06-29,2023-12-12
2024-05-24,0.031,ceasefire-between-russia-and-ukraine-by-june,2024-06-29,2023-12-12
2024-05-25,0.0525,ceasefire-between-russia-and-ukraine-by-june,2024-06-29,2023-12-12
2024-05-26,0.0425,ceasefire-between-russia-and-ukraine-by-june,2024-06-29,2023-12-12
2024-05-27,0.0405,ceasefire-between-russia-and-ukraine-by-june,2024-06-29,2023-12-12
2024-05-28,0.0475,ceasefire-between-russia-and-ukraine-by-june,2024-06-29,2023-12-12
2024-05-29,0.0425,ceasefire-between-russia-and-ukraine-by-june,2024-06-29,2023-12-12
2024-05-30,0.0425,ceasefire-between-russia-and-ukraine-by-june,2024-06-29,2023-12-12
2024-05-31,0.0405,ceasefire-between-russia-and-ukraine-by-june,2024-06-29,2023-12-12
2024-06-01,0.0335,ceasefire-between-russia-and-ukraine-by-june,2024-06-29,2023-12-12
2024-06-02,0.0345,ceasefire-between-russia-and-ukraine-by-june,2024-06-29,2023-12-12
2024-06-03,0.03,ceasefire-between-russia-and-ukraine-by-june,2024-06-29,2023-12-12
2024-06-04,0.035,ceasefire-between-russia-and-ukraine-by-june,2024-06-29,2023-12-12
2024-06-05,0.031,ceasefire-between-russia-and-ukraine-by-june,2024-06-29,2023-12-12
2024-06-06,0.028,ceasefire-between-russia-and-ukraine-by-june,2024-06-29,2023-12-12
2024-06-07,0.0395,ceasefire-between-russia-and-ukraine-by-june,2024-06-29,2023-12-12
2024-06-08,0.0405,ceasefire-between-russia-and-ukraine-by-june,2024-06-29,2023-12-12
2024-06-09,0.0375,ceasefire-between-russia-and-ukraine-by-june,2024-06-29,2023-12-12
2024-06-10,0.0385,ceasefire-between-russia-and-ukraine-by-june,2024-06-29,2023-12-12
2024-06-11,0.0395,ceasefire-between-russia-and-ukraine-by-june,2024-06-29,2023-12-12
2024-06-12,0.0455,ceasefire-between-russia-and-ukraine-by-june,2024-06-29,2023-12-12
2024-06-13,0.041,ceasefire-between-russia-and-ukraine-by-june,2024-06-29,2023-12-12
2024-06-14,0.032,ceasefire-between-russia-and-ukraine-by-june,2024-06-29,2023-12-12
2024-06-15,0.0365,ceasefire-between-russia-and-ukraine-by-june,2024-06-29,2023-12-12
2024-06-16,0.0305,ceasefire-between-russia-and-ukraine-by-june,2024-06-29,2023-12-12
2024-06-17,0.014,ceasefire-between-russia-and-ukraine-by-june,2024-06-29,2023-12-12
2024-06-18,0.0105,ceasefire-between-russia-and-ukraine-by-june,2024-06-29,2023-12-12
2024-06-19,0.006,ceasefire-between-russia-and-ukraine-by-june,2024-06-29,2023-12-12
2024-06-20,0.0095,ceasefire-between-russia-and-ukraine-by-june,2024-06-29,2023-12-12
2024-06-21,0.012,ceasefire-between-russia-and-ukraine-by-june,2024-06-29,2023-12-12
2024-06-22,0.012,ceasefire-between-russia-and-ukraine-by-june,2024-06-29,2023-12-12
2024-06-23,0.004,ceasefire-between-russia-and-ukraine-by-june,2024-06-29,2023-12-12
2024-06-24,0.004,ceasefire-between-russia-and-ukraine-by-june,2024-06-29,2023-12-12
2024-06-25,0.004,ceasefire-between-russia-and-ukraine-by-june,2024-06-29,2023-12-12
2024-06-26,0.012,ceasefire-between-russia-and-ukraine-by-june,2024-06-29,2023-12-12
2024-06-27,0.0085,ceasefire-between-russia-and-ukraine-by-june,2024-06-29,2023-12-12
2024-06-28,0.008,ceasefire-between-russia-and-ukraine-by-june,2024-06-29,2023-12-12
2024-06-29,0.007,ceasefire-between-russia-and-ukraine-by-june,2024-06-29,2023-12-12
2024-05-25,0.15,ceasefire-between-russia-and-ukraine-before-october,2024-09-30,2024-05-24
2024-05-26,0.155,ceasefire-between-russia-and-ukraine-before-october,2024-09-30,2024-05-24
2024-05-27,0.155,ceasefire-between-russia-and-ukraine-before-october,2024-09-30,2024-05-24
2024-05-28,0.155,ceasefire-between-russia-and-ukraine-before-october,2024-09-30,2024-05-24
2024-05-29,0.155,ceasefire-between-russia-and-ukraine-before-october,2024-09-30,2024-05-24
2024-05-30,0.155,ceasefire-between-russia-and-ukraine-before-october,2024-09-30,2024-05-24
2024-05-31,0.155,ceasefire-between-russia-and-ukraine-before-october,2024-09-30,2024-05-24
2024-06-01,0.155,ceasefire-between-russia-and-ukraine-before-october,2024-09-30,2024-05-24
2024-06-02,0.155,ceasefire-between-russia-and-ukraine-before-october,2024-09-30,2024-05-24
2024-06-03,0.155,ceasefire-between-russia-and-ukraine-before-october,2024-09-30,2024-05-24
2024-06-04,0.155,ceasefire-between-russia-and-ukraine-before-october,2024-09-30,2024-05-24
2024-06-05,0.155,ceasefire-between-russia-and-ukraine-before-october,2024-09-30,2024-05-24
2024-06-06,0.155,ceasefire-between-russia-and-ukraine-before-october,2024-09-30,2024-05-24
2024-06-07,0.155,ceasefire-between-russia-and-ukraine-before-october,2024-09-30,2024-05-24
2024-06-08,0.165,ceasefire-between-russia-and-ukraine-before-october,2024-09-30,2024-05-24
2024-06-09,0.165,ceasefire-between-russia-and-ukraine-before-october,2024-09-30,2024-05-24
2024-06-10,0.165,ceasefire-between-russia-and-ukraine-before-october,2024-09-30,2024-05-24
2024-06-11,0.175,ceasefire-between-russia-and-ukraine-before-october,2024-09-30,2024-05-24
2024-06-12,0.175,ceasefire-between-russia-and-ukraine-before-october,2024-09-30,2024-05-24
2024-06-13,0.175,ceasefire-between-russia-and-ukraine-before-october,2024-09-30,2024-05-24
2024-06-14,0.175,ceasefire-between-russia-and-ukraine-before-october,2024-09-30,2024-05-24
2024-06-15,0.165,ceasefire-between-russia-and-ukraine-before-october,2024-09-30,2024-05-24
2024-06-16,0.155,ceasefire-between-russia-and-ukraine-before-october,2024-09-30,2024-05-24
2024-06-17,0.08,ceasefire-between-russia-and-ukraine-before-october,2024-09-30,2024-05-24
2024-06-18,0.08,ceasefire-between-russia-and-ukraine-before-october,2024-09-30,2024-05-24
2024-06-19,0.11,ceasefire-between-russia-and-ukraine-before-october,2024-09-30,2024-05-24
2024-06-20,0.1,ceasefire-between-russia-and-ukraine-before-october,2024-09-30,2024-05-24
2024-06-21,0.105,ceasefire-between-russia-and-ukraine-before-october,2024-09-30,2024-05-24
2024-06-22,0.105,ceasefire-between-russia-and-ukraine-before-october,2024-09-30,2024-05-24
2024-06-23,0.105,ceasefire-between-russia-and-ukraine-before-october,2024-09-30,2024-05-24
2024-06-24,0.1,ceasefire-between-russia-and-ukraine-before-october,2024-09-30,2024-05-24
2024-06-25,0.1,ceasefire-between-russia-and-ukraine-before-october,2024-09-30,2024-05-24
2024-06-26,0.1,ceasefire-between-russia-and-ukraine-before-october,2024-09-30,2024-05-24
2024-06-27,0.105,ceasefire-between-russia-and-ukraine-before-october,2024-09-30,2024-05-24
2024-06-28,0.1,ceasefire-between-russia-and-ukraine-before-october,2024-09-30,2024-05-24
2024-06-29,0.1,ceasefire-between-russia-and-ukraine-before-october,2024-09-30,2024-05-24
2024-06-30,0.115,ceasefire-between-russia-and-ukraine-before-october,2024-09-30,2024-05-24
2024-07-01,0.1,ceasefire-between-russia-and-ukraine-before-october,2024-09-30,2024-05-24
2024-07-02,0.1,ceasefire-between-russia-and-ukraine-before-october,2024-09-30,2024-05-24
2024-07-03,0.095,ceasefire-between-russia-and-ukraine-before-october,2024-09-30,2024-05-24
2024-07-04,0.11,ceasefire-between-russia-and-ukraine-before-october,2024-09-30,2024-05-24
2024-07-05,0.09,ceasefire-between-russia-and-ukraine-before-october,2024-09-30,2024-05-24
2024-07-06,0.095,ceasefire-between-russia-and-ukraine-before-october,2024-09-30,2024-05-24
2024-07-07,0.085,ceasefire-between-russia-and-ukraine-before-october,2024-09-30,2024-05-24
2024-07-08,0.085,ceasefire-between-russia-and-ukraine-before-october,2024-09-30,2024-05-24
2024-07-09,0.075,ceasefire-between-russia-and-ukraine-before-october,2024-09-30,2024-05-24
2024-07-10,0.055,ceasefire-between-russia-and-ukraine-before-october,2024-09-30,2024-05-24
2024-07-11,0.06,ceasefire-between-russia-and-ukraine-before-october,2024-09-30,2024-05-24
2024-07-12,0.075,ceasefire-between-russia-and-ukraine-before-october,2024-09-30,2024-05-24
2024-07-13,0.07,ceasefire-between-russia-and-ukraine-before-october,2024-09-30,2024-05-24
2024-07-14,0.07,ceasefire-between-russia-and-ukraine-before-october,2024-09-30,2024-05-24
2024-07-15,0.065,ceasefire-between-russia-and-ukraine-before-october,2024-09-30,2024-05-24
2024-07-16,0.06,ceasefire-between-russia-and-ukraine-before-october,2024-09-30,2024-05-24
2024-07-17,0.09,ceasefire-between-russia-and-ukraine-before-october,2024-09-30,2024-05-24
2024-07-18,0.08,ceasefire-between-russia-and-ukraine-before-october,2024-09-30,2024-05-24
2024-07-19,0.075,ceasefire-between-russia-and-ukraine-before-october,2024-09-30,2024-05-24
2024-07-20,0.075,ceasefire-between-russia-and-ukraine-before-october,2024-09-30,2024-05-24
2024-07-21,0.09,ceasefire-between-russia-and-ukraine-before-october,2024-09-30,2024-05-24
2024-07-22,0.085,ceasefire-between-russia-and-ukraine-before-october,2024-09-30,2024-05-24
2024-07-23,0.195,ceasefire-between-russia-and-ukraine-before-october,2024-09-30,2024-05-24
2024-07-24,0.115,ceasefire-between-russia-and-ukraine-before-october,2024-09-30,2024-05-24
2024-07-25,0.105,ceasefire-between-russia-and-ukraine-before-october,2024-09-30,2024-05-24
2024-07-26,0.105,ceasefire-between-russia-and-ukraine-before-october,2024-09-30,2024-05-24
2024-07-27,0.105,ceasefire-between-russia-and-ukraine-before-october,2024-09-30,2024-05-24
2024-07-28,0.105,ceasefire-between-russia-and-ukraine-before-october,2024-09-30,2024-05-24
2024-07-29,0.075,ceasefire-between-russia-and-ukraine-before-october,2024-09-30,2024-05-24
2024-07-30,0.08,ceasefire-between-russia-and-ukraine-before-october,2024-09-30,2024-05-24
2024-07-31,0.085,ceasefire-between-russia-and-ukraine-before-october,2024-09-30,2024-05-24
2024-08-01,0.09,ceasefire-between-russia-and-ukraine-before-october,2024-09-30,2024-05-24
2024-08-02,0.125,ceasefire-between-russia-and-ukraine-before-october,2024-09-30,2024-05-24
2024-08-03,0.12,ceasefire-between-russia-and-ukraine-before-october,2024-09-30,2024-05-24
2024-08-04,0.11,ceasefire-between-russia-and-ukraine-before-october,2024-09-30,2024-05-24
2024-08-05,0.105,ceasefire-between-russia-and-ukraine-before-october,2024-09-30,2024-05-24
2024-08-06,0.08,ceasefire-between-russia-and-ukraine-before-october,2024-09-30,2024-05-24
2024-08-07,0.065,ceasefire-between-russia-and-ukraine-before-october,2024-09-30,2024-05-24
2024-08-08,0.065,ceasefire-between-russia-and-ukraine-before-october,2024-09-30,2024-05-24
2024-08-09,0.075,ceasefire-between-russia-and-ukraine-before-october,2024-09-30,2024-05-24
2024-08-10,0.075,ceasefire-between-russia-and-ukraine-before-october,2024-09-30,2024-05-24
2024-08-11,0.07,ceasefire-between-russia-and-ukraine-before-october,2024-09-30,2024-05-24
2024-08-12,0.055,ceasefire-between-russia-and-ukraine-before-october,2024-09-30,2024-05-24
2024-08-13,0.07,ceasefire-between-russia-and-ukraine-before-october,2024-09-30,2024-05-24
2024-08-14,0.055,ceasefire-between-russia-and-ukraine-before-october,2024-09-30,2024-05-24
2024-08-15,0.09,ceasefire-between-russia-and-ukraine-before-october,2024-09-30,2024-05-24
2024-08-16,0.09,ceasefire-between-russia-and-ukraine-before-october,2024-09-30,2024-05-24
2024-08-17,0.08,ceasefire-between-russia-and-ukraine-before-october,2024-09-30,2024-05-24
2024-08-18,0.075,ceasefire-between-russia-and-ukraine-before-october,2024-09-30,2024-05-24
2024-08-19,0.085,ceasefire-between-russia-and-ukraine-before-october,2024-09-30,2024-05-24
2024-08-20,0.085,ceasefire-between-russia-and-ukraine-before-october,2024-09-30,2024-05-24
2024-08-21,0.075,ceasefire-between-russia-and-ukraine-before-october,2024-09-30,2024-05-24
2024-08-22,0.07,ceasefire-between-russia-and-ukraine-before-october,2024-09-30,2024-05-24
2024-08-23,0.07,ceasefire-between-russia-and-ukraine-before-october,2024-09-30,2024-05-24
2024-08-24,0.065,ceasefire-between-russia-and-ukraine-before-october,2024-09-30,2024-05-24
2024-08-25,0.075,ceasefire-between-russia-and-ukraine-before-october,2024-09-30,2024-05-24
2024-08-26,0.075,ceasefire-between-russia-and-ukraine-before-october,2024-09-30,2024-05-24
2024-08-27,0.07,ceasefire-between-russia-and-ukraine-before-october,2024-09-30,2024-05-24
2024-08-28,0.065,ceasefire-between-russia-and-ukraine-before-october,2024-09-30,2024-05-24
2024-08-29,0.065,ceasefire-between-russia-and-ukraine-before-october,2024-09-30,2024-05-24
2024-08-30,0.085,ceasefire-between-russia-and-ukraine-before-october,2024-09-30,2024-05-24
2024-08-31,0.075,ceasefire-between-russia-and-ukraine-before-october,2024-09-30,2024-05-24
2024-09-01,0.065,ceasefire-between-russia-and-ukraine-before-october,2024-09-30,2024-05-24
2024-09-02,0.035,ceasefire-between-russia-and-ukraine-before-october,2024-09-30,2024-05-24
2024-09-03,0.035,ceasefire-between-russia-and-ukraine-before-october,2024-09-30,2024-05-24
2024-09-04,0.0335,ceasefire-between-russia-and-ukraine-before-october,2024-09-30,2024-05-24
2024-09-05,0.028,ceasefire-between-russia-and-ukraine-before-october,2024-09-30,2024-05-24
2024-09-06,0.027,ceasefire-between-russia-and-ukraine-before-october,2024-09-30,2024-05-24
2024-09-07,0.025,ceasefire-between-russia-and-ukraine-before-october,2024-09-30,2024-05-24
2024-09-08,0.02,ceasefire-between-russia-and-ukraine-before-october,2024-09-30,2024-05-24
2024-09-09,0.0205,ceasefire-between-russia-and-ukraine-before-october,2024-09-30,2024-05-24
2024-09-10,0.0205,ceasefire-between-russia-and-ukraine-before-october,2024-09-30,2024-05-24
2024-09-11,0.0265,ceasefire-between-russia-and-ukraine-before-october,2024-09-30,2024-05-24
2024-09-12,0.029,ceasefire-between-russia-and-ukraine-before-october,2024-09-30,2024-05-24
2024-09-13,0.0275,ceasefire-between-russia-and-ukraine-before-october,2024-09-30,2024-05-24
2024-09-14,0.029,ceasefire-between-russia-and-ukraine-before-october,2024-09-30,2024-05-24
2024-09-15,0.028,ceasefire-between-russia-and-ukraine-before-october,2024-09-30,2024-05-24
2024-09-16,0.023,ceasefire-between-russia-and-ukraine-before-october,2024-09-30,2024-05-24
2024-09-17,0.0195,ceasefire-between-russia-and-ukraine-before-october,2024-09-30,2024-05-24
2024-09-18,0.0185,ceasefire-between-russia-and-ukraine-before-october,2024-09-30,2024-05-24
2024-09-19,0.018,ceasefire-between-russia-and-ukraine-before-october,2024-09-30,2024-05-24
2024-09-20,0.0095,ceasefire-between-russia-and-ukraine-before-october,2024-09-30,2024-05-24
2024-09-21,0.01,ceasefire-between-russia-and-ukraine-before-october,2024-09-30,2024-05-24
2024-09-22,0.008,ceasefire-between-russia-and-ukraine-before-october,2024-09-30,2024-05-24
2024-09-23,0.0075,ceasefire-between-russia-and-ukraine-before-october,2024-09-30,2024-05-24
2024-09-24,0.0075,ceasefire-between-russia-and-ukraine-before-october,2024-09-30,2024-05-24
2024-09-25,0.006,ceasefire-between-russia-and-ukraine-before-october,2024-09-30,2024-05-24
2024-09-26,0.006,ceasefire-between-russia-and-ukraine-before-october,2024-09-30,2024-05-24
2024-09-27,0.0055,ceasefire-between-russia-and-ukraine-before-october,2024-09-30,2024-05-24
2024-09-28,0.0015,ceasefire-between-russia-and-ukraine-before-october,2024-09-30,2024-05-24
2024-09-29,0.0025,ceasefire-between-russia-and-ukraine-before-october,2024-09-30,2024-05-24
2024-09-30,0.0025,ceasefire-between-russia-and-ukraine-before-october,2024-09-30,2024-05-24
2024-09-17,0.11,russia-x-ukraine-ceasefire-in-2024,2024-12-31,2024-09-16
2024-09-18,0.16,russia-x-ukraine-ceasefire-in-2024,2024-12-31,2024-09-16
2024-09-19,0.115,russia-x-ukraine-ceasefire-in-2024,2024-12-31,2024-09-16
2024-09-20,0.145,russia-x-ukraine-ceasefire-in-2024,2024-12-31,2024-09-16
2024-09-21,0.18,russia-x-ukraine-ceasefire-in-2024,2024-12-31,2024-09-16
2024-09-22,0.185,russia-x-ukraine-ceasefire-in-2024,2024-12-31,2024-09-16
2024-09-23,0.155,russia-x-ukraine-ceasefire-in-2024,2024-12-31,2024-09-16
2024-09-24,0.205,russia-x-ukraine-ceasefire-in-2024,2024-12-31,2024-09-16
2024-09-25,0.215,russia-x-ukraine-ceasefire-in-2024,2024-12-31,2024-09-16
2024-09-26,0.205,russia-x-ukraine-ceasefire-in-2024,2024-12-31,2024-09-16
2024-09-27,0.18,russia-x-ukraine-ceasefire-in-2024,2024-12-31,2024-09-16
2024-09-28,0.185,russia-x-ukraine-ceasefire-in-2024,2024-12-31,2024-09-16
2024-09-29,0.16,russia-x-ukraine-ceasefire-in-2024,2024-12-31,2024-09-16
2024-09-30,0.185,russia-x-ukraine-ceasefire-in-2024,2024-12-31,2024-09-16
2024-10-01,0.185,russia-x-ukraine-ceasefire-in-2024,2024-12-31,2024-09-16
2024-10-02,0.195,russia-x-ukraine-ceasefire-in-2024,2024-12-31,2024-09-16
2024-10-03,0.185,russia-x-ukraine-ceasefire-in-2024,2024-12-31,2024-09-16
2024-10-04,0.18,russia-x-ukraine-ceasefire-in-2024,2024-12-31,2024-09-16
2024-10-05,0.175,russia-x-ukraine-ceasefire-in-2024,2024-12-31,2024-09-16
2024-10-06,0.195,russia-x-ukraine-ceasefire-in-2024,2024-12-31,2024-09-16
2024-10-07,0.175,russia-x-ukraine-ceasefire-in-2024,2024-12-31,2024-09-16
2024-10-08,0.185,russia-x-ukraine-ceasefire-in-2024,2024-12-31,2024-09-16
2024-10-09,0.175,russia-x-ukraine-ceasefire-in-2024,2024-12-31,2024-09-16
2024-10-10,0.185,russia-x-ukraine-ceasefire-in-2024,2024-12-31,2024-09-16
2024-10-11,0.185,russia-x-ukraine-ceasefire-in-2024,2024-12-31,2024-09-16
2024-10-12,0.18,russia-x-ukraine-ceasefire-in-2024,2024-12-31,2024-09-16
2024-10-13,0.18,russia-x-ukraine-ceasefire-in-2024,2024-12-31,2024-09-16
2024-10-14,0.175,russia-x-ukraine-ceasefire-in-2024,2024-12-31,2024-09-16
2024-10-15,0.18,russia-x-ukraine-ceasefire-in-2024,2024-12-31,2024-09-16
2024-10-16,0.165,russia-x-ukraine-ceasefire-in-2024,2024-12-31,2024-09-16
2024-10-17,0.155,russia-x-ukraine-ceasefire-in-2024,2024-12-31,2024-09-16
2024-10-18,0.145,russia-x-ukraine-ceasefire-in-2024,2024-12-31,2024-09-16
2024-10-19,0.145,russia-x-ukraine-ceasefire-in-2024,2024-12-31,2024-09-16
2024-10-20,0.155,russia-x-ukraine-ceasefire-in-2024,2024-12-31,2024-09-16
2024-10-21,0.145,russia-x-ukraine-ceasefire-in-2024,2024-12-31,2024-09-16
2024-10-22,0.165,russia-x-ukraine-ceasefire-in-2024,2024-12-31,2024-09-16
2024-10-23,0.165,russia-x-ukraine-ceasefire-in-2024,2024-12-31,2024-09-16
2024-10-24,0.165,russia-x-ukraine-ceasefire-in-2024,2024-12-31,2024-09-16
2024-10-25,0.17,russia-x-ukraine-ceasefire-in-2024,2024-12-31,2024-09-16
2024-10-26,0.155,russia-x-ukraine-ceasefire-in-2024,2024-12-31,2024-09-16
2024-10-27,0.18,russia-x-ukraine-ceasefire-in-2024,2024-12-31,2024-09-16
2024-10-28,0.145,russia-x-ukraine-ceasefire-in-2024,2024-12-31,2024-09-16
2024-10-29,0.135,russia-x-ukraine-ceasefire-in-2024,2024-12-31,2024-09-16
2024-10-30,0.135,russia-x-ukraine-ceasefire-in-2024,2024-12-31,2024-09-16
2024-10-31,0.145,russia-x-ukraine-ceasefire-in-2024,2024-12-31,2024-09-16
2024-11-01,0.115,russia-x-ukraine-ceasefire-in-2024,2024-12-31,2024-09-16
2024-11-02,0.115,russia-x-ukraine-ceasefire-in-2024,2024-12-31,2024-09-16
2024-11-03,0.115,russia-x-ukraine-ceasefire-in-2024,2024-12-31,2024-09-16
2024-11-04,0.095,russia-x-ukraine-ceasefire-in-2024,2024-12-31,2024-09-16
2024-11-05,0.095,russia-x-ukraine-ceasefire-in-2024,2024-12-31,2024-09-16
2024-11-06,0.105,russia-x-ukraine-ceasefire-in-2024,2024-12-31,2024-09-16
2024-11-07,0.135,russia-x-ukraine-ceasefire-in-2024,2024-12-31,2024-09-16
2024-11-08,0.14,russia-x-ukraine-ceasefire-in-2024,2024-12-31,2024-09-16
2024-11-09,0.145,russia-x-ukraine-ceasefire-in-2024,2024-12-31,2024-09-16
2024-11-10,0.125,russia-x-ukraine-ceasefire-in-2024,2024-12-31,2024-09-16
2024-11-11,0.115,russia-x-ukraine-ceasefire-in-2024,2024-12-31,2024-09-16
2024-11-12,0.085,russia-x-ukraine-ceasefire-in-2024,2024-12-31,2024-09-16
2024-11-13,0.085,russia-x-ukraine-ceasefire-in-2024,2024-12-31,2024-09-16
2024-11-14,0.085,russia-x-ukraine-ceasefire-in-2024,2024-12-31,2024-09-16
2024-11-15,0.085,russia-x-ukraine-ceasefire-in-2024,2024-12-31,2024-09-16
2024-11-16,0.08,russia-x-ukraine-ceasefire-in-2024,2024-12-31,2024-09-16
2024-11-17,0.07,russia-x-ukraine-ceasefire-in-2024,2024-12-31,2024-09-16
2024-11-18,0.075,russia-x-ukraine-ceasefire-in-2024,2024-12-31,2024-09-16
2024-11-19,0.065,russia-x-ukraine-ceasefire-in-2024,2024-12-31,2024-09-16
2024-11-20,0.06,russia-x-ukraine-ceasefire-in-2024,2024-12-31,2024-09-16
2024-11-21,0.06,russia-x-ukraine-ceasefire-in-2024,2024-12-31,2024-09-16
2024-11-22,0.06,russia-x-ukraine-ceasefire-in-2024,2024-12-31,2024-09-16
2024-11-23,0.0645,russia-x-ukraine-ceasefire-in-2024,2024-12-31,2024-09-16
2024-11-24,0.0525,russia-x-ukraine-ceasefire-in-2024,2024-12-31,2024-09-16
2024-11-25,0.052,russia-x-ukraine-ceasefire-in-2024,2024-12-31,2024-09-16
2024-11-26,0.071,russia-x-ukraine-ceasefire-in-2024,2024-12-31,2024-09-16
2024-11-27,0.058,russia-x-ukraine-ceasefire-in-2024,2024-12-31,2024-09-16
2024-11-28,0.0545,russia-x-ukraine-ceasefire-in-2024,2024-12-31,2024-09-16
2024-11-29,0.0545,russia-x-ukraine-ceasefire-in-2024,2024-12-31,2024-09-16
2024-11-30,0.0495,russia-x-ukraine-ceasefire-in-2024,2024-12-31,2024-09-16
2024-12-01,0.051,russia-x-ukraine-ceasefire-in-2024,2024-12-31,2024-09-16
2024-12-02,0.0415,russia-x-ukraine-ceasefire-in-2024,2024-12-31,2024-09-16
2024-12-03,0.0385,russia-x-ukraine-ceasefire-in-2024,2024-12-31,2024-09-16
2024-12-04,0.0425,russia-x-ukraine-ceasefire-in-2024,2024-12-31,2024-09-16
2024-12-05,0.0365,russia-x-ukraine-ceasefire-in-2024,2024-12-31,2024-09-16
2024-12-06,0.0295,russia-x-ukraine-ceasefire-in-2024,2024-12-31,2024-09-16
2024-12-07,0.029,russia-x-ukraine-ceasefire-in-2024,2024-12-31,2024-09-16
2024-12-08,0.046,russia-x-ukraine-ceasefire-in-2024,2024-12-31,2024-09-16
2024-12-09,0.0695,russia-x-ukraine-ceasefire-in-2024,2024-12-31,2024-09-16
2024-12-10,0.0845,russia-x-ukraine-ceasefire-in-2024,2024-12-31,2024-09-16
2024-12-11,0.0585,russia-x-ukraine-ceasefire-in-2024,2024-12-31,2024-09-16
2024-12-12,0.0535,russia-x-ukraine-ceasefire-in-2024,2024-12-31,2024-09-16
2024-12-13,0.055,russia-x-ukraine-ceasefire-in-2024,2024-12-31,2024-09-16
2024-12-14,0.039,russia-x-ukraine-ceasefire-in-2024,2024-12-31,2024-09-16
2024-12-15,0.038,russia-x-ukraine-ceasefire-in-2024,2024-12-31,2024-09-16
2024-12-16,0.0465,russia-x-ukraine-ceasefire-in-2024,2024-12-31,2024-09-16
2024-12-17,0.046,russia-x-ukraine-ceasefire-in-2024,2024-12-31,2024-09-16
2024-12-18,0.0305,russia-x-ukraine-ceasefire-in-2024,2024-12-31,2024-09-16
2024-12-19,0.0365,russia-x-ukraine-ceasefire-in-2024,2024-12-31,2024-09-16
2024-12-20,0.028,russia-x-ukraine-ceasefire-in-2024,2024-12-31,2024-09-16
2024-12-21,0.017,russia-x-ukraine-ceasefire-in-2024,2024-12-31,2024-09-16
2024-12-22,0.0175,russia-x-ukraine-ceasefire-in-2024,2024-12-31,2024-09-16
2024-12-23,0.0195,russia-x-ukraine-ceasefire-in-2024,2024-12-31,2024-09-16
2024-12-24,0.0175,russia-x-ukraine-ceasefire-in-2024,2024-12-31,2024-09-16
2024-12-25,0.0155,russia-x-ukraine-ceasefire-in-2024,2024-12-31,2024-09-16
2024-12-26,0.0105,russia-x-ukraine-ceasefire-in-2024,2024-12-31,2024-09-16
2024-12-27,0.007,russia-x-ukraine-ceasefire-in-2024,2024-12-31,2024-09-16
2024-12-28,0.009,russia-x-ukraine-ceasefire-in-2024,2024-12-31,2024-09-16
2024-12-29,0.0135,russia-x-ukraine-ceasefire-in-2024,2024-12-31,2024-09-16
2024-12-30,0.029,russia-x-ukraine-ceasefire-in-2024,2024-12-31,2024-09-16
2024-12-31,0.0045,russia-x-ukraine-ceasefire-in-2024,2024-12-31,2024-09-16
2024-12-30,0.635,russia-x-ukraine-ceasefire-in-2025,2025-12-31,2024-12-29
2024-12-31,0.695,russia-x-ukraine-ceasefire-in-2025,2025-12-31,2024-12-29
2025-01-01,0.705,russia-x-ukraine-ceasefire-in-2025,2025-12-31,2024-12-29
2025-01-02,0.695,russia-x-ukraine-ceasefire-in-2025,2025-12-31,2024-12-29
2025-01-03,0.64,russia-x-ukraine-ceasefire-in-2025,2025-12-31,2024-12-29
2025-01-04,0.62,russia-x-ukraine-ceasefire-in-2025,2025-12-31,2024-12-29
2025-01-05,0.595,russia-x-ukraine-ceasefire-in-2025,2025-12-31,2024-12-29
2025-01-06,0.595,russia-x-ukraine-ceasefire-in-2025,2025-12-31,2024-12-29
2025-01-07,0.6,russia-x-ukraine-ceasefire-in-2025,2025-12-31,2024-12-29
2025-01-08,0.595,russia-x-ukraine-ceasefire-in-2025,2025-12-31,2024-12-29
2025-01-09,0.595,russia-x-ukraine-ceasefire-in-2025,2025-12-31,2024-12-29
2025-01-10,0.59,russia-x-ukraine-ceasefire-in-2025,2025-12-31,2024-12-29
2025-01-11,0.595,russia-x-ukraine-ceasefire-in-2025,2025-12-31,2024-12-29
2025-01-12,0.555,russia-x-ukraine-ceasefire-in-2025,2025-12-31,2024-12-29
2025-01-13,0.565,russia-x-ukraine-ceasefire-in-2025,2025-12-31,2024-12-29
2025-01-14,0.575,russia-x-ukraine-ceasefire-in-2025,2025-12-31,2024-12-29
2025-01-15,0.605,russia-x-ukraine-ceasefire-in-2025,2025-12-31,2024-12-29
2025-01-16,0.605,russia-x-ukraine-ceasefire-in-2025,2025-12-31,2024-12-29
2025-01-17,0.61,russia-x-ukraine-ceasefire-in-2025,2025-12-31,2024-12-29
2025-01-18,0.605,russia-x-ukraine-ceasefire-in-2025,2025-12-31,2024-12-29
2025-01-19,0.615,russia-x-ukraine-ceasefire-in-2025,2025-12-31,2024-12-29
2025-01-20,0.62,russia-x-ukraine-ceasefire-in-2025,2025-12-31,2024-12-29
2025-01-21,0.65,russia-x-ukraine-ceasefire-in-2025,2025-12-31,2024-12-29
2025-01-22,0.64,russia-x-ukraine-ceasefire-in-2025,2025-12-31,2024-12-29
2025-01-23,0.655,russia-x-ukraine-ceasefire-in-2025,2025-12-31,2024-12-29
2025-01-24,0.65,russia-x-ukraine-ceasefire-in-2025,2025-12-31,2024-12-29
2025-01-25,0.655,russia-x-ukraine-ceasefire-in-2025,2025-12-31,2024-12-29
2025-01-26,0.635,russia-x-ukraine-ceasefire-in-2025,2025-12-31,2024-12-29
2025-01-27,0.64,russia-x-ukraine-ceasefire-in-2025,2025-12-31,2024-12-29
2025-01-28,0.645,russia-x-ukraine-ceasefire-in-2025,2025-12-31,2024-12-29
2025-01-29,0.625,russia-x-ukraine-ceasefire-in-2025,2025-12-31,2024-12-29
2025-01-30,0.625,russia-x-ukraine-ceasefire-in-2025,2025-12-31,2024-12-29
2025-01-31,0.635,russia-x-ukraine-ceasefire-in-2025,2025-12-31,2024-12-29
2025-02-01,0.635,russia-x-ukraine-ceasefire-in-2025,2025-12-31,2024-12-29
2025-02-02,0.635,russia-x-ukraine-ceasefire-in-2025,2025-12-31,2024-12-29
2025-02-03,0.635,russia-x-ukraine-ceasefire-in-2025,2025-12-31,2024-12-29
2025-02-04,0.625,russia-x-ukraine-ceasefire-in-2025,2025-12-31,2024-12-29
2025-02-05,0.615,russia-x-ukraine-ceasefire-in-2025,2025-12-31,2024-12-29
2025-02-06,0.625,russia-x-ukraine-ceasefire-in-2025,2025-12-31,2024-12-29
2025-02-07,0.615,russia-x-ukraine-ceasefire-in-2025,2025-12-31,2024-12-29
2025-02-08,0.655,russia-x-ukraine-ceasefire-in-2025,2025-12-31,2024-12-29
2025-02-09,0.655,russia-x-ukraine-ceasefire-in-2025,2025-12-31,2024-12-29
2025-02-10,0.645,russia-x-ukraine-ceasefire-in-2025,2025-12-31,2024-12-29
2025-02-11,0.615,russia-x-ukraine-ceasefire-in-2025,2025-12-31,2024-12-29
2025-02-12,0.645,russia-x-ukraine-ceasefire-in-2025,2025-12-31,2024-12-29
2025-02-13,0.685,russia-x-ukraine-ceasefire-in-2025,2025-12-31,2024-12-29
2025-02-14,0.685,russia-x-ukraine-ceasefire-in-2025,2025-12-31,2024-12-29
2025-02-15,0.685,russia-x-ukraine-ceasefire-in-2025,2025-12-31,2024-12-29
2025-02-16,0.715,russia-x-ukraine-ceasefire-in-2025,2025-12-31,2024-12-29
2025-02-17,0.74,russia-x-ukraine-ceasefire-in-2025,2025-12-31,2024-12-29
2025-02-18,0.735,russia-x-ukraine-ceasefire-in-2025,2025-12-31,2024-12-29
2025-02-19,0.71,russia-x-ukraine-ceasefire-in-2025,2025-12-31,2024-12-29
2025-02-20,0.67,russia-x-ukraine-ceasefire-in-2025,2025-12-31,2024-12-29
2025-02-21,0.665,russia-x-ukraine-ceasefire-in-2025,2025-12-31,2024-12-29
2025-02-22,0.685,russia-x-ukraine-ceasefire-in-2025,2025-12-31,2024-12-29
2025-02-23,0.685,russia-x-ukraine-ceasefire-in-2025,2025-12-31,2024-12-29
2025-02-24,0.695,russia-x-ukraine-ceasefire-in-2025,2025-12-31,2024-12-29
2025-02-25,0.725,russia-x-ukraine-ceasefire-in-2025,2025-12-31,2024-12-29
2025-02-26,0.735,russia-x-ukraine-ceasefire-in-2025,2025-12-31,2024-12-29
2025-02-27,0.705,russia-x-ukraine-ceasefire-in-2025,2025-12-31,2024-12-29
2025-02-28,0.705,russia-x-ukraine-ceasefire-in-2025,2025-12-31,2024-12-29
2025-03-01,0.665,russia-x-ukraine-ceasefire-in-2025,2025-12-31,2024-12-29
2025-03-02,0.63,russia-x-ukraine-ceasefire-in-2025,2025-12-31,2024-12-29
2025-03-03,0.595,russia-x-ukraine-ceasefire-in-2025,2025-12-31,2024-12-29
2025-03-04,0.645,russia-x-ukraine-ceasefire-in-2025,2025-12-31,2024-12-29
2025-03-05,0.705,russia-x-ukraine-ceasefire-in-2025,2025-12-31,2024-12-29
2025-03-06,0.735,russia-x-ukraine-ceasefire-in-2025,2025-12-31,2024-12-29
2025-03-07,0.71,russia-x-ukraine-ceasefire-in-2025,2025-12-31,2024-12-29
2025-03-08,0.715,russia-x-ukraine-ceasefire-in-2025,2025-12-31,2024-12-29
2025-03-09,0.715,russia-x-ukraine-ceasefire-in-2025,2025-12-31,2024-12-29
2025-03-10,0.72,russia-x-ukraine-ceasefire-in-2025,2025-12-31,2024-12-29
2025-03-11,0.715,russia-x-ukraine-ceasefire-in-2025,2025-12-31,2024-12-29
2025-03-12,0.775,russia-x-ukraine-ceasefire-in-2025,2025-12-31,2024-12-29
2025-03-13,0.76,russia-x-ukraine-ceasefire-in-2025,2025-12-31,2024-12-29
2025-03-14,0.735,russia-x-ukraine-ceasefire-in-2025,2025-12-31,2024-12-29
2025-03-15,0.755,russia-x-ukraine-ceasefire-in-2025,2025-12-31,2024-12-29
2025-03-16,0.74,russia-x-ukraine-ceasefire-in-2025,2025-12-31,2024-12-29
2025-03-17,0.735,russia-x-ukraine-ceasefire-in-2025,2025-12-31,2024-12-29
2025-03-18,0.75,russia-x-ukraine-ceasefire-in-2025,2025-12-31,2024-12-29
2025-03-19,0.735,russia-x-ukraine-ceasefire-in-2025,2025-12-31,2024-12-29
2025-03-20,0.695,russia-x-ukraine-ceasefire-in-2025,2025-12-31,2024-12-29
2025-03-21,0.695,russia-x-ukraine-ceasefire-in-2025,2025-12-31,2024-12-29
2025-03-22,0.705,russia-x-ukraine-ceasefire-in-2025,2025-12-31,2024-12-29
2025-03-23,0.705,russia-x-ukraine-ceasefire-in-2025,2025-12-31,2024-12-29
2025-03-24,0.705,russia-x-ukraine-ceasefire-in-2025,2025-12-31,2024-12-29
2025-03-25,0.68,russia-x-ukraine-ceasefire-in-2025,2025-12-31,2024-12-29
2025-03-26,0.655,russia-x-ukraine-ceasefire-in-2025,2025-12-31,2024-12-29
2025-03-27,0.635,russia-x-ukraine-ceasefire-in-2025,2025-12-31,2024-12-29
2025-03-28,0.605,russia-x-ukraine-ceasefire-in-2025,2025-12-31,2024-12-29
2025-03-29,0.575,russia-x-ukraine-ceasefire-in-2025,2025-12-31,2024-12-29
2025-03-30,0.52,russia-x-ukraine-ceasefire-in-2025,2025-12-31,2024-12-29
2025-03-31,0.535,russia-x-ukraine-ceasefire-in-2025,2025-12-31,2024-12-29
2025-04-01,0.495,russia-x-ukraine-ceasefire-in-2025,2025-12-31,2024-12-29
2025-04-02,0.49,russia-x-ukraine-ceasefire-in-2025,2025-12-31,2024-12-29
2025-04-03,0.45,russia-x-ukraine-ceasefire-in-2025,2025-12-31,2024-12-29
2025-04-04,0.455,russia-x-ukraine-ceasefire-in-2025,2025-12-31,2024-12-29
2025-04-05,0.435,russia-x-ukraine-ceasefire-in-2025,2025-12-31,2024-12-29
2025-04-06,0.43,russia-x-ukraine-ceasefire-in-2025,2025-12-31,2024-12-29
2025-04-07,0.435,russia-x-ukraine-ceasefire-in-2025,2025-12-31,2024-12-29
2025-04-08,0.465,russia-x-ukraine-ceasefire-in-2025,2025-12-31,2024-12-29
2025-04-09,0.48,russia-x-ukraine-ceasefire-in-2025,2025-12-31,2024-12-29
2025-04-10,0.475,russia-x-ukraine-ceasefire-in-2025,2025-12-31,2024-12-29
2025-04-11,0.435,russia-x-ukraine-ceasefire-in-2025,2025-12-31,2024-12-29
2025-04-12,0.44,russia-x-ukraine-ceasefire-in-2025,2025-12-31,2024-12-29
2025-04-13,0.435,russia-x-ukraine-ceasefire-in-2025,2025-12-31,2024-12-29
2025-04-14,0.425,russia-x-ukraine-ceasefire-in-2025,2025-12-31,2024-12-29
2025-04-15,0.435,russia-x-ukraine-ceasefire-in-2025,2025-12-31,2024-12-29
2025-04-16,0.44,russia-x-ukraine-ceasefire-in-2025,2025-12-31,2024-12-29
2025-04-17,0.445,russia-x-ukraine-ceasefire-in-2025,2025-12-31,2024-12-29
2025-04-18,0.485,russia-x-ukraine-ceasefire-in-2025,2025-12-31,2024-12-29
2025-04-19,0.465,russia-x-ukraine-ceasefire-in-2025,2025-12-31,2024-12-29
2025-04-20,0.475,russia-x-ukraine-ceasefire-in-2025,2025-12-31,2024-12-29
2025-04-21,0.51,russia-x-ukraine-ceasefire-in-2025,2025-12-31,2024-12-29
2025-04-22,0.525,russia-x-ukraine-ceasefire-in-2025,2025-12-31,2024-12-29
2025-04-23,0.615,russia-x-ukraine-ceasefire-in-2025,2025-12-31,2024-12-29
2025-04-24,0.585,russia-x-ukraine-ceasefire-in-2025,2025-12-31,2024-12-29
2025-04-25,0.605,russia-x-ukraine-ceasefire-in-2025,2025-12-31,2024-12-29
2025-04-26,0.605,russia-x-ukraine-ceasefire-in-2025,2025-12-31,2024-12-29
2025-04-27,0.645,russia-x-ukraine-ceasefire-in-2025,2025-12-31,2024-12-29
2025-04-28,0.61,russia-x-ukraine-ceasefire-in-2025,2025-12-31,2024-12-29
2025-04-29,0.62,russia-x-ukraine-ceasefire-in-2025,2025-12-31,2024-12-29
2025-04-30,0.575,russia-x-ukraine-ceasefire-in-2025,2025-12-31,2024-12-29
2025-05-01,0.575,russia-x-ukraine-ceasefire-in-2025,2025-12-31,2024-12-29
2025-05-02,0.565,russia-x-ukraine-ceasefire-in-2025,2025-12-31,2024-12-29
2025-05-03,0.485,russia-x-ukraine-ceasefire-in-2025,2025-12-31,2024-12-29
2025-05-04,0.48,russia-x-ukraine-ceasefire-in-2025,2025-12-31,2024-12-29
2025-05-05,0.5,russia-x-ukraine-ceasefire-in-2025,2025-12-31,2024-12-29
2025-05-06,0.5,russia-x-ukraine-ceasefire-in-2025,2025-12-31,2024-12-29
2025-05-07,0.48,russia-x-ukraine-ceasefire-in-2025,2025-12-31,2024-12-29
2025-05-08,0.46,russia-x-ukraine-ceasefire-in-2025,2025-12-31,2024-12-29
2025-05-09,0.475,russia-x-ukraine-ceasefire-in-2025,2025-12-31,2024-12-29
2025-05-10,0.505,russia-x-ukraine-ceasefire-in-2025,2025-12-31,2024-12-29
2025-05-11,0.58,russia-x-ukraine-ceasefire-in-2025,2025-12-31,2024-12-29
2025-05-12,0.565,russia-x-ukraine-ceasefire-in-2025,2025-12-31,2024-12-29
2025-05-13,0.565,russia-x-ukraine-ceasefire-in-2025,2025-12-31,2024-12-29
2025-05-14,0.58,russia-x-ukraine-ceasefire-in-2025,2025-12-31,2024-12-29
2025-05-15,0.545,russia-x-ukraine-ceasefire-in-2025,2025-12-31,2024-12-29
2025-05-16,0.545,russia-x-ukraine-ceasefire-in-2025,2025-12-31,2024-12-29
2025-05-17,0.49,russia-x-ukraine-ceasefire-in-2025,2025-12-31,2024-12-29
2025-05-18,0.505,russia-x-ukraine-ceasefire-in-2025,2025-12-31,2024-12-29
2025-05-19,0.505,russia-x-ukraine-ceasefire-in-2025,2025-12-31,2024-12-29
2025-05-20,0.49,russia-x-ukraine-ceasefire-in-2025,2025-12-31,2024-12-29
2025-05-21,0.49,russia-x-ukraine-ceasefire-in-2025,2025-12-31,2024-12-29
2025-05-22,0.435,russia-x-ukraine-ceasefire-in-2025,2025-12-31,2024-12-29
2025-05-23,0.415,russia-x-ukraine-ceasefire-in-2025,2025-12-31,2024-12-29
2025-05-24,0.395,russia-x-ukraine-ceasefire-in-2025,2025-12-31,2024-12-29
2025-05-25,0.395,russia-x-ukraine-ceasefire-in-2025,2025-12-31,2024-12-29
2025-05-26,0.415,russia-x-ukraine-ceasefire-in-2025,2025-12-31,2024-12-29
2025-05-27,0.385,russia-x-ukraine-ceasefire-in-2025,2025-12-31,2024-12-29
2025-05-28,0.385,russia-x-ukraine-ceasefire-in-2025,2025-12-31,2024-12-29
2025-05-29,0.405,russia-x-ukraine-ceasefire-in-2025,2025-12-31,2024-12-29
2025-05-30,0.405,russia-x-ukraine-ceasefire-in-2025,2025-12-31,2024-12-29
2025-05-31,0.405,russia-x-ukraine-ceasefire-in-2025,2025-12-31,2024-12-29
2025-06-01,0.405,russia-x-ukraine-ceasefire-in-2025,2025-12-31,2024-12-29
2025-06-02,0.39,russia-x-ukraine-ceasefire-in-2025,2025-12-31,2024-12-29
2025-06-03,0.38,russia-x-ukraine-ceasefire-in-2025,2025-12-31,2024-12-29
2025-06-04,0.315,russia-x-ukraine-ceasefire-in-2025,2025-12-31,2024-12-29
2025-06-05,0.295,russia-x-ukraine-ceasefire-in-2025,2025-12-31,2024-12-29
2025-06-06,0.265,russia-x-ukraine-ceasefire-in-2025,2025-12-31,2024-12-29
2025-06-07,0.265,russia-x-ukraine-ceasefire-in-2025,2025-12-31,2024-12-29
2025-06-08,0.245,russia-x-ukraine-ceasefire-in-2025,2025-12-31,2024-12-29
2025-06-09,0.245,russia-x-ukraine-ceasefire-in-2025,2025-12-31,2024-12-29
2025-06-10,0.245,russia-x-ukraine-ceasefire-in-2025,2025-12-31,2024-12-29
2025-06-11,0.245,russia-x-ukraine-ceasefire-in-2025,2025-12-31,2024-12-29
2025-06-12,0.235,russia-x-ukraine-ceasefire-in-2025,2025-12-31,2024-12-29
2025-06-13,0.225,russia-x-ukraine-ceasefire-in-2025,2025-12-31,2024-12-29
2025-06-14,0.225,russia-x-ukraine-ceasefire-in-2025,2025-12-31,2024-12-29
2025-06-15,0.24,russia-x-ukraine-ceasefire-in-2025,2025-12-31,2024-12-29
2025-06-16,0.255,russia-x-ukraine-ceasefire-in-2025,2025-12-31,2024-12-29
2025-06-17,0.245,russia-x-ukraine-ceasefire-in-2025,2025-12-31,2024-12-29
2025-06-18,0.235,russia-x-ukraine-ceasefire-in-2025,2025-12-31,2024-12-29
2025-06-19,0.255,russia-x-ukraine-ceasefire-in-2025,2025-12-31,2024-12-29
2025-06-20,0.24,russia-x-ukraine-ceasefire-in-2025,2025-12-31,2024-12-29
2025-06-21,0.24,russia-x-ukraine-ceasefire-in-2025,2025-12-31,2024-12-29
2025-06-22,0.24,russia-x-ukraine-ceasefire-in-2025,2025-12-31,2024-12-29
2025-06-23,0.235,russia-x-ukraine-ceasefire-in-2025,2025-12-31,2024-12-29
2025-06-24,0.225,russia-x-ukraine-ceasefire-in-2025,2025-12-31,2024-12-29
2025-06-25,0.245,russia-x-ukraine-ceasefire-in-2025,2025-12-31,2024-12-29
2025-06-26,0.245,russia-x-ukraine-ceasefire-in-2025,2025-12-31,2024-12-29
2025-06-27,0.245,russia-x-ukraine-ceasefire-in-2025,2025-12-31,2024-12-29
2025-06-28,0.265,russia-x-ukraine-ceasefire-in-2025,2025-12-31,2024-12-29
2025-06-29,0.255,russia-x-ukraine-ceasefire-in-2025,2025-12-31,2024-12-29
2025-06-30,0.26,russia-x-ukraine-ceasefire-in-2025,2025-12-31,2024-12-29
2025-07-01,0.235,russia-x-ukraine-ceasefire-in-2025,2025-12-31,2024-12-29
2025-07-02,0.225,russia-x-ukraine-ceasefire-in-2025,2025-12-31,2024-12-29
2025-07-03,0.225,russia-x-ukraine-ceasefire-in-2025,2025-12-31,2024-12-29
2025-07-04,0.235,russia-x-ukraine-ceasefire-in-2025,2025-12-31,2024-12-29
2025-07-05,0.225,russia-x-ukraine-ceasefire-in-2025,2025-12-31,2024-12-29
2025-07-06,0.24,russia-x-ukraine-ceasefire-in-2025,2025-12-31,2024-12-29
2025-07-07,0.225,russia-x-ukraine-ceasefire-in-2025,2025-12-31,2024-12-29
2025-07-08,0.225,russia-x-ukraine-ceasefire-in-2025,2025-12-31,2024-12-29
2025-07-09,0.225,russia-x-ukraine-ceasefire-in-2025,2025-12-31,2024-12-29
2025-07-10,0.225,russia-x-ukraine-ceasefire-in-2025,2025-12-31,2024-12-29
2025-07-11,0.22,russia-x-ukraine-ceasefire-in-2025,2025-12-31,2024-12-29
2025-07-12,0.225,russia-x-ukraine-ceasefire-in-2025,2025-12-31,2024-12-29
2025-07-13,0.215,russia-x-ukraine-ceasefire-in-2025,2025-12-31,2024-12-29
2025-07-14,0.195,russia-x-ukraine-ceasefire-in-2025,2025-12-31,2024-12-29
2025-07-15,0.235,russia-x-ukraine-ceasefire-in-2025,2025-12-31,2024-12-29
2025-07-16,0.225,russia-x-ukraine-ceasefire-in-2025,2025-12-31,2024-12-29
2025-07-17,0.225,russia-x-ukraine-ceasefire-in-2025,2025-12-31,2024-12-29
2025-07-18,0.215,russia-x-ukraine-ceasefire-in-2025,2025-12-31,2024-12-29
2025-07-19,0.215,russia-x-ukraine-ceasefire-in-2025,2025-12-31,2024-12-29
2025-07-20,0.245,russia-x-ukraine-ceasefire-in-2025,2025-12-31,2024-12-29
2025-07-21,0.225,russia-x-ukraine-ceasefire-in-2025,2025-12-31,2024-12-29
2025-07-22,0.255,russia-x-ukraine-ceasefire-in-2025,2025-12-31,2024-12-29
2025-07-23,0.255,russia-x-ukraine-ceasefire-in-2025,2025-12-31,2024-12-29
2025-07-24,0.225,russia-x-ukraine-ceasefire-in-2025,2025-12-31,2024-12-29
2025-07-25,0.225,russia-x-ukraine-ceasefire-in-2025,2025-12-31,2024-12-29
2025-07-26,0.225,russia-x-ukraine-ceasefire-in-2025,2025-12-31,2024-12-29
2025-07-27,0.205,russia-x-ukraine-ceasefire-in-2025,2025-12-31,2024-12-29
2025-07-28,0.195,russia-x-ukraine-ceasefire-in-2025,2025-12-31,2024-12-29
2025-07-29,0.205,russia-x-ukraine-ceasefire-in-2025,2025-12-31,2024-12-29
2025-07-30,0.215,russia-x-ukraine-ceasefire-in-2025,2025-12-31,2024-12-29
2025-07-31,0.215,russia-x-ukraine-ceasefire-in-2025,2025-12-31,2024-12-29
2025-08-01,0.235,russia-x-ukraine-ceasefire-in-2025,2025-12-31,2024-12-29
2025-08-02,0.225,russia-x-ukraine-ceasefire-in-2025,2025-12-31,2024-12-29
2025-08-03,0.215,russia-x-ukraine-ceasefire-in-2025,2025-12-31,2024-12-29
2025-08-04,0.195,russia-x-ukraine-ceasefire-in-2025,2025-12-31,2024-12-29
2025-08-05,0.205,russia-x-ukraine-ceasefire-in-2025,2025-12-31,2024-12-29
2025-08-06,0.205,russia-x-ukraine-ceasefire-in-2025,2025-12-31,2024-12-29
2025-08-07,0.265,russia-x-ukraine-ceasefire-in-2025,2025-12-31,2024-12-29
2025-08-08,0.295,russia-x-ukraine-ceasefire-in-2025,2025-12-31,2024-12-29
2025-08-09,0.435,russia-x-ukraine-ceasefire-in-2025,2025-12-31,2024-12-29
2025-08-10,0.365,russia-x-ukraine-ceasefire-in-2025,2025-12-31,2024-12-29
2025-08-11,0.37,russia-x-ukraine-ceasefire-in-2025,2025-12-31,2024-12-29
2025-08-12,0.35,russia-x-ukraine-ceasefire-in-2025,2025-12-31,2024-12-29
2025-08-13,0.375,russia-x-ukraine-ceasefire-in-2025,2025-12-31,2024-12-29
2025-08-14,0.39,russia-x-ukraine-ceasefire-in-2025,2025-12-31,2024-12-29
2025-08-15,0.345,russia-x-ukraine-ceasefire-in-2025,2025-12-31,2024-12-29
2025-08-16,0.31,russia-x-ukraine-ceasefire-in-2025,2025-12-31,2024-12-29
2025-08-17,0.335,russia-x-ukraine-ceasefire-in-2025,2025-12-31,2024-12-29
2025-08-18,0.335,russia-x-ukraine-ceasefire-in-2025,2025-12-31,2024-12-29
2025-08-19,0.39,russia-x-ukraine-ceasefire-in-2025,2025-12-31,2024-12-29
2025-08-20,0.38,russia-x-ukraine-ceasefire-in-2025,2025-12-31,2024-12-29
2025-08-21,0.315,russia-x-ukraine-ceasefire-in-2025,2025-12-31,2024-12-29
2025-08-22,0.25,russia-x-ukraine-ceasefire-in-2025,2025-12-31,2024-12-29
2025-08-23,0.255,russia-x-ukraine-ceasefire-in-2025,2025-12-31,2024-12-29
2025-08-24,0.255,russia-x-ukraine-ceasefire-in-2025,2025-12-31,2024-12-29
2025-08-25,0.245,russia-x-ukraine-ceasefire-in-2025,2025-12-31,2024-12-29
2025-08-26,0.235,russia-x-ukraine-ceasefire-in-2025,2025-12-31,2024-12-29
2025-08-27,0.235,russia-x-ukraine-ceasefire-in-2025,2025-12-31,2024-12-29
2025-08-28,0.255,russia-x-ukraine-ceasefire-in-2025,2025-12-31,2024-12-29
2025-08-29,0.255,russia-x-ukraine-ceasefire-in-2025,2025-12-31,2024-12-29
2025-08-30,0.255,russia-x-ukraine-ceasefire-in-2025,2025-12-31,2024-12-29
2025-08-31,0.25,russia-x-ukraine-ceasefire-in-2025,2025-12-31,2024-12-29
2025-09-01,0.245,russia-x-ukraine-ceasefire-in-2025,2025-12-31,2024-12-29
2025-09-02,0.185,russia-x-ukraine-ceasefire-in-2025,2025-12-31,2024-12-29
2025-09-03,0.205,russia-x-ukraine-ceasefire-in-2025,2025-12-31,2024-12-29
2025-09-04,0.195,russia-x-ukraine-ceasefire-in-2025,2025-12-31,2024-12-29
2025-09-05,0.205,russia-x-ukraine-ceasefire-in-2025,2025-12-31,2024-12-29
2025-09-06,0.17,russia-x-ukraine-ceasefire-in-2025,2025-12-31,2024-12-29
2025-09-07,0.165,russia-x-ukraine-ceasefire-in-2025,2025-12-31,2024-12-29
2025-09-08,0.145,russia-x-ukraine-ceasefire-in-2025,2025-12-31,2024-12-29
2025-09-09,0.165,russia-x-ukraine-ceasefire-in-2025,2025-12-31,2024-12-29
2025-09-10,0.155,russia-x-ukraine-ceasefire-in-2025,2025-12-31,2024-12-29
2025-09-11,0.14,russia-x-ukraine-ceasefire-in-2025,2025-12-31,2024-12-29
2025-09-12,0.145,russia-x-ukraine-ceasefire-in-2025,2025-12-31,2024-12-29
2025-09-13,0.145,russia-x-ukraine-ceasefire-in-2025,2025-12-31,2024-12-29
2025-09-14,0.155,russia-x-ukraine-ceasefire-in-2025,2025-12-31,2024-12-29
2025-09-15,0.145,russia-x-ukraine-ceasefire-in-2025,2025-12-31,2024-12-29
2025-09-16,0.155,russia-x-ukraine-ceasefire-in-2025,2025-12-31,2024-12-29
2025-09-17,0.155,russia-x-ukraine-ceasefire-in-2025,2025-12-31,2024-12-29
2025-09-18,0.145,russia-x-ukraine-ceasefire-in-2025,2025-12-31,2024-12-29
2025-09-19,0.145,russia-x-ukraine-ceasefire-in-2025,2025-12-31,2024-12-29
2025-09-20,0.145,russia-x-ukraine-ceasefire-in-2025,2025-12-31,2024-12-29
2025-09-21,0.145,russia-x-ukraine-ceasefire-in-2025,2025-12-31,2024-12-29
2025-09-22,0.135,russia-x-ukraine-ceasefire-in-2025,2025-12-31,2024-12-29
2025-09-23,0.135,russia-x-ukraine-ceasefire-in-2025,2025-12-31,2024-12-29
2025-09-24,0.105,russia-x-ukraine-ceasefire-in-2025,2025-12-31,2024-12-29
2025-09-25,0.105,russia-x-ukraine-ceasefire-in-2025,2025-12-31,2024-12-29
2025-09-26,0.105,russia-x-ukraine-ceasefire-in-2025,2025-12-31,2024-12-29
2025-09-27,0.115,russia-x-ukraine-ceasefire-in-2025,2025-12-31,2024-12-29
2025-09-28,0.115,russia-x-ukraine-ceasefire-in-2025,2025-12-31,2024-12-29
2025-09-29,0.125,russia-x-ukraine-ceasefire-in-2025,2025-12-31,2024-12-29
2025-09-30,0.115,russia-x-ukraine-ceasefire-in-2025,2025-12-31,2024-12-29
2025-10-01,0.115,russia-x-ukraine-ceasefire-in-2025,2025-12-31,2024-12-29
2025-10-02,0.105,russia-x-ukraine-ceasefire-in-2025,2025-12-31,2024-12-29
2025-10-03,0.095,russia-x-ukraine-ceasefire-in-2025,2025-12-31,2024-12-29
2025-10-04,0.1,russia-x-ukraine-ceasefire-in-2025,2025-12-31,2024-12-29
2025-10-05,0.105,russia-x-ukraine-ceasefire-in-2025,2025-12-31,2024-12-29
2025-10-06,0.095,russia-x-ukraine-ceasefire-in-2025,2025-12-31,2024-12-29
2025-10-07,0.095,russia-x-ukraine-ceasefire-in-2025,2025-12-31,2024-12-29
2025-10-08,0.085,russia-x-ukraine-ceasefire-in-2025,2025-12-31,2024-12-29
2025-10-09,0.105,russia-x-ukraine-ceasefire-in-2025,2025-12-31,2024-12-29
2025-10-10,0.115,russia-x-ukraine-ceasefire-in-2025,2025-12-31,2024-12-29
2025-10-11,0.095,russia-x-ukraine-ceasefire-in-2025,2025-12-31,2024-12-29
2025-10-12,0.105,russia-x-ukraine-ceasefire-in-2025,2025-12-31,2024-12-29
2025-10-13,0.105,russia-x-ukraine-ceasefire-in-2025,2025-12-31,2024-12-29
2025-10-14,0.115,russia-x-ukraine-ceasefire-in-2025,2025-12-31,2024-12-29
2025-10-15,0.115,russia-x-ukraine-ceasefire-in-2025,2025-12-31,2024-12-29
2025-10-16,0.12,russia-x-ukraine-ceasefire-in-2025,2025-12-31,2024-12-29
2025-10-17,0.18,russia-x-ukraine-ceasefire-in-2025,2025-12-31,2024-12-29
2025-10-18,0.195,russia-x-ukraine-ceasefire-in-2025,2025-12-31,2024-12-29
2025-10-19,0.195,russia-x-ukraine-ceasefire-in-2025,2025-12-31,2024-12-29
2025-10-20,0.165,russia-x-ukraine-ceasefire-in-2025,2025-12-31,2024-12-29
2025-10-21,0.155,russia-x-ukraine-ceasefire-in-2025,2025-12-31,2024-12-29
2025-10-22,0.155,russia-x-ukraine-ceasefire-in-2025,2025-12-31,2024-12-29
2025-10-23,0.135,russia-x-ukraine-ceasefire-in-2025,2025-12-31,2024-12-29
2025-10-24,0.125,russia-x-ukraine-ceasefire-in-2025,2025-12-31,2024-12-29
2025-10-25,0.135,russia-x-ukraine-ceasefire-in-2025,2025-12-31,2024-12-29
2025-10-26,0.125,russia-x-ukraine-ceasefire-in-2025,2025-12-31,2024-12-29
2025-10-27,0.125,russia-x-ukraine-ceasefire-in-2025,2025-12-31,2024-12-29
2025-10-28,0.125,russia-x-ukraine-ceasefire-in-2025,2025-12-31,2024-12-29
2025-10-29,0.135,russia-x-ukraine-ceasefire-in-2025,2025-12-31,2024-12-29
2025-10-30,0.125,russia-x-ukraine-ceasefire-in-2025,2025-12-31,2024-12-29
2025-10-31,0.08,russia-x-ukraine-ceasefire-in-2025,2025-12-31,2024-12-29
2025-11-01,0.075,russia-x-ukraine-ceasefire-in-2025,2025-12-31,2024-12-29
2025-11-02,0.075,russia-x-ukraine-ceasefire-in-2025,2025-12-31,2024-12-29
2025-11-03,0.075,russia-x-ukraine-ceasefire-in-2025,2025-12-31,2024-12-29
2025-11-04,0.075,russia-x-ukraine-ceasefire-in-2025,2025-12-31,2024-12-29
2025-11-05,0.065,russia-x-ukraine-ceasefire-in-2025,2025-12-31,2024-12-29
2025-11-06,0.055,russia-x-ukraine-ceasefire-in-2025,2025-12-31,2024-12-29
2025-11-07,0.055,russia-x-ukraine-ceasefire-in-2025,2025-12-31,2024-12-29
2025-11-08,0.065,russia-x-ukraine-ceasefire-in-2025,2025-12-31,2024-12-29
2025-11-09,0.065,russia-x-ukraine-ceasefire-in-2025,2025-12-31,2024-12-29
2025-11-10,0.065,russia-x-ukraine-ceasefire-in-2025,2025-12-31,2024-12-29
2025-11-11,0.065,russia-x-ukraine-ceasefire-in-2025,2025-12-31,2024-12-29
2025-11-12,0.055,russia-x-ukraine-ceasefire-in-2025,2025-12-31,2024-12-29
2025-11-13,0.055,russia-x-ukraine-ceasefire-in-2025,2025-12-31,2024-12-29
2025-11-14,0.045,russia-x-ukraine-ceasefire-in-2025,2025-12-31,2024-12-29
2025-11-15,0.045,russia-x-ukraine-ceasefire-in-2025,2025-12-31,2024-12-29
2025-11-16,0.045,russia-x-ukraine-ceasefire-in-2025,2025-12-31,2024-12-29
2025-11-17,0.045,russia-x-ukraine-ceasefire-in-2025,2025-12-31,2024-12-29
2025-11-18,0.045,russia-x-ukraine-ceasefire-in-2025,2025-12-31,2024-12-29
2025-11-19,0.045,russia-x-ukraine-ceasefire-in-2025,2025-12-31,2024-12-29
2025-11-20,0.065,russia-x-ukraine-ceasefire-in-2025,2025-12-31,2024-12-29
2025-11-21,0.105,russia-x-ukraine-ceasefire-in-2025,2025-12-31,2024-12-29
2025-11-22,0.155,russia-x-ukraine-ceasefire-in-2025,2025-12-31,2024-12-29
2025-11-23,0.155,russia-x-ukraine-ceasefire-in-2025,2025-12-31,2024-12-29
2025-11-24,0.135,russia-x-ukraine-ceasefire-in-2025,2025-12-31,2024-12-29
2025-11-25,0.125,russia-x-ukraine-ceasefire-in-2025,2025-12-31,2024-12-29
2025-11-26,0.165,russia-x-ukraine-ceasefire-in-2025,2025-12-31,2024-12-29
2025-11-27,0.115,russia-x-ukraine-ceasefire-in-2025,2025-12-31,2024-12-29
2025-11-28,0.085,russia-x-ukraine-ceasefire-in-2025,2025-12-31,2024-12-29
2025-11-29,0.085,russia-x-ukraine-ceasefire-in-2025,2025-12-31,2024-12-29
2025-11-30,0.085,russia-x-ukraine-ceasefire-in-2025,2025-12-31,2024-12-29
2025-12-01,0.095,russia-x-ukraine-ceasefire-in-2025,2025-12-31,2024-12-29
2025-12-02,0.085,russia-x-ukraine-ceasefire-in-2025,2025-12-31,2024-12-29
2025-12-03,0.055,russia-x-ukraine-ceasefire-in-2025,2025-12-31,2024-12-29
2025-12-04,0.045,russia-x-ukraine-ceasefire-in-2025,2025-12-31,2024-12-29
2025-12-05,0.055,russia-x-ukraine-ceasefire-in-2025,2025-12-31,2024-12-29
2025-12-06,0.055,russia-x-ukraine-ceasefire-in-2025,2025-12-31,2024-12-29
2025-12-07,0.045,russia-x-ukraine-ceasefire-in-2025,2025-12-31,2024-12-29
2025-12-08,0.055,russia-x-ukraine-ceasefire-in-2025,2025-12-31,2024-12-29
2025-12-09,0.045,russia-x-ukraine-ceasefire-in-2025,2025-12-31,2024-12-29
2025-12-10,0.033,russia-x-ukraine-ceasefire-in-2025,2025-12-31,2024-12-29
2025-12-11,0.029,russia-x-ukraine-ceasefire-in-2025,2025-12-31,2024-12-29
2025-12-12,0.0245,russia-x-ukraine-ceasefire-in-2025,2025-12-31,2024-12-29
2025-12-13,0.0265,russia-x-ukraine-ceasefire-in-2025,2025-12-31,2024-12-29
2025-12-14,0.031,russia-x-ukraine-ceasefire-in-2025,2025-12-31,2024-12-29
2025-12-15,0.0305,russia-x-ukraine-ceasefire-in-2025,2025-12-31,2024-12-29
2025-12-16,0.0415,russia-x-ukraine-ceasefire-in-2025,2025-12-31,2024-12-29
2025-12-17,0.0365,russia-x-ukraine-ceasefire-in-2025,2025-12-31,2024-12-29
2025-12-18,0.0255,russia-x-ukraine-ceasefire-in-2025,2025-12-31,2024-12-29
2025-12-19,0.0315,russia-x-ukraine-ceasefire-in-2025,2025-12-31,2024-12-29
2025-12-20,0.0325,russia-x-ukraine-ceasefire-in-2025,2025-12-31,2024-12-29
2025-12-21,0.0235,russia-x-ukraine-ceasefire-in-2025,2025-12-31,2024-12-29
2025-12-22,0.0165,russia-x-ukraine-ceasefire-in-2025,2025-12-31,2024-12-29
2025-12-23,0.0145,russia-x-ukraine-ceasefire-in-2025,2025-12-31,2024-12-29
2025-12-24,0.01,russia-x-ukraine-ceasefire-in-2025,2025-12-31,2024-12-29
2025-12-25,0.0085,russia-x-ukraine-ceasefire-in-2025,2025-12-31,2024-12-29
2025-12-26,0.0075,russia-x-ukraine-ceasefire-in-2025,2025-12-31,2024-12-29
2025-12-27,0.0165,russia-x-ukraine-ceasefire-in-2025,2025-12-31,2024-12-29
2025-12-28,0.014,russia-x-ukraine-ceasefire-in-2025,2025-12-31,2024-12-29
2025-12-29,0.0065,russia-x-ukraine-ceasefire-in-2025,2025-12-31,2024-12-29
2025-12-30,0.0015,russia-x-ukraine-ceasefire-in-2025,2025-12-31,2024-12-29
2025-12-31,0.0025,russia-x-ukraine-ceasefire-in-2025,2025-12-31,2024-12-29
2025-07-25,0.5,russia-x-ukraine-ceasefire-before-2027,2026-12-31,2025-07-24
2025-07-26,0.615,russia-x-ukraine-ceasefire-before-2027,2026-12-31,2025-07-24
2025-07-27,0.53,russia-x-ukraine-ceasefire-before-2027,2026-12-31,2025-07-24
2025-07-28,0.49,russia-x-ukraine-ceasefire-before-2027,2026-12-31,2025-07-24
2025-07-29,0.5,russia-x-ukraine-ceasefire-before-2027,2026-12-31,2025-07-24
2025-07-30,0.495,russia-x-ukraine-ceasefire-before-2027,2026-12-31,2025-07-24
2025-07-31,0.505,russia-x-ukraine-ceasefire-before-2027,2026-12-31,2025-07-24
2025-08-01,0.505,russia-x-ukraine-ceasefire-before-2027,2026-12-31,2025-07-24
2025-08-02,0.515,russia-x-ukraine-ceasefire-before-2027,2026-12-31,2025-07-24
2025-08-03,0.515,russia-x-ukraine-ceasefire-before-2027,2026-12-31,2025-07-24
2025-08-04,0.515,russia-x-ukraine-ceasefire-before-2027,2026-12-31,2025-07-24
2025-08-05,0.515,russia-x-ukraine-ceasefire-before-2027,2026-12-31,2025-07-24
2025-08-06,0.515,russia-x-ukraine-ceasefire-before-2027,2026-12-31,2025-07-24
2025-08-07,0.55,russia-x-ukraine-ceasefire-before-2027,2026-12-31,2025-07-24
2025-08-08,0.625,russia-x-ukraine-ceasefire-before-2027,2026-12-31,2025-07-24
2025-08-09,0.705,russia-x-ukraine-ceasefire-before-2027,2026-12-31,2025-07-24
2025-08-10,0.685,russia-x-ukraine-ceasefire-before-2027,2026-12-31,2025-07-24
2025-08-11,0.665,russia-x-ukraine-ceasefire-before-2027,2026-12-31,2025-07-24
2025-08-12,0.64,russia-x-ukraine-ceasefire-before-2027,2026-12-31,2025-07-24
2025-08-13,0.65,russia-x-ukraine-ceasefire-before-2027,2026-12-31,2025-07-24
2025-08-14,0.665,russia-x-ukraine-ceasefire-before-2027,2026-12-31,2025-07-24
2025-08-15,0.665,russia-x-ukraine-ceasefire-before-2027,2026-12-31,2025-07-24
2025-08-16,0.645,russia-x-ukraine-ceasefire-before-2027,2026-12-31,2025-07-24
2025-08-17,0.645,russia-x-ukraine-ceasefire-before-2027,2026-12-31,2025-07-24
2025-08-18,0.635,russia-x-ukraine-ceasefire-before-2027,2026-12-31,2025-07-24
2025-08-19,0.67,russia-x-ukraine-ceasefire-before-2027,2026-12-31,2025-07-24
2025-08-20,0.645,russia-x-ukraine-ceasefire-before-2027,2026-12-31,2025-07-24
2025-08-21,0.65,russia-x-ukraine-ceasefire-before-2027,2026-12-31,2025-07-24
2025-08-22,0.57,russia-x-ukraine-ceasefire-before-2027,2026-12-31,2025-07-24
2025-08-23,0.58,russia-x-ukraine-ceasefire-before-2027,2026-12-31,2025-07-24
2025-08-24,0.585,russia-x-ukraine-ceasefire-before-2027,2026-12-31,2025-07-24
2025-08-25,0.59,russia-x-ukraine-ceasefire-before-2027,2026-12-31,2025-07-24
2025-08-26,0.595,russia-x-ukraine-ceasefire-before-2027,2026-12-31,2025-07-24
2025-08-27,0.585,russia-x-ukraine-ceasefire-before-2027,2026-12-31,2025-07-24
2025-08-28,0.58,russia-x-ukraine-ceasefire-before-2027,2026-12-31,2025-07-24
2025-08-29,0.575,russia-x-ukraine-ceasefire-before-2027,2026-12-31,2025-07-24
2025-08-30,0.575,russia-x-ukraine-ceasefire-before-2027,2026-12-31,2025-07-24
2025-08-31,0.57,russia-x-ukraine-ceasefire-before-2027,2026-12-31,2025-07-24
2025-09-01,0.56,russia-x-ukraine-ceasefire-before-2027,2026-12-31,2025-07-24
2025-09-02,0.54,russia-x-ukraine-ceasefire-before-2027,2026-12-31,2025-07-24
2025-09-03,0.535,russia-x-ukraine-ceasefire-before-2027,2026-12-31,2025-07-24
2025-09-04,0.535,russia-x-ukraine-ceasefire-before-2027,2026-12-31,2025-07-24
2025-09-05,0.54,russia-x-ukraine-ceasefire-before-2027,2026-12-31,2025-07-24
2025-09-06,0.54,russia-x-ukraine-ceasefire-before-2027,2026-12-31,2025-07-24
2025-09-07,0.535,russia-x-ukraine-ceasefire-before-2027,2026-12-31,2025-07-24
2025-09-08,0.53,russia-x-ukraine-ceasefire-before-2027,2026-12-31,2025-07-24
2025-09-09,0.515,russia-x-ukraine-ceasefire-before-2027,2026-12-31,2025-07-24
2025-09-10,0.51,russia-x-ukraine-ceasefire-before-2027,2026-12-31,2025-07-24
2025-09-11,0.505,russia-x-ukraine-ceasefire-before-2027,2026-12-31,2025-07-24
2025-09-12,0.5,russia-x-ukraine-ceasefire-before-2027,2026-12-31,2025-07-24
2025-09-13,0.485,russia-x-ukraine-ceasefire-before-2027,2026-12-31,2025-07-24
2025-09-14,0.475,russia-x-ukraine-ceasefire-before-2027,2026-12-31,2025-07-24
2025-09-15,0.475,russia-x-ukraine-ceasefire-before-2027,2026-12-31,2025-07-24
2025-09-16,0.47,russia-x-ukraine-ceasefire-before-2027,2026-12-31,2025-07-24
2025-09-17,0.47,russia-x-ukraine-ceasefire-before-2027,2026-12-31,2025-07-24
2025-09-18,0.495,russia-x-ukraine-ceasefire-before-2027,2026-12-31,2025-07-24
2025-09-19,0.47,russia-x-ukraine-ceasefire-before-2027,2026-12-31,2025-07-24
2025-09-20,0.465,russia-x-ukraine-ceasefire-before-2027,2026-12-31,2025-07-24
2025-09-21,0.445,russia-x-ukraine-ceasefire-before-2027,2026-12-31,2025-07-24
2025-09-22,0.445,russia-x-ukraine-ceasefire-before-2027,2026-12-31,2025-07-24
2025-09-23,0.455,russia-x-ukraine-ceasefire-before-2027,2026-12-31,2025-07-24
2025-09-24,0.425,russia-x-ukraine-ceasefire-before-2027,2026-12-31,2025-07-24
2025-09-25,0.43,russia-x-ukraine-ceasefire-before-2027,2026-12-31,2025-07-24
2025-09-26,0.435,russia-x-ukraine-ceasefire-before-2027,2026-12-31,2025-07-24
2025-09-27,0.435,russia-x-ukraine-ceasefire-before-2027,2026-12-31,2025-07-24
2025-09-28,0.425,russia-x-ukraine-ceasefire-before-2027,2026-12-31,2025-07-24
2025-09-29,0.425,russia-x-ukraine-ceasefire-before-2027,2026-12-31,2025-07-24
2025-09-30,0.425,russia-x-ukraine-ceasefire-before-2027,2026-12-31,2025-07-24
2025-10-01,0.42,russia-x-ukraine-ceasefire-before-2027,2026-12-31,2025-07-24
2025-10-02,0.42,russia-x-ukraine-ceasefire-before-2027,2026-12-31,2025-07-24
2025-10-03,0.425,russia-x-ukraine-ceasefire-before-2027,2026-12-31,2025-07-24
2025-10-04,0.41,russia-x-ukraine-ceasefire-before-2027,2026-12-31,2025-07-24
2025-10-05,0.405,russia-x-ukraine-ceasefire-before-2027,2026-12-31,2025-07-24
2025-10-06,0.41,russia-x-ukraine-ceasefire-before-2027,2026-12-31,2025-07-24
2025-10-07,0.415,russia-x-ukraine-ceasefire-before-2027,2026-12-31,2025-07-24
2025-10-08,0.405,russia-x-ukraine-ceasefire-before-2027,2026-12-31,2025-07-24
2025-10-09,0.385,russia-x-ukraine-ceasefire-before-2027,2026-12-31,2025-07-24
2025-10-10,0.4,russia-x-ukraine-ceasefire-before-2027,2026-12-31,2025-07-24
2025-10-11,0.42,russia-x-ukraine-ceasefire-before-2027,2026-12-31,2025-07-24
2025-10-12,0.425,russia-x-ukraine-ceasefire-before-2027,2026-12-31,2025-07-24
2025-10-13,0.415,russia-x-ukraine-ceasefire-before-2027,2026-12-31,2025-07-24
2025-10-14,0.44,russia-x-ukraine-ceasefire-before-2027,2026-12-31,2025-07-24
2025-10-15,0.455,russia-x-ukraine-ceasefire-before-2027,2026-12-31,2025-07-24
2025-10-16,0.425,russia-x-ukraine-ceasefire-before-2027,2026-12-31,2025-07-24
2025-10-17,0.56,russia-x-ukraine-ceasefire-before-2027,2026-12-31,2025-07-24
2025-10-18,0.51,russia-x-ukraine-ceasefire-before-2027,2026-12-31,2025-07-24
2025-10-19,0.515,russia-x-ukraine-ceasefire-before-2027,2026-12-31,2025-07-24
2025-10-20,0.495,russia-x-ukraine-ceasefire-before-2027,2026-12-31,2025-07-24
2025-10-21,0.47,russia-x-ukraine-ceasefire-before-2027,2026-12-31,2025-07-24
2025-10-22,0.47,russia-x-ukraine-ceasefire-before-2027,2026-12-31,2025-07-24
2025-10-23,0.46,russia-x-ukraine-ceasefire-before-2027,2026-12-31,2025-07-24
2025-10-24,0.435,russia-x-ukraine-ceasefire-before-2027,2026-12-31,2025-07-24
2025-10-25,0.45,russia-x-ukraine-ceasefire-before-2027,2026-12-31,2025-07-24
2025-10-26,0.45,russia-x-ukraine-ceasefire-before-2027,2026-12-31,2025-07-24
2025-10-27,0.455,russia-x-ukraine-ceasefire-before-2027,2026-12-31,2025-07-24
2025-10-28,0.47,russia-x-ukraine-ceasefire-before-2027,2026-12-31,2025-07-24
2025-10-29,0.45,russia-x-ukraine-ceasefire-before-2027,2026-12-31,2025-07-24
2025-10-30,0.455,russia-x-ukraine-ceasefire-before-2027,2026-12-31,2025-07-24
2025-10-31,0.45,russia-x-ukraine-ceasefire-before-2027,2026-12-31,2025-07-24
2025-11-01,0.445,russia-x-ukraine-ceasefire-before-2027,2026-12-31,2025-07-24
2025-11-02,0.445,russia-x-ukraine-ceasefire-before-2027,2026-12-31,2025-07-24
2025-11-03,0.44,russia-x-ukraine-ceasefire-before-2027,2026-12-31,2025-07-24
2025-11-04,0.445,russia-x-ukraine-ceasefire-before-2027,2026-12-31,2025-07-24
2025-11-05,0.445,russia-x-ukraine-ceasefire-before-2027,2026-12-31,2025-07-24
2025-11-06,0.45,russia-x-ukraine-ceasefire-before-2027,2026-12-31,2025-07-24
2025-11-07,0.445,russia-x-ukraine-ceasefire-before-2027,2026-12-31,2025-07-24
2025-11-08,0.445,russia-x-ukraine-ceasefire-before-2027,2026-12-31,2025-07-24
2025-11-09,0.445,russia-x-ukraine-ceasefire-before-2027,2026-12-31,2025-07-24
2025-11-10,0.425,russia-x-ukraine-ceasefire-before-2027,2026-12-31,2025-07-24
2025-11-11,0.425,russia-x-ukraine-ceasefire-before-2027,2026-12-31,2025-07-24
2025-11-12,0.425,russia-x-ukraine-ceasefire-before-2027,2026-12-31,2025-07-24
2025-11-13,0.425,russia-x-ukraine-ceasefire-before-2027,2026-12-31,2025-07-24
2025-11-14,0.42,russia-x-ukraine-ceasefire-before-2027,2026-12-31,2025-07-24
2025-11-15,0.43,russia-x-ukraine-ceasefire-before-2027,2026-12-31,2025-07-24
2025-11-16,0.42,russia-x-ukraine-ceasefire-before-2027,2026-12-31,2025-07-24
2025-11-17,0.425,russia-x-ukraine-ceasefire-before-2027,2026-12-31,2025-07-24
2025-11-18,0.435,russia-x-ukraine-ceasefire-before-2027,2026-12-31,2025-07-24
2025-11-19,0.465,russia-x-ukraine-ceasefire-before-2027,2026-12-31,2025-07-24
2025-11-20,0.47,russia-x-ukraine-ceasefire-before-2027,2026-12-31,2025-07-24
2025-11-21,0.515,russia-x-ukraine-ceasefire-before-2027,2026-12-31,2025-07-24
2025-11-22,0.565,russia-x-ukraine-ceasefire-before-2027,2026-12-31,2025-07-24
2025-11-23,0.53,russia-x-ukraine-ceasefire-before-2027,2026-12-31,2025-07-24
2025-11-24,0.53,russia-x-ukraine-ceasefire-before-2027,2026-12-31,2025-07-24
2025-11-25,0.495,russia-x-ukraine-ceasefire-before-2027,2026-12-31,2025-07-24
2025-11-26,0.53,russia-x-ukraine-ceasefire-before-2027,2026-12-31,2025-07-24
2025-11-27,0.53,russia-x-ukraine-ceasefire-before-2027,2026-12-31,2025-07-24
2025-11-28,0.535,russia-x-ukraine-ceasefire-before-2027,2026-12-31,2025-07-24
2025-11-29,0.54,russia-x-ukraine-ceasefire-before-2027,2026-12-31,2025-07-24
2025-11-30,0.545,russia-x-ukraine-ceasefire-before-2027,2026-12-31,2025-07-24
2025-12-01,0.53,russia-x-ukraine-ceasefire-before-2027,2026-12-31,2025-07-24
2025-12-02,0.535,russia-x-ukraine-ceasefire-before-2027,2026-12-31,2025-07-24
2025-12-03,0.52,russia-x-ukraine-ceasefire-before-2027,2026-12-31,2025-07-24
2025-12-04,0.445,russia-x-ukraine-ceasefire-before-2027,2026-12-31,2025-07-24
2025-12-05,0.435,russia-x-ukraine-ceasefire-before-2027,2026-12-31,2025-07-24
2025-12-06,0.46,russia-x-ukraine-ceasefire-before-2027,2026-12-31,2025-07-24
2025-12-07,0.47,russia-x-ukraine-ceasefire-before-2027,2026-12-31,2025-07-24
2025-12-08,0.495,russia-x-ukraine-ceasefire-before-2027,2026-12-31,2025-07-24
2025-12-09,0.485,russia-x-ukraine-ceasefire-before-2027,2026-12-31,2025-07-24
2025-12-10,0.475,russia-x-ukraine-ceasefire-before-2027,2026-12-31,2025-07-24
2025-12-11,0.485,russia-x-ukraine-ceasefire-before-2027,2026-12-31,2025-07-24
2025-12-12,0.515,russia-x-ukraine-ceasefire-before-2027,2026-12-31,2025-07-24
2025-12-13,0.495,russia-x-ukraine-ceasefire-before-2027,2026-12-31,2025-07-24
2025-12-14,0.505,russia-x-ukraine-ceasefire-before-2027,2026-12-31,2025-07-24
2025-12-15,0.505,russia-x-ukraine-ceasefire-before-2027,2026-12-31,2025-07-24
2025-12-16,0.52,russia-x-ukraine-ceasefire-before-2027,2026-12-31,2025-07-24
2025-12-17,0.505,russia-x-ukraine-ceasefire-before-2027,2026-12-31,2025-07-24
2025-12-18,0.515,russia-x-ukraine-ceasefire-before-2027,2026-12-31,2025-07-24
2025-12-19,0.51,russia-x-ukraine-ceasefire-before-2027,2026-12-31,2025-07-24
2025-12-20,0.51,russia-x-ukraine-ceasefire-before-2027,2026-12-31,2025-07-24
2025-12-21,0.505,russia-x-ukraine-ceasefire-before-2027,2026-12-31,2025-07-24
2025-12-22,0.495,russia-x-ukraine-ceasefire-before-2027,2026-12-31,2025-07-24
2025-12-23,0.475,russia-x-ukraine-ceasefire-before-2027,2026-12-31,2025-07-24
2025-12-24,0.475,russia-x-ukraine-ceasefire-before-2027,2026-12-31,2025-07-24
2025-12-25,0.445,russia-x-ukraine-ceasefire-before-2027,2026-12-31,2025-07-24
2025-12-26,0.445,russia-x-ukraine-ceasefire-before-2027,2026-12-31,2025-07-24
2025-12-27,0.515,russia-x-ukraine-ceasefire-before-2027,2026-12-31,2025-07-24
2025-12-28,0.505,russia-x-ukraine-ceasefire-before-2027,2026-12-31,2025-07-24
2025-12-29,0.515,russia-x-ukraine-ceasefire-before-2027,2026-12-31,2025-07-24
2025-12-30,0.47,russia-x-ukraine-ceasefire-before-2027,2026-12-31,2025-07-24
2025-12-31,0.465,russia-x-ukraine-ceasefire-before-2027,2026-12-31,2025-07-24
2026-01-01,0.455,russia-x-ukraine-ceasefire-before-2027,2026-12-31,2025-07-24
2026-01-02,0.435,russia-x-ukraine-ceasefire-before-2027,2026-12-31,2025-07-24
2026-01-03,0.425,russia-x-ukraine-ceasefire-before-2027,2026-12-31,2025-07-24
2026-01-04,0.425,russia-x-ukraine-ceasefire-before-2027,2026-12-31,2025-07-24
2026-01-05,0.435,russia-x-ukraine-ceasefire-before-2027,2026-12-31,2025-07-24
2026-01-06,0.455,russia-x-ukraine-ceasefire-before-2027,2026-12-31,2025-07-24
2026-01-07,0.445,russia-x-ukraine-ceasefire-before-2027,2026-12-31,2025-07-24
2026-01-08,0.445,russia-x-ukraine-ceasefire-before-2027,2026-12-31,2025-07-24
2026-01-09,0.455,russia-x-ukraine-ceasefire-before-2027,2026-12-31,2025-07-24
2026-01-10,0.445,russia-x-ukraine-ceasefire-before-2027,2026-12-31,2025-07-24
2026-01-11,0.445,russia-x-ukraine-ceasefire-before-2027,2026-12-31,2025-07-24
2026-01-12,0.445,russia-x-ukraine-ceasefire-before-2027,2026-12-31,2025-07-24
2026-01-13,0.445,russia-x-ukraine-ceasefire-before-2027,2026-12-31,2025-07-24
2026-01-14,0.425,russia-x-ukraine-ceasefire-before-2027,2026-12-31,2025-07-24
2026-01-15,0.405,russia-x-ukraine-ceasefire-before-2027,2026-12-31,2025-07-24
2026-01-16,0.415,russia-x-ukraine-ceasefire-before-2027,2026-12-31,2025-07-24
2026-01-17,0.415,russia-x-ukraine-ceasefire-before-2027,2026-12-31,2025-07-24
2026-01-18,0.415,russia-x-ukraine-ceasefire-before-2027,2026-12-31,2025-07-24
2026-01-19,0.415,russia-x-ukraine-ceasefire-before-2027,2026-12-31,2025-07-24
2026-01-20,0.415,russia-x-ukraine-ceasefire-before-2027,2026-12-31,2025-07-24
2026-01-21,0.405,russia-x-ukraine-ceasefire-before-2027,2026-12-31,2025-07-24
2026-01-22,0.415,russia-x-ukraine-ceasefire-before-2027,2026-12-31,2025-07-24
2026-01-23,0.445,russia-x-ukraine-ceasefire-before-2027,2026-12-31,2025-07-24
2026-01-24,0.445,russia-x-ukraine-ceasefire-before-2027,2026-12-31,2025-07-24
2026-01-25,0.41,russia-x-ukraine-ceasefire-before-2027,2026-12-31,2025-07-24
2026-01-26,0.425,russia-x-ukraine-ceasefire-before-2027,2026-12-31,2025-07-24
2026-01-27,0.435,russia-x-ukraine-ceasefire-before-2027,2026-12-31,2025-07-24
2026-01-28,0.435,russia-x-ukraine-ceasefire-before-2027,2026-12-31,2025-07-24
2026-01-29,0.45,russia-x-ukraine-ceasefire-before-2027,2026-12-31,2025-07-24
2026-01-30,0.465,russia-x-ukraine-ceasefire-before-2027,2026-12-31,2025-07-24
2026-01-31,0.45,russia-x-ukraine-ceasefire-before-2027,2026-12-31,2025-07-24
2026-02-01,0.445,russia-x-ukraine-ceasefire-before-2027,2026-12-31,2025-07-24
2026-02-02,0.445,russia-x-ukraine-ceasefire-before-2027,2026-12-31,2025-07-24
2026-02-03,0.455,russia-x-ukraine-ceasefire-before-2027,2026-12-31,2025-07-24
2026-02-04,0.455,russia-x-ukraine-ceasefire-before-2027,2026-12-31,2025-07-24
2026-02-05,0.445,russia-x-ukraine-ceasefire-before-2027,2026-12-31,2025-07-24
2026-02-06,0.425,russia-x-ukraine-ceasefire-before-2027,2026-12-31,2025-07-24
2026-02-07,0.435,russia-x-ukraine-ceasefire-before-2027,2026-12-31,2025-07-24
2026-02-08,0.435,russia-x-ukraine-ceasefire-before-2027,2026-12-31,2025-07-24
2026-02-09,0.445,russia-x-ukraine-ceasefire-before-2027,2026-12-31,2025-07-24
2026-02-10,0.435,russia-x-ukraine-ceasefire-before-2027,2026-12-31,2025-07-24
2026-02-12,0.435,russia-x-ukraine-ceasefire-before-2027,2026-12-31,2025-07-24
2026-02-13,0.435,russia-x-ukraine-ceasefire-before-2027,2026-12-31,2025-07-24
2026-02-14,0.435,russia-x-ukraine-ceasefire-before-2027,2026-12-31,2025-07-24
2026-02-15,0.415,russia-x-ukraine-ceasefire-before-2027,2026-12-31,2025-07-24
2026-02-17,0.415,russia-x-ukraine-ceasefire-before-2027,2026-12-31,2025-07-24
2026-02-21,0.375,russia-x-ukraine-ceasefire-before-2027,2026-12-31,2025-07-24
2026-02-22,0.385,russia-x-ukraine-ceasefire-before-2027,2026-12-31,2025-07-24
2026-02-23,0.385,russia-x-ukraine-ceasefire-before-2027,2026-12-31,2025-07-24
2026-02-24,0.395,russia-x-ukraine-ceasefire-before-2027,2026-12-31,2025-07-24
2026-02-25,0.385,russia-x-ukraine-ceasefire-before-2027,2026-12-31,2025-07-24
2026-02-26,0.365,russia-x-ukraine-ceasefire-before-2027,2026-12-31,2025-07-24
2026-02-27,0.365,russia-x-ukraine-ceasefire-before-2027,2026-12-31,2025-07-24
2026-02-28,0.355,russia-x-ukraine-ceasefire-before-2027,2026-12-31,2025-07-24
2026-03-05,0.395,russia-x-ukraine-ceasefire-before-2027,2026-12-31,2025-07-24
2026-03-06,0.37,russia-x-ukraine-ceasefire-before-2027,2026-12-31,2025-07-24
2026-03-07,0.385,russia-x-ukraine-ceasefire-before-2027,2026-12-31,2025-07-24
2026-03-08,0.375,russia-x-ukraine-ceasefire-before-2027,2026-12-31,2025-07-24
2026-03-09,0.385,russia-x-ukraine-ceasefire-before-2027,2026-12-31,2025-07-24
2026-03-10,0.395,russia-x-ukraine-ceasefire-before-2027,2026-12-31,2025-07-24
2026-03-11,0.41,russia-x-ukraine-ceasefire-before-2027,2026-12-31,2025-07-24
2026-03-14,0.375,russia-x-ukraine-ceasefire-before-2027,2026-12-31,2025-07-24
2026-03-15,0.375,russia-x-ukraine-ceasefire-before-2027,2026-12-31,2025-07-24
2026-03-17,0.365,russia-x-ukraine-ceasefire-before-2027,2026-12-31,2025-07-24
2026-03-18,0.365,russia-x-ukraine-ceasefire-before-2027,2026-12-31,2025-07-24
2026-03-19,0.355,russia-x-ukraine-ceasefire-before-2027,2026-12-31,2025-07-24
2026-03-20,0.355,russia-x-ukraine-ceasefire-before-2027,2026-12-31,2025-07-24
2026-03-21,0.355,russia-x-ukraine-ceasefire-before-2027,2026-12-31,2025-07-24
2026-03-22,0.335,russia-x-ukraine-ceasefire-before-2027,2026-12-31,2025-07-24
2026-03-23,0.335,russia-x-ukraine-ceasefire-before-2027,2026-12-31,2025-07-24
2026-03-24,0.345,russia-x-ukraine-ceasefire-before-2027,2026-12-31,2025-07-24
2026-03-25,0.335,russia-x-ukraine-ceasefire-before-2027,2026-12-31,2025-07-24
2026-03-26,0.335,russia-x-ukraine-ceasefire-before-2027,2026-12-31,2025-07-24
2026-03-27,0.325,russia-x-ukraine-ceasefire-before-2027,2026-12-31,2025-07-24
2026-03-28,0.315,russia-x-ukraine-ceasefire-before-2027,2026-12-31,2025-07-24
2026-03-29,0.305,russia-x-ukraine-ceasefire-before-2027,2026-12-31,2025-07-24
2026-04-09,0.285,russia-x-ukraine-ceasefire-before-2027,2026-12-31,2025-07-24
2026-04-18,0.255,russia-x-ukraine-ceasefire-before-2027,2026-12-31,2025-07-24
2026-04-22,0.255,russia-x-ukraine-ceasefire-before-2027,2026-12-31,2025-07-24
2026-04-23,0.255,russia-x-ukraine-ceasefire-before-2027,2026-12-31,2025-07-24
2026-04-24,0.255,russia-x-ukraine-ceasefire-before-2027,2026-12-31,2025-07-24
2026-04-25,0.265,russia-x-ukraine-ceasefire-before-2027,2026-12-31,2025-07-24
2026-04-26,0.265,russia-x-ukraine-ceasefire-before-2027,2026-12-31,2025-07-24
2026-04-27,0.285,russia-x-ukraine-ceasefire-before-2027,2026-12-31,2025-07-24
2026-04-28,0.285,russia-x-ukraine-ceasefire-before-2027,2026-12-31,2025-07-24
2026-04-29,0.275,russia-x-ukraine-ceasefire-before-2027,2026-12-31,2025-07-24
2026-04-30,0.315,russia-x-ukraine-ceasefire-before-2027,2026-12-31,2025-07-24
2026-05-01,0.315,russia-x-ukraine-ceasefire-before-2027,2026-12-31,2025-07-24
2026-05-02,0.315,russia-x-ukraine-ceasefire-before-2027,2026-12-31,2025-07-24
2026-05-03,0.295,russia-x-ukraine-ceasefire-before-2027,2026-12-31,2025-07-24
2026-05-04,0.285,russia-x-ukraine-ceasefire-before-2027,2026-12-31,2025-07-24
2026-05-05,0.295,russia-x-ukraine-ceasefire-before-2027,2026-12-31,2025-07-24
2026-05-06,0.315,russia-x-ukraine-ceasefire-before-2027,2026-12-31,2025-07-24
2026-05-07,0.295,russia-x-ukraine-ceasefire-before-2027,2026-12-31,2025-07-24
2026-05-08,0.285,russia-x-ukraine-ceasefire-before-2027,2026-12-31,2025-07-24
