date,usdrub
2014-01-06,33.2125
2014-01-08,33.1935
2014-01-09,33.234
2014-01-10,33.027
2014-01-13,33.2825
2014-01-14,33.302
2014-01-15,33.4
2014-01-16,33.4125
2014-01-17,33.5905
2014-01-20,33.768
2014-01-21,33.935
2014-01-22,33.9305
2014-01-23,34.115
2014-01-24,34.527
2014-01-27,34.69
2014-01-28,34.742
2014-01-29,35.1305
2014-01-30,34.905
2014-01-31,35.196
2014-02-03,35.44
2014-02-04,35.003
2014-02-05,34.898
2014-02-06,34.694
2014-02-07,34.7685
2014-02-10,34.76
2014-02-11,34.7525
2014-02-12,34.831
2014-02-13,35.1495
2014-02-14,35.08
2014-02-17,35.2195
2014-02-18,35.4115
2014-02-19,35.795
2014-02-20,35.775
2014-02-21,35.489
2014-02-24,35.483
2014-02-25,35.705
2014-02-26,36.0195
2014-02-27,36.036
2014-02-28,35.886
2014-03-03,36.51
2014-03-04,36.065
2014-03-05,36.0435
2014-03-06,36.1365
2014-03-07,36.4695
2014-03-11,36.5
2014-03-12,36.5
2014-03-13,36.6085
2014-03-14,36.597
2014-03-17,36.33
2014-03-18,36.2205
2014-03-19,36.136
2014-03-20,36.38
2014-03-21,36.2595
2014-03-24,36.052
2014-03-25,35.56
2014-03-26,35.53
2014-03-27,35.5905
2014-03-28,35.78
2014-03-31,35.12
2014-04-01,35.0995
2014-04-02,35.418
2014-04-03,35.5
2014-04-04,35.3
2014-04-07,35.642
2014-04-08,35.6805
2014-04-09,35.642
2014-04-10,35.57
2014-04-11,35.645
2014-04-14,35.9845
2014-04-15,36.1925
2014-04-16,35.9885
2014-04-17,35.46
2014-04-18,35.6105
2014-04-21,35.7265
2014-04-22,35.699
2014-04-23,35.6755
2014-04-24,35.772
2014-04-25,36.0285
2014-04-28,35.821
2014-04-29,35.602
2014-04-30,35.63
2014-05-02,35.8735
2014-05-05,35.7195
2014-05-06,35.41
2014-05-07,34.9295
2014-05-08,35.04
2014-05-12,35.0425
2014-05-13,34.8525
2014-05-14,34.72
2014-05-15,34.75
2014-05-16,34.77
2014-05-19,34.5655
2014-05-20,34.5215
2014-05-21,34.345
2014-05-22,34.3195
2014-05-23,34.17
2014-05-26,34.2035
2014-05-27,34.406
2014-05-28,34.5615
2014-05-29,34.658
2014-05-30,34.8945
2014-06-02,34.93
2014-06-03,35.0695
2014-06-04,34.9995
2014-06-05,34.7415
2014-06-06,34.418
2014-06-09,34.34
2014-06-10,34.365
2014-06-11,34.379
2014-06-13,34.452
2014-06-16,34.6385
2014-06-17,34.8265
2014-06-18,34.42
2014-06-19,34.396
2014-06-20,34.479
2014-06-23,34.127
2014-06-24,33.8175
2014-06-25,33.7455
2014-06-26,33.72
2014-06-27,33.738
2014-06-30,33.9825
2014-07-01,34.34
2014-07-02,34.281
2014-07-03,34.284
2014-07-04,34.42
2014-07-07,34.455
2014-07-08,34.23
2014-07-09,33.9125
2014-07-10,33.95
2014-07-11,34.2055
2014-07-14,34.3275
2014-07-15,34.3945
2014-07-16,34.3875
2014-07-17,35.182
2014-07-18,35.1425
2014-07-21,35.19
2014-07-22,34.996
2014-07-23,34.8995
2014-07-24,35.0435
2014-07-25,35.13
2014-07-28,35.5425
2014-07-29,35.8045
2014-07-30,35.586
2014-07-31,35.7485
2014-08-01,35.7495
2014-08-04,35.783
2014-08-05,36.0785
2014-08-06,36.189
2014-08-07,36.27
2014-08-08,36.1205
2014-08-11,35.929
2014-08-12,36.18
2014-08-13,36.0005
2014-08-14,36.036
2014-08-15,36.131
2014-08-18,36.0595
2014-08-19,36.185
2014-08-20,36.3005
2014-08-21,36.024
2014-08-22,36.11
2014-08-25,36.095
2014-08-26,36.1005
2014-08-27,36.172
2014-08-28,36.75
2014-08-29,37.1235
2014-09-01,37.302
2014-09-02,37.4625
2014-09-03,36.863
2014-09-04,37.0075
2014-09-05,36.92
2014-09-08,37.0695
2014-09-09,37.1115
2014-09-10,37.29
2014-09-11,37.5095
2014-09-12,37.785
2014-09-15,38.385
2014-09-16,38.33
2014-09-17,38.419
2014-09-18,38.478
2014-09-19,38.4215
2014-09-22,38.6995
2014-09-23,38.616
2014-09-24,38.15
2014-09-25,38.4915
2014-09-26,39.1765
2014-09-29,39.4395
2014-09-30,39.5925
2014-10-01,39.7
2014-10-02,39.561
2014-10-03,39.957
2014-10-06,39.73
2014-10-07,39.904
2014-10-08,40.0
2014-10-09,40.1475
2014-10-10,40.325
2014-10-13,40.4925
2014-10-14,40.92
2014-10-15,40.4505
2014-10-16,40.869
2014-10-17,40.7525
2014-10-20,41.0375
2014-10-21,40.964
2014-10-22,41.4195
2014-10-23,41.715
2014-10-24,41.906
2014-10-27,42.28
2014-10-28,42.468
2014-10-29,43.2
2014-10-30,41.6445
2014-10-31,43.034
2014-11-03,43.608
2014-11-05,44.95
2014-11-06,46.8675
2014-11-07,46.65
2014-11-10,45.8525
2014-11-11,46.3515
2014-11-12,45.9615
2014-11-13,46.82
2014-11-14,47.1735
2014-11-17,47.1045
2014-11-18,46.9025
2014-11-19,46.861
2014-11-20,46.152
2014-11-21,45.714
2014-11-24,44.997
2014-11-25,46.263
2014-11-26,47.388
2014-11-27,48.655
2014-11-28,50.4085
2014-12-01,51.22
2014-12-02,53.85
2014-12-03,53.1905
2014-12-04,54.29
2014-12-05,52.51
2014-12-08,53.745
2014-12-09,54.049
2014-12-10,54.85
2014-12-11,56.44
2014-12-12,58.18
2014-12-15,64.4455
2014-12-16,67.5
2014-12-17,60.2205
2014-12-18,61.5
2014-12-19,58.55
2014-12-22,55.8
2014-12-23,54.5035
2014-12-24,53.44
2014-12-25,52.5515
2014-12-26,54.004
2014-12-29,58.322
2014-12-30,56.0
2015-01-05,60.85
2015-01-06,63.24
2015-01-08,60.301
2015-01-09,61.55
2015-01-12,63.17
2015-01-13,65.25
2015-01-14,64.773
2015-01-15,65.29
2015-01-16,65.1985
2015-01-19,65.02
2015-01-20,65.2
2015-01-21,65.35
2015-01-22,64.12
2015-01-23,64.2395
2015-01-26,68.799
2015-01-27,66.82
2015-01-28,68.0345
2015-01-29,68.73
2015-01-30,68.9105
2015-02-02,68.42
2015-02-03,65.168
2015-02-04,67.993
2015-02-05,66.6
2015-02-06,66.985
2015-02-09,65.86
2015-02-10,65.455
2015-02-11,65.25
2015-02-12,65.27
2015-02-13,63.5
2015-02-16,63.184
2015-02-17,62.505
2015-02-18,61.582
2015-02-19,61.9
2015-02-20,62.05
2015-02-24,62.853
2015-02-25,61.389
2015-02-26,61.15
2015-02-27,61.6
2015-03-02,62.65
2015-03-03,61.887
2015-03-04,61.945
2015-03-05,60.821
2015-03-06,60.445
2015-03-10,62.53
2015-03-11,61.617
2015-03-12,61.19
2015-03-13,62.249
2015-03-16,62.192
2015-03-17,61.45
2015-03-18,59.335
2015-03-19,59.994
2015-03-20,59.255
2015-03-23,58.741
2015-03-24,57.69
2015-03-25,57.45
2015-03-26,57.291
2015-03-27,57.9
2015-03-30,57.61
2015-03-31,58.205
2015-04-01,57.61
2015-04-02,56.65
2015-04-03,56.606
2015-04-06,55.488
2015-04-07,55.026
2015-04-08,53.637
2015-04-09,51.862
2015-04-10,53.6
2015-04-13,52.03
2015-04-14,50.897
2015-04-15,49.7
2015-04-16,49.8
2015-04-17,51.895
2015-04-20,53.335
2015-04-21,53.8
2015-04-22,52.18
2015-04-23,50.78
2015-04-24,50.9
2015-04-27,51.978
2015-04-28,51.546
2015-04-29,51.055
2015-04-30,51.69
2015-05-05,50.496
2015-05-06,50.998
2015-05-07,50.29
2015-05-08,51.04
2015-05-12,49.958
2015-05-13,49.27
2015-05-14,50.134
2015-05-15,49.57
2015-05-18,49.147
2015-05-19,49.57
2015-05-20,49.701
2015-05-21,49.99
2015-05-22,50.028
2015-05-25,49.965
2015-05-26,50.96
2015-05-27,51.99
2015-05-28,52.6
2015-05-29,52.31
2015-06-01,53.625
2015-06-02,52.78
2015-06-03,54.3
2015-06-04,56.46
2015-06-05,56.245
2015-06-08,55.995
2015-06-09,55.545
2015-06-10,54.331
2015-06-11,54.798
2015-06-15,54.5
2015-06-16,53.78
2015-06-17,53.6
2015-06-18,53.47
2015-06-19,54.0
2015-06-22,53.95
2015-06-23,53.855
2015-06-24,54.446
2015-06-25,54.72
2015-06-26,54.78
2015-06-29,55.715
2015-06-30,55.3
2015-07-01,55.843
2015-07-02,55.53
2015-07-03,56.0
2015-07-06,56.889
2015-07-07,56.739
2015-07-08,57.513
2015-07-09,57.17
2015-07-10,56.429
2015-07-13,56.52
2015-07-14,56.414
2015-07-15,56.938
2015-07-16,56.95
2015-07-17,56.987
2015-07-20,57.0
2015-07-21,56.938
2015-07-22,57.445
2015-07-23,57.851
2015-07-24,58.425
2015-07-27,59.645
2015-07-28,60.02
2015-07-29,58.67
2015-07-30,59.748
2015-07-31,61.72
2015-08-03,63.515
2015-08-04,63.07
2015-08-05,63.461
2015-08-06,64.02
2015-08-07,64.045
2015-08-10,62.81
2015-08-11,64.28
2015-08-12,64.21
2015-08-13,64.705
2015-08-14,64.997
2015-08-17,65.51
2015-08-18,65.881
2015-08-19,66.605
2015-08-20,67.959
2015-08-21,69.108
2015-08-24,70.9
2015-08-25,68.85
2015-08-26,68.901
2015-08-27,66.009
2015-08-28,65.402
2015-08-31,64.249
2015-09-01,66.85
2015-09-02,67.079
2015-09-03,67.2
2015-09-04,68.42
2015-09-07,69.114
2015-09-08,67.99
2015-09-09,68.485
2015-09-10,67.668
2015-09-11,67.924
2015-09-14,67.49
2015-09-15,66.7
2015-09-16,65.33
2015-09-17,65.437
2015-09-18,66.502
2015-09-21,65.988
2015-09-22,66.022
2015-09-23,66.42
2015-09-24,66.099
2015-09-25,65.53
2015-09-28,66.085
2015-09-29,65.73
2015-09-30,65.39
2015-10-01,65.65
2015-10-02,66.012
2015-10-05,64.749
2015-10-06,63.33
2015-10-07,62.664
2015-10-08,61.37
2015-10-09,61.876
2015-10-12,62.275
2015-10-13,63.039
2015-10-14,62.709
2015-10-15,61.403
2015-10-16,61.285
2015-10-19,62.262
2015-10-20,62.115
2015-10-21,63.005
2015-10-22,62.591
2015-10-23,62.38
2015-10-26,63.02
2015-10-27,64.9
2015-10-28,63.95
2015-10-29,64.4
2015-10-30,63.958
2015-11-02,63.665
2015-11-03,62.628
2015-11-05,63.45
2015-11-06,64.598
2015-11-09,64.59
2015-11-10,64.56
2015-11-11,65.415
2015-11-12,66.635
2015-11-13,66.777
2015-11-16,65.27
2015-11-17,65.148
2015-11-18,64.753
2015-11-19,64.618
2015-11-20,64.75
2015-11-23,65.836
2015-11-24,65.452
2015-11-25,65.525
2015-11-26,65.837
2015-11-27,66.48
2015-11-30,66.49
2015-12-01,66.61
2015-12-02,67.5
2015-12-03,67.508
2015-12-04,68.135
2015-12-07,69.499
2015-12-08,69.4
2015-12-09,69.368
2015-12-10,69.15
2015-12-11,70.362
2015-12-14,70.555
2015-12-15,69.941
2015-12-16,70.396
2015-12-17,71.183
2015-12-18,70.948
2015-12-21,71.233
2015-12-22,71.233
2015-12-23,69.8
2015-12-24,70.24
2015-12-25,70.689
2015-12-28,72.225
2015-12-29,72.205
2015-12-30,73.59
2016-01-04,73.16
2016-01-05,73.316
2016-01-06,74.76
2016-01-11,76.211
2016-01-12,77.065
2016-01-13,76.677
2016-01-14,76.051
2016-01-15,77.603
2016-01-18,79.29
2016-01-19,78.561
2016-01-20,81.4
2016-01-21,82.63
2016-01-22,78.024
2016-01-25,80.04
2016-01-26,78.3
2016-01-27,77.667
2016-01-28,76.397
2016-01-29,75.43
2016-02-01,77.31
2016-02-02,79.755
2016-02-03,76.904
2016-02-04,76.969
2016-02-05,77.47
2016-02-08,78.544
2016-02-09,79.701
2016-02-10,78.606
2016-02-11,79.592
2016-02-12,78.34
2016-02-15,76.95
2016-02-16,77.899
2016-02-17,75.032
2016-02-18,76.5
2016-02-19,76.986
2016-02-20,77.05
2016-02-22,75.3
2016-02-24,75.711
2016-02-25,75.385
2016-02-26,76.2
2016-02-29,75.2
2016-03-01,73.392
2016-03-02,73.07
2016-03-03,73.171
2016-03-04,71.97
2016-03-07,71.471
2016-03-09,71.141
2016-03-10,71.455
2016-03-11,69.883
2016-03-14,69.96
2016-03-15,71.04
2016-03-16,69.123
2016-03-17,68.1
2016-03-18,68.389
2016-03-21,67.822
2016-03-22,67.5
2016-03-23,68.737
2016-03-24,68.527
2016-03-25,68.454
2016-03-28,68.47
2016-03-29,68.05
2016-03-30,68.24
2016-03-31,67.025
2016-04-01,67.595
2016-04-04,68.7
2016-04-05,68.562
2016-04-06,67.59
2016-04-07,68.028
2016-04-08,67.15
2016-04-11,66.773
2016-04-12,65.715
2016-04-13,66.31
2016-04-14,66.11
2016-04-15,66.447
2016-04-18,66.118
2016-04-19,65.853
2016-04-20,65.157
2016-04-21,66.84
2016-04-22,66.455
2016-04-25,66.567
2016-04-26,65.2
2016-04-27,65.12
2016-04-28,64.719
2016-04-29,64.63
2016-05-04,66.529
2016-05-05,65.89
2016-05-06,65.945
2016-05-10,66.31
2016-05-11,64.978
2016-05-12,64.895
2016-05-13,65.48
2016-05-16,64.9
2016-05-17,64.72
2016-05-18,65.999
2016-05-19,66.78
2016-05-20,66.798
2016-05-23,66.808
2016-05-24,66.184
2016-05-25,65.508
2016-05-26,65.801
2016-05-27,66.144
2016-05-30,65.75
2016-05-31,66.7
2016-06-01,67.14
2016-06-02,66.96
2016-06-03,65.62
2016-06-06,65.245
2016-06-07,64.6225
2016-06-08,63.61
2016-06-09,64.3275
2016-06-10,65.28
2016-06-14,66.14
2016-06-15,65.5125
2016-06-16,65.78
2016-06-17,64.85
2016-06-20,64.2975
2016-06-21,63.755
2016-06-22,64.89
2016-06-23,63.85
2016-06-24,65.2625
2016-06-27,65.4875
2016-06-28,64.1
2016-06-29,63.85
2016-06-30,63.99
2016-07-01,63.8
2016-07-04,63.935
2016-07-05,64.3175
2016-07-06,64.2075
2016-07-07,64.565
2016-07-08,63.98
2016-07-11,64.2
2016-07-12,63.89
2016-07-13,63.85
2016-07-14,62.85
2016-07-15,63.51
2016-07-18,62.8425
2016-07-19,63.5475
2016-07-20,63.74
2016-07-21,64.37
2016-07-22,64.88
2016-07-25,65.415
2016-07-26,65.9475
2016-07-27,65.9275
2016-07-28,66.615
2016-07-29,66.035
2016-08-01,66.895
2016-08-02,66.6475
2016-08-03,66.27
2016-08-04,65.7875
2016-08-05,65.5475
2016-08-08,64.615
2016-08-09,64.765
2016-08-10,64.87
2016-08-11,64.325
2016-08-12,64.75
2016-08-15,64.03
2016-08-16,63.775
2016-08-17,63.825
2016-08-18,63.65
2016-08-19,63.9
2016-08-22,64.8125
2016-08-23,64.6
2016-08-24,65.17
2016-08-25,64.6625
2016-08-26,64.86
2016-08-29,64.75
2016-08-30,65.25
2016-08-31,65.315
2016-09-01,65.92
2016-09-02,65.095
2016-09-05,65.08
2016-09-06,64.5625
2016-09-07,64.135
2016-09-08,63.9975
2016-09-09,64.82
2016-09-12,64.5875
2016-09-13,65.2975
2016-09-14,65.16
2016-09-15,64.775
2016-09-16,65.12
2016-09-19,64.65
2016-09-20,64.7775
2016-09-21,63.81
2016-09-22,63.7025
2016-09-23,64.06
2016-09-26,63.95
2016-09-27,63.86
2016-09-28,63.04
2016-09-29,63.08
2016-09-30,62.805
2016-10-03,62.29
2016-10-04,62.665
2016-10-05,62.4375
2016-10-06,62.13
2016-10-07,62.2125
2016-10-10,62.005
2016-10-11,62.6625
2016-10-12,63.02
2016-10-13,63.03
2016-10-14,62.96
2016-10-17,63.11
2016-10-18,62.81
2016-10-19,62.285
2016-10-20,62.4875
2016-10-21,62.37
2016-10-24,62.1825
2016-10-25,62.24
2016-10-26,62.91
2016-10-27,62.7025
2016-10-28,63.02
2016-10-31,63.375
2016-11-01,63.32
2016-11-02,63.515
2016-11-03,63.58
2016-11-07,63.6325
2016-11-08,63.7625
2016-11-09,63.89
2016-11-10,65.4725
2016-11-11,65.72
2016-11-14,66.0325
2016-11-15,64.195
2016-11-16,64.7175
2016-11-17,64.8
2016-11-18,64.7025
2016-11-21,63.91
2016-11-22,63.7825
2016-11-23,64.4625
2016-11-24,64.485
2016-11-25,64.95
2016-11-28,64.84
2016-11-29,65.1125
2016-11-30,64.14
2016-12-01,63.98
2016-12-02,63.88
2016-12-05,63.82
2016-12-06,63.8725
2016-12-07,63.2275
2016-12-08,63.28
2016-12-09,62.495
2016-12-12,61.05
2016-12-13,60.605
2016-12-14,62.1
2016-12-15,61.7475
2016-12-16,62.0825
2016-12-19,61.9475
2016-12-20,61.46
2016-12-21,61.1675
2016-12-22,60.965
2016-12-23,61.04
2016-12-26,60.99
2016-12-27,60.67
2016-12-28,60.335
2016-12-29,60.4
2016-12-30,61.2725
2017-01-03,60.9025
2017-01-04,60.46
2017-01-05,59.45
2017-01-06,59.62
2017-01-09,60.09
2017-01-10,60.1675
2017-01-11,59.7475
2017-01-12,59.3325
2017-01-13,59.66
2017-01-16,59.87
2017-01-17,59.41
2017-01-18,59.56
2017-01-19,59.72
2017-01-20,59.755
2017-01-23,59.5175
2017-01-24,59.24
2017-01-25,59.5175
2017-01-26,60.4375
2017-01-27,59.83
2017-01-30,59.93
2017-01-31,60.16
2017-02-01,60.1325
2017-02-02,59.425
2017-02-03,58.9625
2017-02-06,58.9025
2017-02-07,59.32
2017-02-08,59.23
2017-02-09,58.95
2017-02-10,58.24
2017-02-13,57.98
2017-02-14,57.1075
2017-02-15,57.265
2017-02-16,57.6
2017-02-17,58.4175
2017-02-20,57.95
2017-02-21,57.4025
2017-02-22,58.0725
2017-02-24,58.445
2017-02-27,58.0525
2017-02-28,58.2875
2017-03-01,58.3075
2017-03-02,58.805
2017-03-03,58.23
2017-03-06,58.19
2017-03-07,58.18
2017-03-09,59.3175
2017-03-10,58.9975
2017-03-13,58.7725
2017-03-14,59.16
2017-03-15,58.39
2017-03-16,57.79
2017-03-17,57.22
2017-03-20,57.3025
2017-03-21,57.7
2017-03-22,57.7875
2017-03-23,57.465
2017-03-24,56.88
2017-03-27,56.9025
2017-03-28,57.0075
2017-03-29,56.61
2017-03-30,56.08
2017-03-31,56.28
2017-04-03,56.115
2017-04-04,56.09
2017-04-05,56.38
2017-04-06,56.3975
2017-04-07,57.25
2017-04-10,57.1675
2017-04-11,56.8975
2017-04-12,56.595
2017-04-13,56.2825
2017-04-14,56.3625
2017-04-17,55.9425
2017-04-18,56.25
2017-04-19,56.5675
2017-04-20,56.1975
2017-04-21,56.455
2017-04-24,55.8475
2017-04-25,56.1675
2017-04-26,57.16
2017-04-27,56.9725
2017-04-28,56.9225
2017-05-02,57.0
2017-05-03,57.3825
2017-05-04,58.3975
2017-05-05,57.9325
2017-05-10,57.435
2017-05-11,57.05
2017-05-12,57.085
2017-05-15,56.345
2017-05-16,56.58
2017-05-17,57.085
2017-05-18,57.58
2017-05-19,56.9
2017-05-22,56.64
2017-05-23,56.36
2017-05-24,56.405
2017-05-25,56.96
2017-05-26,56.5
2017-05-29,56.45
2017-05-30,56.54
2017-05-31,56.56
2017-06-01,56.385
2017-06-02,56.6575
2017-06-05,56.6
2017-06-06,56.52
2017-06-07,57.0825
2017-06-08,56.9175
2017-06-09,57.03
2017-06-13,56.98
2017-06-14,57.435
2017-06-15,57.89
2017-06-16,57.77
2017-06-19,58.4425
2017-06-20,59.6325
2017-06-21,60.3225
2017-06-22,59.9375
2017-06-23,59.385
2017-06-26,58.77
2017-06-27,59.49
2017-06-28,59.2
2017-06-29,59.425
2017-06-30,58.93
2017-07-03,59.265
2017-07-04,59.4125
2017-07-05,59.9825
2017-07-06,60.16
2017-07-07,60.355
2017-07-10,60.23
2017-07-11,60.76
2017-07-12,60.005
2017-07-13,59.8225
2017-07-14,59.09
2017-07-17,59.3275
2017-07-18,59.18
2017-07-19,59.0
2017-07-20,58.935
2017-07-21,59.36
2017-07-24,60.005
2017-07-25,59.87
2017-07-26,59.3975
2017-07-27,59.4975
2017-07-28,59.565
2017-07-31,59.78
2017-08-01,60.35
2017-08-02,60.59
2017-08-03,60.36
2017-08-04,59.97
2017-08-07,60.0325
2017-08-08,59.8175
2017-08-09,59.9825
2017-08-10,60.11
2017-08-11,59.8625
2017-08-14,59.87
2017-08-15,59.7125
2017-08-16,59.3775
2017-08-17,59.225
2017-08-18,59.0
2017-08-21,59.145
2017-08-22,59.07
2017-08-23,59.065
2017-08-24,59.1575
2017-08-25,58.575
2017-08-28,58.435
2017-08-29,58.835
2017-08-30,58.56
2017-08-31,58.02
2017-09-01,57.52
2017-09-04,57.8475
2017-09-05,57.52
2017-09-06,57.35
2017-09-07,56.9
2017-09-08,57.3675
2017-09-11,57.22
2017-09-12,57.71
2017-09-13,57.96
2017-09-14,57.5
2017-09-15,57.69
2017-09-18,58.11
2017-09-19,58.1275
2017-09-20,58.1225
2017-09-21,57.9
2017-09-22,57.5
2017-09-25,57.555
2017-09-26,57.82
2017-09-27,58.195
2017-09-28,57.91
2017-09-29,57.48
2017-10-02,57.9125
2017-10-03,57.9
2017-10-04,57.6875
2017-10-05,57.6975
2017-10-06,58.19
2017-10-09,58.33
2017-10-10,57.9875
2017-10-11,57.8375
2017-10-12,57.6975
2017-10-13,57.16
2017-10-16,57.3175
2017-10-17,57.2925
2017-10-18,57.425
2017-10-19,57.2725
2017-10-20,57.4825
2017-10-23,57.55
2017-10-24,57.62
2017-10-25,57.745
2017-10-26,57.855
2017-10-27,58.06
2017-10-30,57.9725
2017-10-31,58.32
2017-11-01,58.29
2017-11-02,58.1625
2017-11-03,59.08
2017-11-07,59.365
2017-11-08,59.2275
2017-11-09,59.29
2017-11-10,59.22
2017-11-13,59.35
2017-11-14,60.2375
2017-11-15,60.215
2017-11-16,59.6775
2017-11-17,59.08
2017-11-20,59.345
2017-11-21,59.1775
2017-11-22,58.485
2017-11-23,58.45
2017-11-24,58.37
2017-11-27,58.4975
2017-11-28,58.36
2017-11-29,58.62
2017-11-30,58.45
2017-12-01,58.88
2017-12-04,58.8075
2017-12-05,58.75
2017-12-06,59.23
2017-12-07,59.1775
2017-12-08,59.13
2017-12-11,59.005
2017-12-12,59.285
2017-12-13,58.6125
2017-12-14,58.76
2017-12-15,58.8
2017-12-18,58.6625
2017-12-19,58.7625
2017-12-20,58.71
2017-12-21,58.4625
2017-12-22,58.375
2017-12-25,57.9625
2017-12-26,57.62
2017-12-27,57.745
2017-12-28,57.5025
2017-12-29,57.63
2018-01-03,57.22
2018-01-04,56.84
2018-01-05,56.9825
2018-01-09,56.995
2018-01-10,57.0325
2018-01-11,56.4275
2018-01-12,56.65
2018-01-15,56.32
2018-01-16,56.53
2018-01-17,56.7525
2018-01-18,56.525
2018-01-19,56.72
2018-01-22,56.495
2018-01-23,56.35
2018-01-24,56.1725
2018-01-25,55.9275
2018-01-26,56.275
2018-01-29,56.32
2018-01-30,56.385
2018-01-31,56.2075
2018-02-01,55.92
2018-02-02,56.55
2018-02-05,57.195
2018-02-06,56.855
2018-02-07,57.61
2018-02-08,58.4225
2018-02-09,58.4
2018-02-12,57.83
2018-02-13,57.63
2018-02-14,56.71
2018-02-15,56.3925
2018-02-16,56.3975
2018-02-19,56.46
2018-02-20,56.565
2018-02-21,56.76
2018-02-22,56.5175
2018-02-26,55.705
2018-02-27,56.275
2018-02-28,56.3325
2018-03-01,56.8225
2018-03-02,56.815
2018-03-05,56.42
2018-03-06,56.67
2018-03-07,56.79
2018-03-09,56.66
2018-03-12,56.88
2018-03-13,57.02
2018-03-14,57.1225
2018-03-15,57.46
2018-03-16,57.49
2018-03-19,57.84
2018-03-20,57.53
2018-03-21,56.88
2018-03-22,57.245
2018-03-23,57.29
2018-03-26,57.1625
2018-03-27,57.5125
2018-03-28,57.7225
2018-03-29,57.2575
2018-03-30,57.145
2018-04-02,57.4825
2018-04-03,57.57
2018-04-04,57.445
2018-04-05,57.71
2018-04-06,58.175
2018-04-09,60.66
2018-04-10,63.0225
2018-04-11,62.59
2018-04-12,61.99
2018-04-13,62.05
2018-04-16,61.165
2018-04-17,61.5575
2018-04-18,60.85
2018-04-19,60.8925
2018-04-20,61.4
2018-04-23,61.805
2018-04-24,61.62
2018-04-25,62.365
2018-04-26,62.72
2018-04-27,62.155
2018-04-28,62.27
2018-04-30,62.9675
2018-05-02,64.02
2018-05-03,63.025
2018-05-04,62.505
2018-05-07,62.9325
2018-05-08,63.225
2018-05-10,61.71
2018-05-11,61.93
2018-05-14,61.85
2018-05-15,62.3175
2018-05-16,61.73
2018-05-17,62.185
2018-05-18,62.2575
2018-05-21,61.6
2018-05-22,61.21
2018-05-23,61.33
2018-05-24,61.6
2018-05-25,62.2875
2018-05-28,62.32
2018-05-29,62.815
2018-05-30,62.075
2018-05-31,62.405
2018-06-01,62.1925
2018-06-04,62.0575
2018-06-05,62.15
2018-06-06,61.7675
2018-06-07,62.4175
2018-06-08,62.31
2018-06-09,62.525
2018-06-11,62.8175
2018-06-13,62.535
2018-06-14,62.63
2018-06-15,63.1975
2018-06-18,63.4525
2018-06-19,63.875
2018-06-20,63.69
2018-06-21,63.715
2018-06-22,62.895
2018-06-25,62.7825
2018-06-26,63.0275
2018-06-27,63.23
2018-06-28,62.8
2018-06-29,62.77
2018-07-02,63.43
2018-07-03,63.145
2018-07-04,63.24
2018-07-05,63.115
2018-07-06,62.9725
2018-07-09,62.485
2018-07-10,61.735
2018-07-11,62.3575
2018-07-12,62.255
2018-07-13,62.56
2018-07-16,62.33
2018-07-17,62.6
2018-07-18,62.9625
2018-07-19,63.6625
2018-07-20,63.515
2018-07-23,63.0675
2018-07-24,63.325
2018-07-25,62.82
2018-07-26,62.955
2018-07-27,62.7975
2018-07-30,62.2375
2018-07-31,62.5025
2018-08-01,63.045
2018-08-02,63.405
2018-08-03,63.3375
2018-08-06,63.74
2018-08-07,63.49
2018-08-08,65.5475
2018-08-09,66.65
2018-08-10,67.72
2018-08-13,67.8
2018-08-14,66.34
2018-08-15,67.29
2018-08-16,66.8425
2018-08-17,67.03
2018-08-20,67.1075
2018-08-21,67.275
2018-08-22,68.03
2018-08-23,68.19
2018-08-24,67.1
2018-08-27,67.52
2018-08-28,67.87
2018-08-29,67.94
2018-08-30,68.2375
2018-08-31,67.55
2018-09-03,68.12
2018-09-04,68.11
2018-09-05,68.25
2018-09-06,69.255
2018-09-07,69.9125
2018-09-10,70.565
2018-09-11,69.41
2018-09-12,69.0325
2018-09-13,68.25
2018-09-14,68.0525
2018-09-17,68.0625
2018-09-18,67.3725
2018-09-19,66.83
2018-09-20,66.26
2018-09-21,66.41
2018-09-24,65.835
2018-09-25,65.8925
2018-09-26,65.8
2018-09-27,65.6225
2018-09-28,65.535
2018-10-01,65.0
2018-10-02,65.5
2018-10-03,65.8625
2018-10-04,67.0175
2018-10-05,66.5975
2018-10-08,66.5575
2018-10-09,66.25
2018-10-10,66.9
2018-10-11,66.27
2018-10-12,66.1175
2018-10-15,65.65
2018-10-16,65.3075
2018-10-17,65.4975
2018-10-18,65.82
2018-10-19,65.49
2018-10-22,65.25
2018-10-23,65.5125
2018-10-24,65.685
2018-10-25,65.5925
2018-10-26,65.72
2018-10-29,65.85
2018-10-30,65.56
2018-10-31,65.875
2018-11-01,65.72
2018-11-02,66.2025
2018-11-06,66.11
2018-11-07,66.32
2018-11-08,66.9025
2018-11-09,68.005
2018-11-12,67.845
2018-11-13,68.13
2018-11-14,67.02
2018-11-15,65.8975
2018-11-16,65.98
2018-11-19,65.55
2018-11-20,66.165
2018-11-21,65.66
2018-11-22,65.62
2018-11-23,66.1925
2018-11-26,67.1025
2018-11-27,67.1075
2018-11-28,66.955
2018-11-29,66.21
2018-11-30,66.95
2018-12-03,66.5275
2018-12-04,66.82
2018-12-05,66.57
2018-12-06,66.8675
2018-12-07,66.395
2018-12-10,66.6425
2018-12-11,66.3525
2018-12-12,66.3825
2018-12-13,66.235
2018-12-14,66.76
2018-12-17,66.78
2018-12-18,67.2825
2018-12-19,67.46
2018-12-20,68.2925
2018-12-21,68.84
2018-12-24,68.5825
2018-12-25,68.665
2018-12-26,68.695
2018-12-27,69.56
2018-12-28,69.5175
2018-12-29,69.8175
2019-01-03,68.64
2019-01-04,67.74
2019-01-08,66.885
2019-01-09,66.745
2019-01-10,66.91
2019-01-11,66.875
2019-01-14,67.075
2019-01-15,66.96
2019-01-16,66.3675
2019-01-17,66.37
2019-01-18,66.275
2019-01-21,66.39
2019-01-22,66.535
2019-01-23,66.0725
2019-01-24,65.7775
2019-01-25,66.0
2019-01-28,66.26
2019-01-29,66.05
2019-01-30,65.505
2019-01-31,65.4
2019-02-01,65.505
2019-02-04,65.59
2019-02-05,65.62
2019-02-06,65.87
2019-02-07,65.9075
2019-02-08,65.81
2019-02-11,65.85
2019-02-12,65.885
2019-02-13,66.515
2019-02-14,66.645
2019-02-15,66.3
2019-02-18,66.28
2019-02-19,65.7625
2019-02-20,65.6325
2019-02-21,65.57
2019-02-22,65.3925
2019-02-25,65.49
2019-02-26,65.7
2019-02-27,65.79
2019-02-28,65.905
2019-03-01,65.94
2019-03-04,65.74
2019-03-05,65.75
2019-03-06,65.98
2019-03-07,66.2825
2019-03-11,65.97
2019-03-12,65.635
2019-03-13,65.4
2019-03-14,65.5125
2019-03-15,64.815
2019-03-18,64.365
2019-03-19,64.39
2019-03-20,63.8675
2019-03-21,63.87
2019-03-22,64.66
2019-03-25,64.085
2019-03-26,64.4
2019-03-27,64.835
2019-03-28,64.94
2019-03-29,65.6375
2019-04-01,65.1725
2019-04-02,65.2975
2019-04-03,65.24
2019-04-04,65.475
2019-04-05,65.34
2019-04-08,64.8775
2019-04-09,64.92
2019-04-10,64.2925
2019-04-11,64.61
2019-04-12,64.35
2019-04-15,64.26
2019-04-16,64.09
2019-04-17,63.845
2019-04-18,63.8925
2019-04-19,64.05
2019-04-22,63.82
2019-04-23,63.6875
2019-04-24,64.3225
2019-04-25,64.655
2019-04-26,64.735
2019-04-29,64.4575
2019-04-30,64.6225
2019-05-02,65.4375
2019-05-03,65.0775
2019-05-06,65.2275
2019-05-07,65.4075
2019-05-08,65.0725
2019-05-10,65.075
2019-05-13,65.43
2019-05-14,64.97
2019-05-15,64.65
2019-05-16,64.65
2019-05-17,64.7775
2019-05-20,64.525
2019-05-21,64.41
2019-05-22,64.39
2019-05-23,64.855
2019-05-24,64.4725
2019-05-27,64.4575
2019-05-28,64.715
2019-05-29,64.97
2019-05-30,65.17
2019-05-31,65.43
2019-06-03,65.34
2019-06-04,65.165
2019-06-05,65.395
2019-06-06,65.085
2019-06-07,64.805
2019-06-10,64.78
2019-06-11,64.5575
2019-06-13,64.58
2019-06-14,64.38
2019-06-17,64.32
2019-06-18,64.02
2019-06-19,63.785
2019-06-20,62.89
2019-06-21,63.025
2019-06-24,62.6
2019-06-25,62.835
2019-06-26,63.0725
2019-06-27,63.0725
2019-06-28,63.24
2019-07-01,62.96
2019-07-02,63.32
2019-07-03,63.32
2019-07-04,63.48
2019-07-05,63.8025
2019-07-08,63.695
2019-07-09,63.915
2019-07-10,63.18
2019-07-11,62.815
2019-07-12,62.9775
2019-07-15,62.67
2019-07-16,63.045
2019-07-17,62.935
2019-07-18,62.8075
2019-07-19,63.055
2019-07-22,63.095
2019-07-23,63.16
2019-07-24,63.2975
2019-07-25,63.2375
2019-07-26,63.3675
2019-07-29,63.4325
2019-07-30,63.5075
2019-07-31,63.625
2019-08-01,64.355
2019-08-02,65.2725
2019-08-05,65.53
2019-08-06,65.2725
2019-08-07,65.3325
2019-08-08,65.045
2019-08-09,65.2825
2019-08-12,65.405
2019-08-13,64.93
2019-08-14,66.015
2019-08-15,66.0575
2019-08-16,66.52
2019-08-19,66.89
2019-08-20,66.565
2019-08-21,65.75
2019-08-22,65.6
2019-08-23,65.985
2019-08-26,66.07
2019-08-27,66.4425
2019-08-28,66.8
2019-08-29,66.59
2019-08-30,66.79
2019-09-02,66.79
2019-09-03,66.7575
2019-09-04,66.2225
2019-09-05,66.215
2019-09-06,65.73
2019-09-09,65.55
2019-09-10,65.42
2019-09-11,65.5
2019-09-12,64.7
2019-09-13,64.3375
2019-09-16,64.045
2019-09-17,64.36
2019-09-18,64.15
2019-09-19,64.005
2019-09-20,64.01
2019-09-23,63.835
2019-09-24,63.985
2019-09-25,64.145
2019-09-26,64.21
2019-09-27,64.6975
2019-09-30,64.865
2019-10-01,65.265
2019-10-02,65.195
2019-10-03,65.1275
2019-10-04,64.615
2019-10-07,64.975
2019-10-08,65.2
2019-10-09,64.8875
2019-10-10,64.4575
2019-10-11,64.205
2019-10-14,64.295
2019-10-15,64.275
2019-10-16,64.075
2019-10-17,64.115
2019-10-18,63.76
2019-10-21,63.73
2019-10-22,63.735
2019-10-23,63.95
2019-10-24,64.07
2019-10-25,63.8525
2019-10-28,63.75
2019-10-29,63.95
2019-10-30,63.835
2019-10-31,64.13
2019-11-01,63.54
2019-11-05,63.4925
2019-11-06,63.8725
2019-11-07,63.52
2019-11-08,63.8
2019-11-11,63.89
2019-11-12,64.23
2019-11-13,64.35
2019-11-14,63.98
2019-11-15,63.7675
2019-11-18,63.8225
2019-11-19,63.82
2019-11-20,63.89
2019-11-21,63.72
2019-11-22,63.87
2019-11-25,63.94
2019-11-26,63.95
2019-11-27,63.96
2019-11-28,64.07
2019-11-29,64.3175
2019-12-02,64.175
2019-12-03,64.145
2019-12-04,63.95
2019-12-05,63.7225
2019-12-06,63.755
2019-12-09,63.59
2019-12-10,63.4925
2019-12-11,63.27
2019-12-12,62.8425
2019-12-13,62.8975
2019-12-16,62.445
2019-12-17,62.415
2019-12-18,62.665
2019-12-19,62.405
2019-12-20,62.2525
2019-12-23,62.265
2019-12-24,61.9675
2019-12-25,61.85
2019-12-26,62.215
2019-12-27,62.0325
2019-12-30,61.985
2020-01-03,62.1
2020-01-06,61.82
2020-01-08,61.2475
2020-01-09,61.2925
2020-01-10,61.06
2020-01-13,61.2725
2020-01-14,61.445
2020-01-15,61.4175
2020-01-16,61.6625
2020-01-17,61.555
2020-01-20,61.5475
2020-01-21,61.8825
2020-01-22,61.8425
2020-01-23,61.905
2020-01-24,62.07
2020-01-27,62.97
2020-01-28,62.2925
2020-01-29,62.54
2020-01-30,63.26
2020-01-31,63.915
2020-02-03,63.725
2020-02-04,63.105
2020-02-05,62.87
2020-02-06,63.355
2020-02-07,64.125
2020-02-10,64.13
2020-02-11,63.3725
2020-02-12,63.2125
2020-02-13,63.6325
2020-02-14,63.5625
2020-02-17,63.4675
2020-02-18,63.81
2020-02-19,63.575
2020-02-20,64.2
2020-02-21,64.0725
2020-02-25,65.385
2020-02-26,65.47
2020-02-27,66.015
2020-02-28,66.8775
2020-03-02,66.4425
2020-03-03,66.04
2020-03-04,66.26
2020-03-05,67.62
2020-03-06,68.5725
2020-03-10,71.4
2020-03-11,72.95
2020-03-12,74.85
2020-03-13,72.5975
2020-03-16,74.6525
2020-03-17,75.4425
2020-03-18,80.87
2020-03-19,79.125
2020-03-20,79.9325
2020-03-23,79.6
2020-03-24,78.28
2020-03-25,78.25
2020-03-26,77.4675
2020-03-27,78.82
2020-03-30,79.32
2020-03-31,78.3725
2020-04-01,78.79
2020-04-02,77.25
2020-04-03,76.4925
2020-04-06,76.02
2020-04-07,75.54
2020-04-08,74.9725
2020-04-09,74.3
2020-04-10,73.75
2020-04-13,73.61
2020-04-14,73.0025
2020-04-15,74.8125
2020-04-16,74.15
2020-04-17,73.99
2020-04-20,75.55
2020-04-21,77.08
2020-04-22,75.9025
2020-04-23,74.77
2020-04-24,74.545
2020-04-27,74.495
2020-04-28,74.1425
2020-04-29,73.01
2020-04-30,74.395
2020-05-04,74.845
2020-05-05,73.75
2020-05-06,74.58
2020-05-07,74.1
2020-05-08,73.4
2020-05-12,73.71
2020-05-13,73.94
2020-05-14,73.48
2020-05-15,73.58
2020-05-18,72.6775
2020-05-19,72.465
2020-05-20,71.09
2020-05-21,70.9675
2020-05-22,71.64
2020-05-25,71.65
2020-05-26,70.78
2020-05-27,71.01
2020-05-28,70.485
2020-05-29,70.1425
2020-06-01,69.12
2020-06-02,68.73
2020-06-03,68.665
2020-06-04,69.1525
2020-06-05,68.7
2020-06-08,68.2
2020-06-09,68.585
2020-06-10,68.5
2020-06-11,70.2
2020-06-15,69.5775
2020-06-16,69.6175
2020-06-17,69.74
2020-06-18,69.8625
2020-06-19,69.4375
2020-06-22,69.02
2020-06-23,68.8625
2020-06-25,69.02
2020-06-26,69.8
2020-06-29,69.99
2020-06-30,71.2775
2020-07-02,70.5525
2020-07-03,71.37
2020-07-06,71.8275
2020-07-07,71.4725
2020-07-08,71.11
2020-07-09,70.915
2020-07-10,70.7275
2020-07-13,70.97
2020-07-14,70.865
2020-07-15,70.99
2020-07-16,71.53
2020-07-17,71.8725
2020-07-20,71.3325
2020-07-21,70.705
2020-07-22,71.0575
2020-07-23,71.47
2020-07-24,71.735
2020-07-27,71.5725
2020-07-28,72.59
2020-07-29,72.57
2020-07-30,73.17
2020-07-31,74.42
2020-08-03,73.1125
2020-08-04,73.56
2020-08-05,72.88
2020-08-06,73.2825
2020-08-07,73.7275
2020-08-10,73.4725
2020-08-11,73.11
2020-08-12,73.7125
2020-08-13,72.9425
2020-08-14,72.875
2020-08-17,73.735
2020-08-18,73.16
2020-08-19,73.3025
2020-08-20,73.79
2020-08-21,74.8
2020-08-24,74.6675
2020-08-25,75.3275
2020-08-26,75.3775
2020-08-27,74.965
2020-08-28,74.0125
2020-08-31,74.075
2020-09-01,73.5775
2020-09-02,75.41
2020-09-03,75.28
2020-09-04,75.4325
2020-09-07,75.77
2020-09-08,76.28
2020-09-09,75.325
2020-09-10,75.2525
2020-09-11,75.05
2020-09-14,75.2725
2020-09-15,74.99
2020-09-16,74.97
2020-09-17,75.17
2020-09-18,75.745
2020-09-21,76.13
2020-09-22,76.1075
2020-09-23,77.0825
2020-09-24,77.14
2020-09-25,78.2075
2020-09-28,79.08
2020-09-29,79.0775
2020-09-30,77.63
2020-10-01,77.365
2020-10-02,78.2025
2020-10-05,78.105
2020-10-06,78.465
2020-10-07,78.0225
2020-10-08,77.3575
2020-10-09,76.7675
2020-10-12,77.105
2020-10-13,77.05
2020-10-14,77.64
2020-10-15,78.075
2020-10-16,77.9375
2020-10-19,77.665
2020-10-20,77.34
2020-10-21,76.725
2020-10-22,76.5825
2020-10-23,76.125
2020-10-26,76.38
2020-10-27,77.31
2020-10-28,79.23
2020-10-29,78.875
2020-10-30,79.53
2020-11-02,80.55
2020-11-03,79.345
2020-11-05,77.0
2020-11-06,77.41
2020-11-09,76.28
2020-11-10,76.55
2020-11-11,77.1325
2020-11-12,77.37
2020-11-13,77.3875
2020-11-16,76.16
2020-11-17,76.22
2020-11-18,76.06
2020-11-19,76.05
2020-11-20,76.2
2020-11-23,76.175
2020-11-24,75.48
2020-11-25,75.5625
2020-11-26,75.715
2020-11-27,75.8525
2020-11-30,76.39
2020-12-01,75.8475
2020-12-02,75.07
2020-12-03,74.45
2020-12-04,74.05
2020-12-07,73.64
2020-12-08,73.505
2020-12-09,73.86
2020-12-10,73.0475
2020-12-11,72.945
2020-12-14,73.87
2020-12-15,73.3925
2020-12-16,73.3475
2020-12-17,72.8325
2020-12-18,73.3475
2020-12-21,74.8
2020-12-22,75.91
2020-12-23,75.08
2020-12-24,73.895
2020-12-25,74.17
2020-12-28,73.77
2020-12-29,74.0375
2020-12-30,74.415
2021-01-04,74.33
2021-01-05,74.04
2021-01-06,73.9225
2021-01-08,74.155
2021-01-11,74.66
2021-01-12,73.54
2021-01-13,73.7475
2021-01-14,73.21
2021-01-15,73.645
2021-01-18,73.995
2021-01-19,73.68
2021-01-20,73.52
2021-01-21,73.845
2021-01-22,75.3
2021-01-25,75.3675
2021-01-26,75.085
2021-01-27,75.85
2021-01-28,75.9575
2021-01-29,75.755
2021-02-01,76.1475
2021-02-02,76.225
2021-02-03,75.9275
2021-02-04,75.505
2021-02-05,74.645
2021-02-08,74.3
2021-02-09,73.8875
2021-02-10,73.945
2021-02-11,73.605
2021-02-12,73.7175
2021-02-15,73.325
2021-02-16,73.64
2021-02-17,73.71
2021-02-18,73.91
2021-02-19,74.125
2021-02-20,74.08
2021-02-22,74.3
2021-02-24,73.54
2021-02-25,74.75
2021-02-26,74.63
2021-03-01,74.165
2021-03-02,73.81
2021-03-03,73.97
2021-03-04,74.7
2021-03-05,74.2025
2021-03-09,73.915
2021-03-10,73.6025
2021-03-11,73.3
2021-03-12,73.33
2021-03-15,72.805
2021-03-16,72.85
2021-03-17,73.64
2021-03-18,74.3025
2021-03-19,74.115
2021-03-22,74.94
2021-03-23,76.39
2021-03-24,76.5775
2021-03-25,76.21
2021-03-26,75.655
2021-03-29,75.68
2021-03-30,75.85
2021-03-31,75.69
2021-04-01,76.2575
2021-04-02,76.5525
2021-04-05,76.39
2021-04-06,77.265
2021-04-07,76.98
2021-04-08,76.855
2021-04-09,77.395
2021-04-12,77.385
2021-04-13,75.94
2021-04-14,75.87
2021-04-15,76.325
2021-04-16,75.8175
2021-04-19,76.35
2021-04-20,76.83
2021-04-21,76.6
2021-04-22,75.4175
2021-04-23,74.98
2021-04-26,74.97
2021-04-27,74.89
2021-04-28,74.4125
2021-04-29,74.635
2021-04-30,75.21
2021-05-04,74.8425
2021-05-05,74.86
2021-05-06,74.23
2021-05-07,73.785
2021-05-10,74.35
2021-05-11,74.11
2021-05-12,74.63
2021-05-13,74.0775
2021-05-14,74.0125
2021-05-17,73.8
2021-05-18,73.7
2021-05-19,73.79
2021-05-20,73.53
2021-05-21,73.5975
2021-05-24,73.4925
2021-05-25,73.5
2021-05-26,73.51
2021-05-27,73.465
2021-05-28,73.15
2021-05-31,73.43
2021-06-01,73.5075
2021-06-02,73.16
2021-06-03,73.24
2021-06-04,72.795
2021-06-07,72.81
2021-06-08,72.3
2021-06-09,72.305
2021-06-10,71.77
2021-06-11,72.13
2021-06-14,72.1025
2021-06-15,72.18
2021-06-16,72.5625
2021-06-17,72.3225
2021-06-18,72.85
2021-06-21,73.1325
2021-06-22,72.875
2021-06-23,72.6075
2021-06-24,72.305
2021-06-25,72.2025
2021-06-28,72.1175
2021-06-29,72.76
2021-06-30,73.135
2021-07-01,73.4
2021-07-02,73.24
2021-07-05,73.46
2021-07-06,74.4225
2021-07-07,74.7125
2021-07-08,74.7375
2021-07-09,74.36
2021-07-12,74.44
2021-07-13,74.295
2021-07-14,74.075
2021-07-15,74.365
2021-07-16,74.0725
2021-07-19,74.65
2021-07-20,74.37
2021-07-21,74.015
2021-07-22,73.7
2021-07-23,73.76
2021-07-26,73.65
2021-07-27,73.7325
2021-07-28,73.4775
2021-07-29,73.1525
2021-07-30,73.16
2021-08-02,73.0575
2021-08-03,72.94
2021-08-04,73.17
2021-08-05,73.07
2021-08-06,73.49
2021-08-09,73.665
2021-08-10,73.9175
2021-08-11,73.365
2021-08-12,73.5925
2021-08-13,73.21
2021-08-16,73.2375
2021-08-17,73.57
2021-08-18,73.82
2021-08-19,74.2
2021-08-20,74.26
2021-08-23,74.1225
2021-08-24,73.73
2021-08-25,73.9325
2021-08-26,74.23
2021-08-27,73.53
2021-08-30,73.5
2021-08-31,73.2175
2021-09-01,72.98
2021-09-02,72.87
2021-09-03,72.7225
2021-09-06,72.99
2021-09-07,73.2725
2021-09-08,73.1475
2021-09-09,72.975
2021-09-10,73.175
2021-09-13,72.655
2021-09-14,72.9
2021-09-15,72.275
2021-09-16,72.5
2021-09-17,72.8525
2021-09-20,73.425
2021-09-21,73.085
2021-09-22,72.9725
2021-09-23,72.8425
2021-09-24,72.7225
2021-09-27,72.53
2021-09-28,72.795
2021-09-29,72.84
2021-09-30,72.735
2021-10-01,72.73
2021-10-04,72.51
2021-10-05,72.37
2021-10-06,72.39
2021-10-07,71.7
2021-10-08,71.875
2021-10-11,71.865
2021-10-12,71.805
2021-10-13,71.97
2021-10-14,71.345
2021-10-15,71.025
2021-10-18,71.2875
2021-10-19,70.8525
2021-10-20,70.8025
2021-10-21,71.095
2021-10-22,70.3375
2021-10-25,69.71
2021-10-26,69.5025
2021-10-27,70.6425
2021-10-28,70.2025
2021-10-29,70.955
2021-11-01,71.56
2021-11-02,71.5025
2021-11-03,71.73
2021-11-05,71.255
2021-11-08,71.2025
2021-11-09,70.755
2021-11-10,71.3
2021-11-11,71.63
2021-11-12,72.8875
2021-11-15,72.5
2021-11-16,73.13
2021-11-17,72.5
2021-11-18,73.05
2021-11-19,73.445
2021-11-22,74.82
2021-11-23,74.27
2021-11-24,74.99
2021-11-25,74.68
2021-11-26,75.605
2021-11-29,74.6
2021-11-30,74.065
2021-12-01,74.2775
2021-12-02,73.64
2021-12-03,73.8325
2021-12-06,74.31
2021-12-07,74.06
2021-12-08,73.5875
2021-12-09,73.685
2021-12-10,73.3725
2021-12-13,73.4975
2021-12-14,73.8
2021-12-15,73.71
2021-12-16,73.7525
2021-12-17,74.13
2021-12-20,74.145
2021-12-21,73.9525
2021-12-22,73.74
2021-12-23,73.3
2021-12-24,73.65
2021-12-27,73.4325
2021-12-28,73.7175
2021-12-29,73.9925
2021-12-30,74.68
2022-01-03,74.5425
2022-01-04,75.3625
2022-01-05,76.8
2022-01-06,76.3175
2022-01-07,75.75
2022-01-10,75.0
2022-01-11,74.45
2022-01-12,74.7075
2022-01-13,76.2575
2022-01-14,76.21
2022-01-17,76.0925
2022-01-18,76.91
2022-01-19,76.1775
2022-01-20,76.6825
2022-01-21,77.425
2022-01-24,78.7625
2022-01-25,78.6325
2022-01-26,79.4175
2022-01-27,77.96
2022-01-28,77.8
2022-01-31,77.315
2022-02-01,76.805
2022-02-02,76.04
2022-02-03,76.4475
2022-02-04,75.83
2022-02-07,75.475
2022-02-08,75.0075
2022-02-09,74.74
2022-02-10,75.01
2022-02-11,77.1675
2022-02-14,76.76
2022-02-15,75.3125
2022-02-16,75.2525
2022-02-17,76.2825
2022-02-18,77.3
2022-02-21,79.78
2022-02-22,78.8
2022-02-23,81.16
2022-02-24,85.25
2022-02-25,83.0
2022-02-28,94.6025
2022-03-01,101.2325
2022-03-02,106.02
2022-03-03,106.01
2022-03-04,105.0
2022-03-09,120.0
2022-03-10,118.5
2022-03-11,114.2525
2022-03-14,114.1025
2022-03-15,110.1
2022-03-16,108.0
2022-03-17,103.15
2022-03-18,104.82
2022-03-21,104.0
2022-03-22,103.55
2022-03-23,97.7375
2022-03-24,97.0
2022-03-25,96.0
2022-03-28,89.75
2022-03-29,85.25
2022-03-30,84.55
2022-03-31,83.2
2022-04-01,83.95
2022-04-04,84.0
2022-04-05,83.3125
2022-04-06,79.7
2022-04-07,75.75
2022-04-08,76.08
2022-04-11,79.065
2022-04-12,79.68
2022-04-13,79.8675
2022-04-14,80.8975
2022-04-15,79.995
2022-04-18,79.75
2022-04-19,78.515
2022-04-20,76.4125
2022-04-21,74.785
2022-04-22,75.45
2022-04-25,73.125
2022-04-26,73.525
2022-04-27,72.78
2022-04-28,72.08
2022-04-29,70.96
2022-05-04,66.3
2022-05-05,67.0
2022-05-06,69.4025
2022-05-11,67.2
2022-05-12,63.3
2022-05-13,64.545
2022-05-16,63.4
2022-05-17,63.6
2022-05-18,63.445
2022-05-19,61.905
2022-05-20,60.2325
2022-05-23,57.8675
2022-05-24,56.8
2022-05-25,59.33
2022-05-26,65.26
2022-05-27,66.7
2022-05-30,62.25
2022-05-31,61.5
2022-06-01,61.28
2022-06-02,61.65
2022-06-03,60.95
2022-06-06,61.0175
2022-06-07,61.0425
2022-06-08,59.4
2022-06-09,59.35
2022-06-10,56.8
2022-06-14,56.6
2022-06-15,56.96
2022-06-16,56.5
2022-06-17,56.41
2022-06-20,55.63
2022-06-21,53.775
2022-06-22,53.15
2022-06-23,53.465
2022-06-24,53.4
2022-06-27,53.385
2022-06-28,51.8
2022-06-29,53.2375
2022-06-30,51.45
2022-07-01,54.5
2022-07-04,55.24
2022-07-05,61.15
2022-07-06,63.35
2022-07-07,61.95
2022-07-08,60.92
2022-07-11,58.9
2022-07-12,58.94
2022-07-13,58.27
2022-07-14,58.3
2022-07-15,57.165
2022-07-18,56.34
2022-07-19,55.4525
2022-07-20,55.02
2022-07-21,56.6475
2022-07-22,57.29
2022-07-25,58.11
2022-07-26,60.55
2022-07-27,59.88
2022-07-28,60.82
2022-07-29,61.62
2022-08-01,60.17
2022-08-02,60.295
2022-08-03,60.58
2022-08-04,60.35
2022-08-05,60.58
2022-08-08,60.755
2022-08-09,60.1475
2022-08-10,60.665
2022-08-11,60.67
2022-08-12,60.605
2022-08-15,61.225
2022-08-16,60.9
2022-08-17,60.75
2022-08-18,59.5325
2022-08-19,59.1
2022-08-22,59.87
2022-08-23,59.89
2022-08-24,59.8875
2022-08-25,60.145
2022-08-26,60.5
2022-08-29,60.3975
2022-08-30,59.94
2022-08-31,60.23
2022-09-01,60.31
2022-09-02,60.58
2022-09-05,60.87
2022-09-06,61.235
2022-09-07,60.79
2022-09-08,60.73
2022-09-09,60.6
2022-09-12,60.24
2022-09-13,59.9
2022-09-14,59.885
2022-09-15,59.8
2022-09-16,60.275
2022-09-19,60.16
2022-09-20,60.6
2022-09-21,60.69
2022-09-22,58.84
2022-09-23,57.92
2022-09-26,58.395
2022-09-27,58.4575
2022-09-28,57.54
2022-09-29,57.21
2022-09-30,58.45
2022-10-03,58.86
2022-10-04,58.95
2022-10-05,60.1725
2022-10-06,60.9025
2022-10-07,61.0025
2022-10-10,62.69
2022-10-11,63.66
2022-10-12,64.42
2022-10-13,63.63
2022-10-14,62.1075
2022-10-17,61.65
2022-10-18,61.575
2022-10-19,61.735
2022-10-20,61.4
2022-10-21,61.29
2022-10-24,61.185
2022-10-25,61.4875
2022-10-26,61.75
2022-10-27,61.725
2022-10-28,61.52
2022-10-31,61.4775
2022-11-01,61.2375
2022-11-02,61.8
2022-11-03,62.1
2022-11-07,61.0
2022-11-08,60.9925
2022-11-09,61.31
2022-11-10,60.53
2022-11-11,60.5375
2022-11-14,60.55
2022-11-15,60.4
2022-11-16,60.35
2022-11-17,60.53
2022-11-18,60.4025
2022-11-21,60.85
2022-11-22,60.6825
2022-11-23,60.7
2022-11-24,60.6725
2022-11-25,60.5025
2022-11-28,61.2275
2022-11-29,61.0225
2022-11-30,60.99
2022-12-01,61.49
2022-12-02,62.0
2022-12-05,62.35
2022-12-06,63.085
2022-12-07,62.75
2022-12-08,62.7725
2022-12-09,62.43
2022-12-12,62.8
2022-12-13,62.85
2022-12-14,63.995
2022-12-15,64.3525
2022-12-16,64.65
2022-12-19,67.72
2022-12-20,68.875
2022-12-21,70.995
2022-12-22,68.95
2022-12-23,70.2
2022-12-26,69.29
2022-12-27,70.4
2022-12-28,72.19
2022-12-29,72.175
2022-12-30,69.9
2023-01-03,71.1375
2023-01-04,72.0
2023-01-05,72.18
2023-01-06,72.1225
2023-01-09,69.99
2023-01-10,69.8
2023-01-11,68.7325
2023-01-12,67.7575
2023-01-13,68.7875
2023-01-16,68.43
2023-01-17,69.15
2023-01-18,68.7475
2023-01-19,68.8
2023-01-20,68.83
2023-01-23,68.925
2023-01-24,69.0
2023-01-25,69.305
2023-01-26,69.265
2023-01-27,69.46
2023-01-30,70.405
2023-01-31,69.82
2023-02-01,70.1975
2023-02-02,70.455
2023-02-03,70.6
2023-02-06,70.95
2023-02-07,71.15
2023-02-08,72.3025
2023-02-09,73.0
2023-02-10,73.39
2023-02-13,73.825
2023-02-14,73.8
2023-02-15,74.5725
2023-02-16,74.855
2023-02-17,74.29
2023-02-20,74.5
2023-02-21,75.0475
2023-02-22,75.0
2023-02-24,76.13
2023-02-27,74.6025
2023-02-28,74.97
2023-03-01,75.15
2023-03-02,75.3175
2023-03-03,75.6325
2023-03-06,75.445
2023-03-07,76.0225
2023-03-09,75.845
2023-03-10,76.1
2023-03-13,75.0
2023-03-14,75.32
2023-03-15,75.985
2023-03-16,76.4
2023-03-17,77.06
2023-03-20,77.17
2023-03-21,76.66
2023-03-22,77.0575
2023-03-23,76.0
2023-03-24,77.075
2023-03-27,76.68
2023-03-28,76.9
2023-03-29,77.155
2023-03-30,77.08
2023-03-31,77.5975
2023-04-03,78.74
2023-04-04,79.52
2023-04-05,79.835
2023-04-06,81.375
2023-04-07,81.1275
2023-04-10,81.6125
2023-04-11,81.965
2023-04-12,81.95
2023-04-13,81.4
2023-04-14,81.79
2023-04-17,81.4025
2023-04-18,81.45
2023-04-19,81.8975
2023-04-20,81.555
2023-04-21,81.7
2023-04-24,81.33
2023-04-25,81.6175
2023-04-26,81.6175
2023-04-27,81.3325
2023-04-28,80.25
2023-05-02,79.62
2023-05-03,79.205
2023-05-04,78.05
2023-05-05,77.38
2023-05-08,78.1875
2023-05-10,76.0575
2023-05-11,76.9
2023-05-12,77.92
2023-05-15,79.1525
2023-05-16,80.395
2023-05-17,79.8625
2023-05-18,80.2225
2023-05-19,80.0
2023-05-22,80.15
2023-05-23,80.135
2023-05-24,80.1475
2023-05-25,80.1675
2023-05-26,80.06
2023-05-29,80.83
2023-05-30,81.15
2023-05-31,81.1025
2023-06-01,80.7575
2023-06-02,81.5
2023-06-05,80.9525
2023-06-06,81.4025
2023-06-07,81.98
2023-06-08,82.5975
2023-06-09,82.635
2023-06-13,84.3
2023-06-14,84.165
2023-06-15,83.75
2023-06-16,84.1375
2023-06-19,84.1425
2023-06-20,84.785
2023-06-21,83.98
2023-06-22,84.05
2023-06-23,84.7
2023-06-26,85.0875
2023-06-27,85.06
2023-06-28,86.3725
2023-06-29,87.57
2023-06-30,89.55
2023-07-03,88.7
2023-07-04,89.18
2023-07-05,91.0
2023-07-06,92.2975
2023-07-07,91.25
2023-07-10,90.415
2023-07-11,90.3825
2023-07-12,90.8725
2023-07-13,90.1125
2023-07-14,90.06
2023-07-17,91.0
2023-07-18,90.9
2023-07-19,91.3975
2023-07-20,90.23
2023-07-21,90.92
2023-07-24,90.5025
2023-07-25,90.13
2023-07-26,90.155
2023-07-27,90.5975
2023-07-28,91.7075
2023-07-31,91.6025
2023-08-01,92.33
2023-08-02,94.16
2023-08-03,94.9875
2023-08-04,95.685
2023-08-07,95.275
2023-08-08,97.1
2023-08-09,97.2
2023-08-10,97.4575
2023-08-11,99.43
2023-08-14,97.6625
2023-08-15,97.09
2023-08-16,94.665
2023-08-17,93.7725
2023-08-18,93.755
2023-08-21,93.655
2023-08-22,94.3025
2023-08-23,94.26
2023-08-24,94.865
2023-08-25,95.4175
2023-08-28,95.31
2023-08-29,95.4575
2023-08-30,96.22
2023-08-31,96.025
2023-09-01,96.09
2023-09-04,96.87
2023-09-05,97.905
2023-09-06,98.1225
2023-09-07,98.2475
2023-09-08,97.7825
2023-09-11,95.0825
2023-09-12,94.9425
2023-09-13,96.225
2023-09-14,97.34
2023-09-15,96.81
2023-09-18,96.545
2023-09-19,96.84
2023-09-20,96.15
2023-09-21,95.91
2023-09-22,96.25
2023-09-25,96.235
2023-09-26,96.3775
2023-09-27,96.9075
2023-09-28,96.8025
2023-09-29,97.9675
2023-10-02,99.765
2023-10-03,99.6125
2023-10-04,99.58
2023-10-05,100.405
2023-10-06,100.405
2023-10-09,99.3225
2023-10-10,100.3
2023-10-11,100.2
2023-10-12,97.4275
2023-10-13,97.24
2023-10-16,97.3975
2023-10-17,97.7
2023-10-18,97.39
2023-10-19,97.05
2023-10-20,95.32
2023-10-23,94.425
2023-10-24,93.4
2023-10-25,93.3325
2023-10-26,93.96
2023-10-27,94.125
2023-10-30,92.8575
2023-10-31,93.4
2023-11-01,92.74
2023-11-02,93.35
2023-11-03,92.4225
2023-11-06,92.3925
2023-11-07,92.26
2023-11-08,92.0175
2023-11-09,92.0375
2023-11-10,92.2925
2023-11-13,91.62
2023-11-14,90.6
2023-11-15,89.4575
2023-11-16,89.15
2023-11-17,90.0
2023-11-20,88.4
2023-11-21,87.8675
2023-11-22,88.35
2023-11-23,88.4
2023-11-24,88.6
2023-11-27,88.805
2023-11-28,89.44
2023-11-29,88.55
2023-11-30,89.4525
2023-12-01,90.4075
2023-12-04,90.9275
2023-12-05,92.275
2023-12-06,92.82
2023-12-07,92.1
2023-12-08,91.8975
2023-12-11,90.69
2023-12-12,89.9975
2023-12-13,90.0125
2023-12-14,89.875
2023-12-15,90.275
2023-12-18,90.0575
2023-12-19,90.34
2023-12-20,90.9625
2023-12-21,92.15
2023-12-22,92.0
2023-12-25,91.75
2023-12-26,91.66
2023-12-27,91.27
2023-12-28,89.36
2023-12-29,90.36
2024-01-03,92.0
2024-01-04,91.3325
2024-01-05,90.95
2024-01-08,91.1525
2024-01-09,89.8975
2024-01-10,89.33
2024-01-11,88.59
2024-01-12,88.41
2024-01-15,87.6
2024-01-16,87.8525
2024-01-17,88.95
2024-01-18,89.05
2024-01-19,88.2
2024-01-22,87.8
2024-01-23,88.7
2024-01-24,88.6075
2024-01-25,88.8925
2024-01-26,89.7375
2024-01-29,88.975
2024-01-30,89.72
2024-01-31,90.0175
2024-02-01,90.4675
2024-02-02,91.05
2024-02-05,90.575
2024-02-06,91.22
2024-02-07,91.2675
2024-02-08,90.85
2024-02-09,90.9
2024-02-12,91.31
2024-02-13,91.3025
2024-02-14,91.405
2024-02-15,92.25
2024-02-16,92.2225
2024-02-19,92.3375
2024-02-20,92.3425
2024-02-21,92.55
2024-02-22,92.8525
2024-02-26,92.3725
2024-02-27,92.0525
2024-02-28,91.15
2024-02-29,91.15
2024-03-01,91.67
2024-03-04,91.25
2024-03-05,90.52
2024-03-06,90.595
2024-03-07,90.6025
2024-03-11,90.6275
2024-03-12,91.78
2024-03-13,91.5025
2024-03-14,91.72
2024-03-15,92.9025
2024-03-18,91.9175
2024-03-19,92.6475
2024-03-20,92.25
2024-03-21,92.0625
2024-03-22,92.795
2024-03-25,92.58
2024-03-26,92.7
2024-03-27,92.305
2024-03-28,92.5
2024-03-29,92.48
2024-04-01,92.1425
2024-04-02,92.5775
2024-04-03,92.305
2024-04-04,92.24
2024-04-05,92.5
2024-04-08,92.7
2024-04-09,93.0
2024-04-10,93.4325
2024-04-11,93.2675
2024-04-12,93.43
2024-04-15,93.75
2024-04-16,94.42
2024-04-17,94.27
2024-04-18,93.78
2024-04-19,93.1525
2024-04-22,93.47
2024-04-23,93.1275
2024-04-24,92.245
2024-04-25,91.9375
2024-04-26,91.72
2024-04-27,92.3975
2024-04-29,93.0
2024-04-30,93.0525
2024-05-02,92.05
2024-05-03,91.6
2024-05-06,91.3475
2024-05-07,91.1075
2024-05-08,91.95
2024-05-10,92.255
2024-05-13,91.3525
2024-05-14,91.2925
2024-05-15,91.08
2024-05-16,90.9675
2024-05-17,90.95
2024-05-20,90.75
2024-05-21,90.0875
2024-05-22,90.0575
2024-05-23,90.015
2024-05-24,89.525
2024-05-27,88.62
2024-05-28,88.575
2024-05-29,89.5125
2024-05-30,89.8525
2024-05-31,90.1
2024-06-03,89.0875
2024-06-04,88.8
2024-06-05,88.7675
2024-06-06,88.84
2024-06-07,89.3475
2024-06-10,88.55
2024-06-11,89.1025
2026-02-16,76.3
2026-02-17,75.64
2026-02-18,76.35
2026-02-19,75.54
2026-02-20,76.05
2026-02-24,75.755
2026-02-25,77.13
2026-02-26,76.8
2026-02-27,76.96
2026-03-02,77.2
2026-03-03,77.3625
2026-03-04,77.6325
2026-03-05,78.89
2026-03-06,78.6
2026-03-09,75.0775
2026-03-10,78.86
2026-03-11,78.6125
2026-03-12,79.4
2026-03-13,79.97
2026-03-16,80.835
2026-03-17,81.7
2026-03-18,82.64
2026-03-19,84.8
2026-03-20,82.4
2026-03-23,81.5875
2026-03-24,80.27
2026-03-25,79.6
2026-03-26,81.13
2026-03-27,80.1525
2026-03-30,80.9975
2026-03-31,80.91
2026-04-01,79.6425
2026-04-02,79.45
2026-04-03,78.65
2026-04-06,78.5775
2026-04-07,78.16
2026-04-08,78.1475
2026-04-09,77.02
2026-04-10,76.3775
2026-04-13,75.94
2026-04-14,74.8475
2026-04-15,75.1825
2026-04-16,75.94
2026-04-17,75.6525
2026-04-20,74.9
2026-04-21,74.5125
2026-04-22,74.5475
2026-04-23,75.205
2026-04-24,74.69
2026-04-27,74.1175
2026-04-28,74.84
2026-04-29,74.445
2026-04-30,74.9775
2026-05-04,75.37
2026-05-05,75.395
2026-05-06,74.49
2026-05-07,74.3575
2026-05-08,74.005
2026-05-12,73.62
2026-05-13,73.29
2026-05-14,73.19
2026-05-15,72.91
2026-05-18,72.445
2026-05-19,70.7
2026-05-20,71.315
2026-05-21,71.3725
2026-05-22,71.9125
2026-05-25,72.0825
2026-05-26,71.53
2026-05-27,71.38
2026-05-28,71.2975
2026-05-29,71.3
2026-06-01,72.2775
2026-06-02,73.29
2026-06-03,73.9475
2026-06-04,73.8
2026-06-05,73.99
2026-06-08,73.05
2026-06-09,71.855
2026-06-10,72.25
2026-06-11,72.3875
2026-06-15,72.44
2026-06-16,73.0
2026-06-17,73.27
2026-06-18,73.55
2026-06-19,73.7925
2026-06-22,74.89
2026-06-23,75.105
2026-06-24,75.05
2026-06-25,76.39
2026-06-26,79.2625
2026-06-29,77.42
2026-06-30,79.4125
2026-07-01,78.52
2026-07-02,78.24
2026-07-03,78.32
2026-07-06,76.6525
2026-07-07,77.2475
2026-07-08,76.47
2026-07-09,76.82
2026-07-10,77.3225
2026-07-13,77.295
2026-07-14,78.16
2026-07-15,77.7
2026-07-16,78.74
2026-07-17,78.625
2026-07-20,79.13
2026-07-21,78.5225
2026-07-22,78.41
2026-07-23,79.015
2026-07-24,77.97
2026-07-27,78.58
2026-07-28,79.485
2026-07-29,80.33
2026-07-30,80.1075
2026-07-31,79.4625
2026-08-03,80.9825
2026-08-04,81.03
2026-08-05,81.06
2026-08-06,81.6575
2026-08-07,82.6675
2026-08-10,82.6775
2026-08-11,82.8175
2026-08-12,82.97
2026-08-13,84.1975
2026-08-14,84.69
