date,log_imoex_actual,log_imoex_pred_ecm,log_imoex_pred_rw,imoex_actual,imoex_pred_ecm,imoex_pred_rw
2024-03-19,8.091005853306909,8.100793620739235,8.100555906304823,3264.969999999998,3297.083671231448,3296.300000000003
2024-03-20,8.091658020254139,8.088844830958074,8.091005853306909,3267.0999999999995,3257.921945106671,3264.969999999998
2024-03-21,8.097636258294852,8.089818652142998,8.091658020254139,3286.6900000000005,3261.096123806031,3267.0999999999995
2024-03-22,8.093611973042204,8.100992716715373,8.097636258294852,3273.4899999999984,3297.740172674608,3286.6900000000005
2024-03-25,8.096095529158339,8.09026154147726,8.093611973042204,3281.630000000001,3262.540748378058,3273.4899999999984
2024-03-26,8.097286300970858,8.08907115516595,8.096095529158339,3285.54,3258.6593751562077,3281.630000000001
2024-03-27,8.102916373979317,8.1041327315226,8.097286300970858,3304.089999999999,3308.1114000295024,3285.54
2024-03-28,8.105539976406726,8.101950887496892,8.102916373979317,3312.7699999999995,3300.9014852499135,3304.089999999999
2024-03-29,8.111487054262906,8.103773156962076,8.105539976406726,3332.5299999999975,3306.9221011602926,3312.7699999999995
2024-04-01,8.120674940552938,8.108997440596477,8.111487054262906,3363.290000000002,3324.2436070068784,3332.5299999999975
2024-04-02,8.123050739418774,8.118124046202997,8.120674940552938,3371.2899999999972,3354.721535811525,3363.290000000002
2024-04-03,8.130232809871845,8.121309683508866,8.123050739418774,3395.590000000001,3365.4255023120695,3371.2899999999972
2024-04-04,8.133754706279714,8.128867984571357,8.130232809871845,3407.569999999998,3390.9587739840367,3395.590000000001
2024-04-05,8.1301680178542,8.129249059021294,8.133754706279714,3395.370000000001,3392.2512279785483,3407.569999999998
2024-04-08,8.136629454594637,8.12851891072928,8.1301680178542,3417.380000000001,3389.775285550921,3395.370000000001
2024-04-09,8.135716057455175,8.135850024049827,8.136629454594637,3414.260000000002,3414.7174274247695,3417.380000000001
2024-04-10,8.142967995963177,8.133608637155604,8.135716057455175,3439.1099999999983,3407.0722955852634,3414.260000000002
2024-04-11,8.143090113126025,8.139762742555188,8.142967995963177,3439.530000000001,3428.1044281975924,3439.1099999999983
2024-04-12,8.147936571957237,8.141043574280959,8.143090113126025,3456.24,3432.498066263337,3439.530000000001
2024-04-15,8.152540797785269,8.150278124075351,8.147936571957237,3472.1900000000014,3464.342448543432,3456.24
2024-04-16,8.149873218234422,8.147323050504106,8.152540797785269,3462.940000000003,3454.120172959007,3472.1900000000014
2024-04-17,8.14730852485911,8.150277240093747,8.149873218234422,3454.069999999999,3464.33938612979,3462.940000000003
2024-04-18,8.147815045234228,8.14960420884327,8.14730852485911,3455.819999999998,3462.0085619074202,3454.069999999999
2024-04-19,8.152163443094752,8.150886461116132,8.147815045234228,3470.8800000000015,3466.4505775382936,3455.819999999998
2024-04-22,8.154549038574375,8.15009305913621,8.152163443094752,3479.1700000000014,3463.7013795405587,3470.8800000000015
2024-04-23,8.143058131500919,8.150847239068087,8.154549038574375,3439.419999999998,3466.3146189135014,3479.1700000000014
2024-04-24,8.140003538139647,8.141341432345577,8.143058131500919,3428.9299999999985,3433.5206157739094,3439.419999999998
2024-04-25,8.143156980491723,8.139048839447067,8.140003538139647,3439.760000000001,3425.657967163312,3428.9299999999985
2024-04-26,8.146062841136418,8.137458054137921,8.143156980491723,3449.770000000001,3420.2128129789226,3439.760000000001
2024-04-27,8.150713191785675,8.144706297750242,8.146062841136418,3465.8499999999985,3445.093410038421,3449.770000000001
2024-04-29,8.154235696374823,8.146914487431797,8.150713191785675,3478.0800000000017,3452.7092352571663,3465.8499999999985
2024-04-30,8.151860880386323,8.153560225113509,8.154235696374823,3469.830000000002,3475.7314501936976,3478.0800000000017
2024-05-02,8.144049086574928,8.148744372157147,8.151860880386323,3442.8299999999977,3459.033079336076,3469.830000000002
2024-05-03,8.14374115292348,8.142585275928642,8.144049086574928,3441.7699999999973,3437.7940355410724,3442.8299999999977
2024-05-06,8.142077834802693,8.144318097896447,8.14374115292348,3436.0499999999997,3443.756284833031,3441.7699999999973
2024-05-07,8.139618504283998,8.1398654297328,8.142077834802693,3427.610000000002,3428.4564686405956,3436.0499999999997
2024-05-08,8.141055790888139,8.138185532070006,8.139618504283998,3432.5400000000027,3422.7018475724954,3427.610000000002
2024-05-10,8.14606573987619,8.14162998469322,8.141055790888139,3449.7799999999997,3434.5115091637017,3432.5400000000027
2024-05-13,8.148188258912068,8.139063516316018,8.14606573987619,3457.1099999999983,3425.708245465328,3449.7799999999997
2024-05-14,8.150159061625951,8.138284665270522,8.148188258912068,3463.930000000002,3423.0411677797283,3457.1099999999983
2024-05-15,8.152117344212641,8.147721162210992,8.150159061625951,3470.72,3455.4955723999974,3463.930000000002
2024-05-16,8.156584807349201,8.145729060213878,8.152117344212641,3486.259999999998,3448.6187247343973,3470.72
2024-05-17,8.161058101729973,8.155342418456078,8.156584807349201,3501.8900000000026,3481.931398757288,3486.259999999998
2024-05-20,8.15135928912079,8.157021204928489,8.161058101729973,3468.090000000002,3487.7817274397,3501.8900000000026
2024-05-21,8.139843125382697,8.145720838932876,8.15135928912079,3428.3799999999987,3448.5903727873383,3468.090000000002
2024-05-22,8.144574678713019,8.136577369345833,8.139843125382697,3444.6399999999994,3417.202009547823,3428.3799999999987
2024-05-23,8.144037468158576,8.136491997263516,8.144574678713019,3442.7899999999986,3416.910288349169,3444.6399999999994
2024-05-24,8.130500768631357,8.136324834420767,8.144037468158576,3396.5000000000023,3416.3391556493652,3442.7899999999986
2024-05-27,8.10144135587992,8.12559971766207,8.130500768631357,3299.219999999998,3379.89430629789,3396.5000000000023
2024-05-28,8.102559177063155,8.100183779022236,8.10144135587992,3302.9100000000017,3295.0735850437977,3299.219999999998
2024-05-29,8.107126512300836,8.096132345993704,8.102559177063155,3318.030000000002,3281.750821455559,3302.9100000000017
2024-05-30,8.096263114753073,8.107795114880394,8.107126512300836,3282.1800000000017,3320.2491852108637,3318.030000000002
2024-05-31,8.076263586732157,8.089845164678733,8.096263114753073,3217.1899999999982,3261.1825848796943,3282.1800000000017
2024-06-03,8.05243020597681,8.070545044792881,8.076263586732157,3141.419999999998,3198.8448677555316,3217.1899999999982
2024-06-04,8.066813349946436,8.06220473587322,8.05243020597681,3186.93,3172.276461738898,3141.419999999998
2024-06-05,8.074723792076014,8.069009119321397,8.066813349946436,3212.24,3193.9354516575713,3186.93
2024-06-06,8.068521999103142,8.072955204322117,8.074723792076014,3192.3800000000015,3206.563892500054,3212.24
2024-06-07,8.081233823662654,8.066505119996023,8.068521999103142,3233.2200000000025,3185.947844096839,3192.3800000000015
2024-06-10,8.06493202957817,8.071122374629509,8.081233823662654,3180.939999999998,3200.6921895461114,3233.2200000000025
2024-06-11,8.06183380983423,8.061632481128509,8.06493202957817,3171.1000000000004,3170.4616308044665,3180.939999999998
2024-06-13,8.062019847840123,8.059357627864273,8.06183380983423,3171.6899999999973,3163.257493099342,3171.1000000000004
2024-06-14,8.075865644832641,8.062633140182703,8.062019847840123,3215.9100000000008,3173.6357697919034,3171.6899999999973
2024-06-17,8.065793039400996,8.06291488093115,8.075865644832641,3183.680000000002,3174.530038279003,3215.9100000000008
2024-06-18,8.043711520790668,8.061252992312657,8.065793039400996,3114.149999999999,3169.258704337494,3183.680000000002
2024-06-19,8.015482566212173,8.040750452489984,8.043711520790668,3027.4700000000003,3104.942428003816,3114.149999999999
2024-06-20,8.046687035925336,8.006543707230602,8.015482566212173,3123.4299999999985,3000.5284652815253,3027.4700000000003
2024-06-21,8.043775741710654,8.044724182308837,8.046687035925336,3114.3499999999976,3117.305177160421,3123.4299999999985
2024-06-24,8.038528160291378,8.04549543068241,8.043775741710654,3098.0500000000006,3119.7103210706805,3114.3499999999976
2024-06-25,8.042824850660583,8.04154173561294,8.038528160291378,3111.389999999999,3107.400288848502,3098.0500000000006
2024-06-26,8.055697268783113,8.051781104360316,8.042824850660583,3151.699999999999,3139.381560848557,3111.389999999999
2024-06-27,8.055259313961626,8.053103731848635,8.055697268783113,3150.3200000000015,3143.5365403365927,3151.699999999999
2024-06-28,8.056540901783043,8.053872880497089,8.055259313961626,3154.360000000003,3145.9553172982287,3150.3200000000015
2024-07-01,8.066581124598937,8.058709440833237,8.056540901783043,3186.189999999998,3161.2077749886007,3154.360000000003
2024-07-02,8.076294669274962,8.065233262028018,8.066581124598937,3217.2900000000022,3181.898346684331,3186.189999999998
2024-07-03,8.071865003881747,8.074530925994996,8.076294669274962,3203.0699999999997,3211.6205275994357,3217.2900000000022
2024-07-04,8.050004795679321,8.065768530444517,8.071865003881747,3133.81,3183.6019722816336,3203.0699999999997
2024-07-05,8.0549323095886,8.04668094459291,8.050004795679321,3149.289999999998,3123.4109742075084,3133.81
2024-07-08,8.049612225151218,8.051493942926127,8.0549323095886,3132.5799999999977,3138.480180964042,3149.289999999998
2024-07-09,8.02423040627556,8.045364767867639,8.049612225151218,3054.0699999999983,3119.3027175687507,3132.5799999999977
2024-07-10,7.998251387047989,8.020504093953525,8.02423040627556,2975.7499999999995,3042.710758511372,3054.0699999999983
2024-07-11,8.003767523797139,7.999647070289825,7.998251387047989,2992.209999999998,2979.9061040346187,2975.7499999999995
2024-07-12,7.997397456225006,7.9983955935909075,8.003767523797139,2973.2099999999987,2976.1791535627212,2992.209999999998
2024-07-15,7.977103521963721,7.985290276088735,7.997397456225006,2913.4800000000005,2937.429846394412,2973.2099999999987
2024-07-16,7.987816556755371,7.964905776684118,7.977103521963721,2944.859999999999,2878.1579755590633,2913.4800000000005
2024-07-17,7.988624418173012,7.9885869889737195,7.987816556755371,2947.2400000000007,2947.1296892311116,2944.859999999999
2024-07-18,7.999886611550558,7.994804297085548,7.988624418173012,2980.620000000001,2965.5099813167653,2947.2400000000007
2024-07-19,8.009110469120941,8.000453757269854,7.999886611550558,3008.24,2982.3109253290563,2980.620000000001
2024-07-22,8.014514292786016,8.014052700238116,8.009110469120941,3024.5400000000022,3023.1442170414653,3008.24
2024-07-23,8.015660917061794,8.007923943483604,8.014514292786016,3028.010000000001,3004.6727628444164,3024.5400000000022
2024-07-24,8.02347375235293,8.01983179067076,8.015660917061794,3051.760000000001,3040.665821565859,3028.010000000001
2024-07-25,8.020063350779234,8.02681985229168,8.02347375235293,3041.370000000001,3061.9885973599767,3051.760000000001
2024-07-26,8.004108350874137,7.9991435503925095,8.020063350779234,2993.229999999999,2978.406039706916,3041.370000000001
2024-07-29,7.9748597005485555,7.997415917761619,8.004108350874137,2906.9500000000003,2973.264890531953,2993.229999999999
2024-07-30,7.98778939040904,7.982947077672388,7.9748597005485555,2944.7799999999997,2930.554923230354,2906.9500000000003
2024-07-31,7.98707600973586,7.999815044571054,7.98778939040904,2942.680000000001,2980.406693662489,2944.7799999999997
2024-08-01,7.984697798328767,7.988186524681483,7.98707600973586,2935.69,2945.9497053124664,2942.680000000001
2024-08-02,7.972121128921655,7.979006948703054,7.984697798328767,2898.999999999999,2919.0308769043586,2935.69
2024-08-05,7.9475795915004355,7.9727518473491275,7.972121128921655,2828.7199999999993,2900.829029461901,2898.999999999999
2024-08-06,7.948296973194149,7.944735604833544,7.9475795915004355,2830.750000000001,2820.6865869101816,2828.7199999999993
2024-08-07,7.963787083448461,7.954164800217778,7.948296973194149,2874.940000000001,2847.409180140977,2830.750000000001
2024-08-08,7.955954587426843,7.968370138017463,7.963787083448461,2852.510000000001,2888.1462462604864,2874.940000000001
2024-08-09,7.9544740931906635,7.9578623324705005,7.955954587426843,2848.289999999999,2857.9570559594454,2852.510000000001
2024-08-12,7.953237499707175,7.9545093243679394,7.9544740931906635,2844.769999999999,2848.3903503776432,2848.289999999999
2024-08-13,7.96714152114941,7.9525731308691725,7.953237499707175,2884.5999999999995,2842.880651142462,2844.769999999999
2024-08-14,7.96245399356334,7.978010005880817,7.96714152114941,2871.1100000000006,2916.1222201468877,2884.5999999999995
2024-08-15,7.950893616658773,7.948732211114414,7.96245399356334,2838.1099999999988,2831.982317899076,2871.1100000000006
2024-08-16,7.947395745873676,7.939077223735991,7.950893616658773,2828.1999999999994,2804.7711375476933,2838.1099999999988
2024-08-19,7.92863663022001,7.944643878973762,7.947395745873676,2775.6400000000012,2820.427868873572,2828.1999999999994
2024-08-20,7.926032039331152,7.927202573800171,7.92863663022001,2768.4200000000005,2771.66242835158,2775.6400000000012
2024-08-21,7.9259308934932164,7.9278023738630905,7.926032039331152,2768.1399999999994,2773.325370316989,2768.4200000000005
2024-08-22,7.910498898586491,7.921737397567299,7.9259308934932164,2725.7499999999995,2756.5561216365904,2768.1399999999994
2024-08-23,7.887009542348567,7.9084109401950125,7.910498898586491,2662.4700000000003,2720.0646848306455,2725.7499999999995
2024-08-26,7.924343732171656,7.881774376819776,7.887009542348567,2763.75,2648.5679503511715,2662.4700000000003
2024-08-27,7.912196072631594,7.925642839319662,7.924343732171656,2730.379999999999,2767.342740552484,2763.75
2024-08-28,7.900999644557578,7.908000079779327,7.912196072631594,2699.9799999999987,2718.947347474107,2730.379999999999
2024-08-29,7.90406533364102,7.898810838412395,7.900999644557578,2708.270000000001,2694.076730097665,2699.9799999999987
2024-08-30,7.882435666406985,7.896048781865792,7.90406533364102,2650.3199999999993,2686.6458048702675,2708.270000000001
2024-09-02,7.841913433517961,7.881488238784129,7.882435666406985,2545.0699999999993,2647.810202735958,2650.3199999999993
2024-09-03,7.833750767004005,7.839495588181671,7.841913433517961,2524.380000000001,2538.923847587129,2545.0699999999993
2024-09-04,7.865245534103608,7.841563480108622,7.833750767004005,2605.1499999999996,2544.1794999023537,2524.380000000001
2024-09-05,7.871547726284403,7.870563922482825,7.865245534103608,2621.6199999999994,2619.0421085553303,2605.1499999999996
2024-09-06,7.8722150297739955,7.868940507887213,7.871547726284403,2623.37,2614.793766712891,2621.6199999999994
2024-09-09,7.902180437380522,7.869164182528167,7.8722150297739955,2703.1699999999996,2615.378695184223,2623.37
2024-09-10,7.890350471803892,7.899419673565328,7.902180437380522,2671.38,2695.717478137507,2703.1699999999996
2024-09-11,7.889095651350108,7.895191414692495,7.890350471803892,2668.030000000001,2684.343350116498,2671.38
2024-09-12,7.869019376499023,7.876214706123428,7.889095651350108,2614.9999999999986,2633.8836425125455,2668.030000000001
2024-09-13,7.8931951368015465,7.862810831613588,7.869019376499023,2678.99,2598.814949918624,2614.9999999999986
2024-09-16,7.917244872487075,7.888449415197182,7.8931951368015465,2744.2,2666.3063795498188,2678.99
2024-09-17,7.928060020381486,7.913407773202293,7.917244872487075,2774.040000000001,2733.6904082109495,2744.2
2024-09-18,7.9199850837749715,7.92094914263011,7.928060020381486,2751.73,2754.384108826445,2774.040000000001
2024-09-19,7.9225909531705465,7.916138434661155,7.9199850837749715,2758.9100000000008,2741.165392429994,2751.73
2024-09-20,7.931051173340797,7.920651395137905,7.9225909531705465,2782.3499999999995,2753.5641199463475,2758.9100000000008
2024-09-23,7.944446063578774,7.9306716862952715,7.931051173340797,2819.8700000000003,2781.2943345372346,2782.3499999999995
2024-09-24,7.9627500024945235,7.94524598768339,7.944446063578774,2871.96,2822.126584412688,2819.8700000000003
2024-09-25,7.948070859139844,7.963569350079204,7.9627500024945235,2830.110000000001,2874.314097769763,2871.96
2024-09-26,7.94790830807725,7.94609874665479,7.948070859139844,2829.6499999999996,2824.5342045899224,2830.110000000001
2024-09-27,7.958073280513474,7.941894343234416,7.94790830807725,2858.5600000000004,2812.683653025799,2829.6499999999996
2024-09-30,7.957723392823852,7.953177679141275,7.958073280513474,2857.5600000000004,2844.599829338647,2858.5600000000004
2024-10-01,7.942429754940124,7.956124605154281,7.957723392823852,2814.190000000001,2852.995018497398,2857.5600000000004
2024-10-02,7.925443082436249,7.937350733853155,7.942429754940124,2766.790000000001,2799.932906335469,2814.190000000001
2024-10-03,7.931065549574009,7.917680508463774,7.925443082436249,2782.3900000000003,2745.395732680435,2766.790000000001
2024-10-04,7.93902333640882,7.9295833720143865,7.931065549574009,2804.62,2778.269058717654,2782.3900000000003
2024-10-07,7.935172272608095,7.929706054803041,7.93902333640882,2793.8399999999992,2778.6099254222204,2804.62
2024-10-08,7.93321247469624,7.932098430884381,7.935172272608095,2788.369999999999,2785.265363328059,2793.8399999999992
2024-10-09,7.918923369734425,7.930938655872064,7.93321247469624,2748.81,2782.0369546327356,2788.369999999999
2024-10-10,7.923543774117743,7.919889308271857,7.918923369734425,2761.5400000000013,2751.4664642951493,2748.81
2024-10-11,7.9209984777323,7.926196158903552,7.923543774117743,2754.52,2768.874389192684,2761.5400000000013
2024-10-14,7.927814860485532,7.920009973200649,7.9209984777323,2773.3599999999997,2751.798489831653,2754.52
2024-10-15,7.939440418232416,7.9255361548678955,7.927814860485532,2805.790000000001,2767.047523857155,2773.3599999999997
2024-10-16,7.931450037123325,7.940000639937898,7.939440418232416,2783.459999999999,2807.3623048375507,2805.790000000001
2024-10-17,7.9242641270132,7.928525897234989,7.931450037123325,2763.5300000000007,2775.332662113991,2783.459999999999
2024-10-18,7.92004686118372,7.9248852115931445,7.9242641270132,2751.9000000000015,2765.2469189899784,2763.5300000000007
2024-10-21,7.925775542462801,7.917527403913485,7.92004686118372,2767.710000000001,2744.975432277189,2751.9000000000015
2024-10-22,7.921241684726244,7.922133087533117,7.925775542462801,2755.189999999999,2757.647079060355,2767.710000000001
2024-10-23,7.913861120378637,7.922010673054256,7.921241684726244,2734.9299999999985,2757.309523791536,2755.189999999999
2024-10-24,7.907806108159585,7.905908315320714,7.913861120378637,2718.420000000001,2713.2658942503735,2734.9299999999985
2024-10-25,7.886216730964202,7.892776463738513,7.907806108159585,2660.360000000001,2677.8686138143385,2718.420000000001
2024-10-28,7.853628113797247,7.872725309223186,7.886216730964202,2575.0599999999995,2624.708993399975,2660.360000000001
2024-10-29,7.863135946227763,7.854284595423425,7.853628113797247,2599.6599999999994,2576.7510345821406,2575.0599999999995
2024-10-30,7.869164681429322,7.866641195333391,7.863135946227763,2615.38,2608.7884452806734,2599.6599999999994
2024-10-31,7.847840659422009,7.85490461396281,7.869164681429322,2560.2,2578.349163378505,2615.38
2024-11-01,7.853492185396352,7.849795932586354,7.847840659422009,2574.71,2565.2107874881176,2560.2
2024-11-02,7.861102846051892,7.853057856250149,7.853492185396352,2594.379999999999,2573.5919712177983,2574.71
2024-11-05,7.8695966477044434,7.863045543574762,7.861102846051892,2616.5100000000007,2599.4249944618214,2594.379999999999
2024-11-06,7.887159767498793,7.8782699255263635,7.8695966477044434,2662.8700000000003,2639.302417758348,2616.5100000000007
2024-11-07,7.897530645918667,7.906582746143604,7.887159767498793,2690.630000000001,2715.0964216128054,2662.8700000000003
2024-11-08,7.913725824400195,7.898253532210789,7.897530645918667,2734.5599999999986,2692.5757227275867,2690.630000000001
2024-11-11,7.93211445675928,7.912321394217659,7.913725824400195,2785.31,2730.7221969940465,2734.5599999999986
2024-11-12,7.92181135609208,7.93983083882755,7.93211445675928,2756.7600000000007,2806.8856520702716,2785.31
2024-11-13,7.9244305669360084,7.9240984766277505,7.92181135609208,2763.99,2763.0722581039067,2756.7600000000007
2024-11-14,7.9000695756617345,7.925202908870329,7.9244305669360084,2697.47,2766.125569972006,2763.99
2024-11-15,7.9154248366416935,7.899721688039732,7.9000695756617345,2739.209999999999,2696.531746789079,2697.47
2024-11-18,7.908670207463423,7.91254242628675,7.9154248366416935,2720.77,2731.325840881232,2739.209999999999
2024-11-19,7.874933022722275,7.889309036928023,7.908670207463423,2630.51,2668.599379870011,2720.77
2024-11-20,7.862069854200416,7.883578295180531,7.874933022722275,2596.89,2653.350062679834,2630.51
2024-11-21,7.851116282378955,7.860988644667617,7.862069854200416,2568.599999999999,2594.0837351299137,2596.89
2024-11-22,7.855951571867276,7.854353728841853,7.851116282378955,2581.05,2576.9291803474416,2568.599999999999
2024-11-25,7.836247271810971,7.850142544692531,7.855951571867276,2530.6900000000005,2566.100074711912,2581.05
2024-11-26,7.809683360020456,7.836447858511093,7.836247271810971,2464.350000000001,2531.197673670723,2530.6900000000005
2024-11-27,7.8207927246548,7.811953058126668,7.809683360020456,2491.8799999999997,2469.949682918992,2464.350000000001
2024-11-28,7.843016919821633,7.81683708453067,7.8207927246548,2547.880000000001,2482.0424891411835,2491.8799999999997
2024-11-29,7.8547691834991324,7.838664513687343,7.843016919821633,2577.9999999999995,2536.8146892895884,2547.880000000001
2024-12-02,7.85815367462275,7.859912149028466,7.8547691834991324,2586.74,2591.2927178299583,2577.9999999999995
2024-12-03,7.839777617684148,7.858633716484861,7.85815367462275,2539.639999999999,2587.9820415785207,2586.74
2024-12-04,7.818277404393425,7.837118007068039,7.839777617684148,2485.6200000000003,2532.894520645349,2539.639999999999
2024-12-05,7.828368654754981,7.818405211996709,7.818277404393425,2510.830000000001,2485.937701436774,2485.6200000000003
2024-12-06,7.838434005450973,7.8362002774019395,7.828368654754981,2536.230000000001,2530.5710745134465,2510.830000000001
2024-12-09,7.852785059716098,7.830541546777123,7.838434005450973,2572.8899999999994,2516.2916941628623,2536.230000000001
2024-12-10,7.833104855344638,7.851810588702602,7.852785059716098,2522.7500000000005,2570.3840144775177,2572.8899999999994
2024-12-11,7.829049472638613,7.844884141840983,7.833104855344638,2512.5400000000004,2552.641902019277,2522.7500000000005
2024-12-12,7.8210936569453,7.8169184384061285,7.829049472638613,2492.63,2482.2444211305915,2512.5400000000004
2024-12-13,7.818108418189539,7.826289200130713,7.8210936569453,2485.1999999999994,2505.6142677644666,2492.63
2024-12-16,7.791646778409614,7.807553569254437,7.818108418189539,2420.2999999999993,2459.107035316491,2485.1999999999994
2024-12-17,7.773657570123064,7.785379001977458,7.791646778409614,2377.1500000000005,2405.177542300375,2420.2999999999993
2024-12-18,7.787112280562972,7.77960604287903,7.773657570123064,2409.350000000001,2391.3325524553075,2377.1500000000005
2024-12-19,7.790054799988932,7.781585717802197,7.787112280562972,2416.4499999999994,2396.0713025871155,2409.350000000001
2024-12-20,7.877935532128332,7.845642488403231,7.790054799988932,2638.420000000001,2554.5784234146904,2416.4499999999994
2024-12-23,7.901925148930937,7.919715191416701,7.877935532128332,2702.479999999999,2750.9874293125613,2638.420000000001
2024-12-24,7.89765328625374,7.894828604942432,7.901925148930937,2690.9600000000005,2683.369620826479,2702.479999999999
2024-12-25,7.913092981285752,7.897313105142961,7.89765328625374,2732.83,2690.044741923719,2690.9600000000005
2024-12-26,7.925363564747136,7.913509477176527,7.913092981285752,2766.5700000000006,2733.9684495285046,2732.83
2024-12-27,7.922061618596991,7.92208440742245,7.925363564747136,2757.450000000001,2757.512839762784,2766.5700000000006
2024-12-28,7.932602613582171,7.9147855871524575,7.922061618596991,2786.67,2737.459520962614,2757.450000000001
2024-12-30,7.966600571978504,7.944340951677989,7.932602613582171,2883.0400000000004,2819.573613681471,2786.67
2025-01-03,7.947501814783211,7.964814141605073,7.966600571978504,2828.5000000000005,2877.894247409029,2883.0400000000004
2025-01-06,7.943165042561278,7.950917987004083,7.947501814783211,2816.2600000000007,2838.1791665635315,2828.5000000000005
2025-01-08,7.951837461487509,7.947468182022246,7.943165042561278,2840.789999999999,2828.404871335341,2816.2600000000007
2025-01-09,7.92772831911149,7.937795464710566,7.951837461487509,2773.120000000001,2801.178399831766,2840.789999999999
2025-01-10,7.946118500304403,7.9272927874833625,7.92772831911149,2824.5899999999997,2771.9124815067426,2773.120000000001
2025-01-13,7.960710988670426,7.948344278097814,7.946118500304403,2866.1099999999997,2830.88391152336,2824.5899999999997
2025-01-14,7.958405560464136,7.958991652370074,7.960710988670426,2859.5100000000007,2861.186426888074,2866.1099999999997
2025-01-15,7.95260104190728,7.949636041945159,7.958405560464136,2842.96,2834.543107916276,2859.5100000000007
2025-01-16,7.976351560906651,7.953724713801584,7.95260104190728,2911.290000000001,2846.1563497364937,2842.96
2025-01-17,7.9880406509573625,7.972197296154925,7.976351560906651,2945.52,2899.2208172186597,2911.290000000001
2025-01-20,7.982604106598194,7.994653854626039,7.9880406509573625,2929.549999999999,2965.0638762588883,2945.52
2025-01-21,7.984363919884673,7.978088166881494,7.982604106598194,2934.7099999999996,2916.350156085445,2929.549999999999
2025-01-22,7.997198997808961,7.984488094703483,7.984363919884673,2972.6199999999994,2935.0744397091576,2934.7099999999996
2025-01-23,7.981425757346037,7.994457100702425,7.997198997808961,2926.1,2964.4805456956387,2972.6199999999994
2025-01-24,7.988861900320559,7.9811619031524685,7.981425757346037,2947.939999999999,2925.3280380913707,2926.1
2025-01-27,7.969492634336162,7.99615354634595,7.988861900320559,2891.389999999999,2969.5138939964645,2947.939999999999
2025-01-28,7.983429831030594,7.968893794120063,7.969492634336162,2931.9699999999993,2889.659037724211,2891.389999999999
2025-01-29,7.989790931245445,7.978809864169088,7.983429831030594,2950.6800000000003,2918.455637751585,2931.9699999999993
2025-01-30,7.995465016912924,7.985886409878521,7.989790931245445,2967.4700000000003,2939.1814696299994,2950.6800000000003
2025-01-31,7.988916174036491,7.992358133115842,7.995465016912924,2948.0999999999995,2958.264722806622,2967.4700000000003
2025-02-03,7.981449679687284,7.979048496400302,7.988916174036491,2926.17,2919.1521584349566,2948.0999999999995
2025-02-04,7.978554341004763,7.977574507437563,7.981449679687284,2917.7099999999996,2914.8525299537932,2926.17
2025-02-05,7.982948810028676,7.983732289825986,7.978554341004763,2930.559999999999,2932.856934238095,2917.7099999999996
2025-02-06,7.996357635020928,7.986545369466198,7.982948810028676,2970.12,2941.1189097165857,2930.559999999999
2025-02-07,7.995148198575255,7.9978551330379,7.996357635020928,2966.53,2974.5710807206497,2970.12
2025-02-10,8.010489062609418,7.9932027350787775,7.995148198575255,3012.3900000000012,2960.76433443824,2966.53
2025-02-11,8.012356266211071,8.005359825260804,8.010489062609418,3018.0199999999995,2996.9782956371823,3012.3900000000012
2025-02-12,8.01487461324372,8.015141851568915,8.012356266211071,3025.6300000000015,3026.4386723431703,3018.0199999999995
2025-02-13,8.073081845112451,8.059367042022052,8.01487461324372,3206.9700000000025,3163.287272644651,3025.6300000000015
2025-02-14,8.066207568006265,8.04794709084529,8.073081845112451,3185.0000000000027,3127.368173975309,3206.9700000000025
2025-02-17,8.104222990422299,8.06838077177933,8.066207568006265,3308.409999999998,3191.929180550771,3185.0000000000027
2025-02-18,8.0891020339043,8.107249527598189,8.104222990422299,3258.760000000002,3318.4381935535894,3308.409999999998
2025-02-19,8.092740963395336,8.087019727196033,8.0891020339043,3270.6399999999994,3251.981322283772,3258.760000000002
2025-02-20,8.099438879422529,8.096933827582088,8.092740963395336,3292.6200000000026,3284.3821386519066,3270.6399999999994
2025-02-21,8.096601247441388,8.0967289572893,8.099438879422529,3283.290000000001,3283.7093352426045,3292.6200000000026
2025-02-24,8.102777142897873,8.094342688105415,8.096601247441388,3303.6300000000006,3275.8828625961696,3283.290000000001
2025-02-25,8.109567751470733,8.104495957430608,8.102777142897873,3326.1400000000017,3309.313210047621,3303.6300000000006
2025-02-26,8.09437844497296,8.115168403807955,8.109567751470733,3276.000000000002,3344.8208173159583,3326.1400000000017
2025-02-27,8.08105751328169,8.092852844343142,8.09437844497296,3232.6499999999996,3271.0059427737615,3276.000000000002
2025-02-28,8.071056077538943,8.077451052903472,8.08105751328169,3200.48,3221.0125734308317,3232.6499999999996
2025-03-03,8.053801256667555,8.074191069604801,8.071056077538943,3145.7300000000014,3210.529223294126,3200.48
2025-03-04,8.083831568700582,8.061296280798423,8.053801256667555,3241.6299999999983,3169.395899717276,3145.7300000000014
2025-03-05,8.090592287737854,8.10187541779041,8.083831568700582,3263.620000000002,3300.6523765838915,3241.6299999999983
2025-03-06,8.073309448404016,8.102505179295367,8.090592287737854,3207.7000000000025,3302.731655047956,3263.620000000002
2025-03-07,8.060502155072426,8.07574708521173,8.073309448404016,3166.880000000002,3215.5287455306593,3207.7000000000025
2025-03-10,8.071159181757091,8.072115174104587,8.060502155072426,3200.810000000002,3203.8714129763225,3166.880000000002
2025-03-11,8.071202919729155,8.059716151238113,8.071159181757091,3200.9499999999994,3164.3917981733853,3200.810000000002
2025-03-12,8.065884124809333,8.074828578965771,8.071202919729155,3183.970000000002,3212.5766182750367,3200.9499999999994
2025-03-13,8.04609135936649,8.060752015176618,8.065884124809333,3121.5699999999983,3167.6713758292735,3183.970000000002
2025-03-14,8.069367405621792,8.055550791174241,8.04609135936649,3195.079999999999,3151.2383803294138,3121.5699999999983
2025-03-17,8.084929179041985,8.07518333833622,8.069367405621792,3245.190000000002,3213.7165121157104,3195.079999999999
2025-03-18,8.088712239155456,8.089542846979343,8.084929179041985,3257.4900000000025,3260.1968206778333,3245.190000000002
2025-03-19,8.080172398623228,8.084958509658312,8.088712239155456,3229.789999999999,3245.2851848187074,3257.4900000000025
2025-03-20,8.078111318662922,8.075727638400501,8.080172398623228,3223.1399999999976,3215.4662143581586,3229.789999999999
2025-03-21,8.068280770653931,8.070981384939717,8.078111318662922,3191.6099999999974,3200.240956757522,3223.1399999999976
2025-03-24,8.064215003319386,8.056729913379169,8.068280770653931,3178.6600000000026,3154.956266967268,3191.6099999999974
2025-03-25,8.05978826417896,8.060944674017614,8.064215003319386,3164.6199999999976,3168.281714516882,3178.6600000000026
2025-03-26,8.0539856165895,8.053837940340983,8.05978826417896,3146.3099999999977,3145.8453990486337,3164.6199999999976
2025-03-27,8.03397949213581,8.048464079552605,8.0539856165895,3083.9899999999993,3128.9854060142043,3146.3099999999977
2025-03-28,8.014881223415452,8.03164871657172,8.03397949213581,3025.6500000000024,3076.810281874211,3083.9899999999993
2025-03-31,8.010811014236477,8.007432177448194,8.014881223415452,3013.359999999999,3003.195530088348,3025.6500000000024
2025-04-01,7.994440050117752,8.017243820371572,8.010811014236477,2964.4300000000007,3032.806842518418,3013.359999999999
2025-04-02,7.981524860462911,7.988540815085409,7.994440050117752,2926.3899999999985,2946.9936119356385,2964.4300000000007
2025-04-03,7.958430039883066,7.9671111772957195,7.981524860462911,2859.579999999999,2884.5124714476283,2926.3899999999985
2025-04-04,7.93091458881633,7.950564617699371,7.958430039883066,2781.9700000000003,2837.176418345448,2859.579999999999
2025-04-07,7.912016594326926,7.922574820206693,7.93091458881633,2729.8899999999994,2758.865490963727,2781.9700000000003
2025-04-08,7.91804988326706,7.918774717732982,7.912016594326926,2746.4100000000003,2748.4014142612114,2729.8899999999994
2025-04-09,7.882575262446458,7.9015027473249955,7.91804988326706,2650.690000000001,2701.3387091664836,2746.4100000000003
2025-04-10,7.924535482217015,7.8923619317127285,7.882575262446458,2764.2799999999997,2676.7587815594684,2650.690000000001
2025-04-11,7.948003721686484,7.934994269333707,7.924535482217015,2829.920000000001,2793.342731590899,2764.2799999999997
2025-04-14,7.944382228811501,7.94933198338358,7.948003721686484,2819.6900000000005,2833.681371831904,2829.920000000001
2025-04-15,7.939354877167307,7.937747328117349,7.944382228811501,2805.5500000000015,2801.0435638919016,2819.6900000000005
2025-04-16,7.9592165593305415,7.943088482498948,7.939354877167307,2861.8300000000004,2816.044395212327,2805.5500000000015
2025-04-17,7.960435315756336,7.958602761943759,7.9592165593305415,2865.320000000001,2860.0739552075684,2861.8300000000004
2025-04-18,7.9630320000837465,7.953903292611791,7.960435315756336,2872.7700000000004,2846.664658336314,2865.320000000001
2025-04-21,7.980181006340667,7.964924037627385,7.9630320000837465,2922.460000000001,2878.210533918449,2872.7700000000004
2025-04-22,7.991081326112544,7.980505008953277,7.980181006340667,2954.4899999999984,2923.407038088373,2922.460000000001
2025-04-23,7.987262896725841,7.987846856266545,7.991081326112544,2943.2300000000005,2944.9492291702677,2954.4899999999984
2025-04-24,7.987670528965684,7.98887284163754,7.987262896725841,2944.4300000000003,2947.9722545224317,2943.2300000000005
2025-04-25,8.008412142748034,7.990158044852068,7.987670528965684,3006.1399999999976,2951.763433636236,2944.4300000000003
2025-04-28,8.017736034387408,8.003263335847022,8.008412142748034,3034.3000000000015,2990.7017440279724,3006.1399999999976
2025-04-29,7.99215369413561,8.007346663596795,8.017736034387408,2957.659999999999,3002.9387262523646,3034.3000000000015
2025-04-30,7.978814785337973,7.993371702464706,7.99215369413561,2918.4700000000007,2961.264649315438,2957.659999999999
2025-05-02,7.950396683711585,7.965199035138534,7.978814785337973,2836.699999999999,2879.002143492183,2918.4700000000007
2025-05-05,7.915275147246908,7.946633731725762,7.950396683711585,2738.800000000001,2826.0456924975115,2836.699999999999
2025-05-06,7.944516986319117,7.913253666734068,7.915275147246908,2820.070000000001,2733.269161296191,2738.800000000001
2025-05-07,7.949123267769257,7.9547100252358725,7.944516986319117,2833.0900000000006,2848.9620821647895,2820.070000000001
2025-05-08,7.955400535822752,7.952696611266834,7.949123267769257,2850.9300000000007,2843.2317128499426,2833.0900000000006
2025-05-12,7.982815720805806,7.954149826718229,7.955400535822752,2930.1699999999996,2847.366544780104,2850.9300000000007
2025-05-13,7.984643295176087,7.974646567487747,7.982815720805806,2935.5300000000007,2906.330498869315,2930.1699999999996
2025-05-14,7.980779637716222,7.990242562525063,7.984643295176087,2924.2099999999996,2952.01292035575,2935.5300000000007
2025-05-15,7.951576936634077,7.975288869304067,7.980779637716222,2840.0499999999997,2908.197839861621,2924.2099999999996
2025-05-16,7.951679042299446,7.952432006011852,7.951576936634077,2840.3400000000006,2842.479478324585,2840.0499999999997
2025-05-19,7.966458350866061,7.954599706167188,7.951679042299446,2882.630000000001,2848.6478046568873,2840.3400000000006
2025-05-20,7.945704195083011,7.964068250407539,7.966458350866061,2823.4199999999996,2875.7484517869716,2882.630000000001
2025-05-21,7.940790284964436,7.946197466177844,7.945704195083011,2809.579999999999,2824.8130550232136,2823.4199999999996
2025-05-22,7.934570768830561,7.942872352029914,7.940790284964436,2792.1599999999994,2815.435827983699,2809.579999999999
2025-05-23,7.926638699612789,7.937905002478296,7.934570768830561,2770.1000000000013,2801.4852514663094,2792.1599999999994
2025-05-26,7.900947790977262,7.914789421752516,7.926638699612789,2699.8399999999997,2737.47001804518,2770.1000000000013
2025-05-27,7.914526363984667,7.898669947280774,7.900947790977262,2736.7500000000005,2693.6971853163623,2699.8399999999997
2025-05-28,7.932074963068391,7.919870559671211,7.914526363984667,2785.199999999999,2751.4148786328,2736.7500000000005
2025-05-29,7.9409184097866605,7.937033520454371,7.932074963068391,2809.9400000000005,2799.04487095769,2785.199999999999
2025-05-30,7.9476184775907095,7.947417559168936,7.9409184097866605,2828.8300000000004,2828.2616930345152,2809.9400000000005
2025-06-02,7.947915376064216,7.949345442198392,7.9476184775907095,2829.6699999999987,2833.719510081371,2828.8300000000004
2025-06-03,7.949465591515574,7.953753046649763,7.947915376064216,2834.06,2846.2369905946307,2829.6699999999987
2025-06-04,7.95037553215007,7.9541224653790215,7.949465591515574,2836.639999999999,2847.2886380840446,2834.06
2025-06-05,7.957390886087527,7.948161982664299,7.95037553215007,2856.6099999999997,2830.3679013480573,2836.639999999999
2025-06-06,7.93241958269789,7.948390536534735,7.957390886087527,2786.1600000000008,2831.0148668170823,2856.6099999999997
2025-06-09,7.91489534678366,7.934696639430175,7.93241958269789,2737.7599999999993,2792.5114729730117,2786.1600000000008
2025-06-10,7.909258103437469,7.922068996832634,7.91489534678366,2722.3700000000003,2757.4703451909304,2737.7599999999993
2025-06-11,7.913228362906623,7.912809598819733,7.909258103437469,2733.2,2732.05567361583,2722.3700000000003
2025-06-13,7.919472547527258,7.911426871741387,7.913228362906623,2750.3200000000006,2728.280596808311,2733.2
2025-06-16,7.914920914804642,7.913170355586568,7.919472547527258,2737.8300000000004,2733.0414589911397,2750.3200000000006
2025-06-17,7.933416874308951,7.912368058226269,7.914920914804642,2788.939999999999,2730.849626411319,2737.8300000000004
2025-06-18,7.934452573776349,7.941347942806788,7.933416874308951,2791.8300000000004,2811.147221266714,2788.939999999999
2025-06-19,7.931575771998932,7.93818716343546,7.934452573776349,2783.8099999999986,2802.2758327566867,2791.8300000000004
2025-06-20,7.91973430098608,7.932377541048495,7.931575771998932,2751.0400000000013,2786.0428677003556,2783.8099999999986
2025-06-23,7.922866386345314,7.916814774397957,7.91973430098608,2759.67,2743.019978604507,2751.0400000000013
2025-06-24,7.91751813884149,7.920872015439059,7.922866386345314,2744.950000000001,2754.171679109216,2759.67
2025-06-25,7.934076405635504,7.924303514023009,7.91751813884149,2790.7799999999993,2763.638849326829,2744.950000000001
2025-06-26,7.936399220541616,7.934801418776861,7.934076405635504,2797.2699999999995,2792.8040858303875,2790.7799999999993
2025-06-27,7.93955446160466,7.942684673067141,7.936399220541616,2806.1100000000006,2814.90747948925,2797.2699999999995
2025-06-30,7.954154552203303,7.941893378607596,7.93955446160466,2847.3800000000015,2812.6809398370215,2806.1100000000006
2025-07-01,7.9545267549808605,7.952839487251308,7.954154552203303,2848.439999999999,2843.637971401607,2847.3800000000015
2025-07-02,7.942809898653235,7.957132941815488,7.9545267549808605,2815.260000000001,2855.8732488375076,2848.439999999999
2025-07-03,7.945675860250291,7.94035727209038,7.942809898653235,2823.3399999999997,2808.36367904963,2815.260000000001
2025-07-04,7.937963808316936,7.9445391818998115,7.945675860250291,2801.6500000000005,2820.1325937859,2823.3399999999997
2025-07-07,7.921586429101707,7.9351055033586855,7.937963808316936,2756.1399999999994,2793.653463627745,2801.6500000000005
2025-07-08,7.92138322574525,7.922029382275694,7.921586429101707,2755.580000000001,2757.36111138857,2756.1399999999994
2025-07-09,7.899691372050202,7.913251613626914,7.92138322574525,2696.4499999999994,2733.263549607484,2755.580000000001
2025-07-10,7.912953921621614,7.9033458342944165,7.899691372050202,2732.4500000000007,2706.322102344153,2696.4499999999994
2025-07-11,7.879299055076328,7.912106358306793,7.912953921621614,2642.0199999999995,2730.13505678947,2732.4500000000007
2025-07-14,7.906230423441689,7.8809151431453985,7.879299055076328,2714.139999999999,2646.293188995083,2642.0199999999995
2025-07-15,7.921880275204646,7.9153214687386875,7.906230423441689,2756.9499999999994,2738.9268682400266,2714.139999999999
2025-07-16,7.929184101779571,7.926650369717733,7.921880275204646,2777.1599999999994,2770.132327546341,2756.9499999999994
2025-07-17,7.9235220468743135,7.929984814462392,7.929184101779571,2761.480000000001,2779.384597747181,2777.1599999999994
2025-07-18,7.931870288957336,7.92714689234661,7.9235220468743135,2784.63,2771.5081024553742,2761.480000000001
2025-07-21,7.945123170479405,7.931383972236125,7.931870288957336,2821.7799999999993,2783.2761171032416,2784.63
2025-07-22,7.946479549474726,7.943445949090019,7.945123170479405,2825.6100000000006,2817.051216944433,2821.7799999999993
2025-07-23,7.951967698466196,7.947195160816888,7.946479549474726,2841.1600000000008,2827.6327622340023,2825.6100000000006
2025-07-24,7.9401173601909,7.953090606798766,7.951967698466196,2807.69,2844.352154150993,2841.1600000000008
2025-07-25,7.927465043054205,7.942451347449512,7.9401173601909,2772.3900000000003,2814.2507660800384,2807.69
2025-07-28,7.9124157981221,7.927046484948096,7.927465043054205,2730.980000000001,2771.229836507058,2772.3900000000003
2025-07-29,7.922362576042792,7.916485386691553,7.9124157981221,2758.28,2742.116610332504,2730.980000000001
2025-07-30,7.910678649466929,7.920652214212522,7.922362576042792,2726.24,2753.566375321748,2758.28
2025-07-31,7.912833143591356,7.9110295761522496,7.910678649466929,2732.119999999999,2727.196878253825,2726.24
2025-08-01,7.911316687558179,7.910694133316602,7.912833143591356,2727.979999999999,2726.2822130171407,2732.119999999999
2025-08-04,7.927991525872736,7.912408128309101,7.911316687558179,2773.8500000000004,2730.959053974423,2727.979999999999
2025-08-05,7.932494952413298,7.930148922477468,7.927991525872736,2786.370000000001,2779.8407544651127,2773.8500000000004
2025-08-06,7.924658472323702,7.929884733664339,7.932494952413298,2764.620000000001,2779.1064486374685,2786.370000000001
2025-08-07,7.964305220877747,7.934406374512159,7.924658472323702,2876.4300000000007,2791.701022487612,2764.620000000001
2025-08-08,7.980923255938202,7.9690389558373065,7.964305220877747,2924.63,2890.078536039188,2876.4300000000007
2025-08-11,7.994345592422921,7.982434342032719,7.980923255938202,2964.15,2929.052708429651,2924.63
2025-08-12,7.998731822741843,7.995417696958997,7.994345592422921,2977.1800000000007,2967.329582778615,2964.15
2025-08-13,7.997333550187041,7.994562347433418,7.998731822741843,2973.0200000000004,2964.792564001332,2977.1800000000007
2025-08-14,7.998785563429602,7.997791821320835,7.997333550187041,2977.3400000000006,2974.3827614794664,2973.0200000000004
2025-08-15,8.010389468951459,8.006390763082518,7.998785563429602,3012.0899999999992,3000.0695871038615,2977.3400000000006
2025-08-18,7.9899874767887304,8.0070929393569,8.010389468951459,2951.260000000001,3002.176904556996,3012.0899999999992
2025-08-19,7.9948548836253845,7.993188765927824,7.9899874767887304,2965.6600000000008,2960.7229753631914,2951.260000000001
2025-08-20,7.98643013126773,7.986438364448164,7.9948548836253845,2940.7799999999997,2940.8042120720256,2965.6600000000008
2025-08-21,7.966760113055467,7.979647408264647,7.98643013126773,2883.499999999999,2920.9009969442627,2940.7799999999997
2025-08-22,7.971348150015858,7.968819169124955,7.966760113055467,2896.760000000001,2889.443404978554,2883.499999999999
2025-08-25,7.968056307485865,7.96817868181725,7.971348150015858,2887.2399999999993,2887.5933456843263,2896.760000000001
2025-08-26,7.967581693274212,7.962880850225359,7.968056307485865,2885.869999999999,2872.33581403572,2887.2399999999993
2025-08-27,7.976416821942229,7.968861540688652,7.967581693274212,2911.48,2889.565837807653,2885.869999999999
2025-08-28,7.976842631501906,7.974115361272737,7.976416821942229,2912.72,2904.7870480270767,2911.48
2025-08-29,7.972252200014114,7.972860933618558,7.976842631501906,2899.38,2901.1454873392727,2912.72
2025-09-01,7.967962788199176,7.973473249325499,7.972252200014114,2886.9700000000003,2902.922448264314,2899.38
2025-09-02,7.953455419766525,7.965590219242647,7.967962788199176,2845.39,2880.1285836748066,2886.9700000000003
2025-09-03,7.9612132856431375,7.960018703768682,7.953455419766525,2867.550000000001,2864.126521965427,2845.39
2025-09-04,7.963355677056955,7.966883565114034,7.9612132856431375,2873.699999999999,2883.8559959846434,2867.550000000001
2025-09-05,7.972965891016217,7.96264553033655,7.963355677056955,2901.4500000000007,2871.659975813546,2873.699999999999
2025-09-08,7.979893535941293,7.97623888093916,7.972965891016217,2921.6199999999994,2910.961974418747,2901.4500000000007
2025-09-09,7.984789765663398,7.974414418848419,7.979893535941293,2935.960000000001,2905.6558765079267,2921.6199999999994
2025-09-10,7.977371207208655,7.983085511019204,7.984789765663398,2914.2600000000007,2930.960637837972,2935.960000000001
2025-09-11,7.975268980548216,7.973765659571046,7.977371207208655,2908.140000000001,2903.7714166476917,2914.2600000000007
2025-09-12,7.951464256213238,7.966301708132541,7.975268980548216,2839.730000000001,2882.178492320695,2908.140000000001
2025-09-15,7.940886380120069,7.948549388084146,7.951464256213238,2809.85,2831.4646136356264,2839.730000000001
2025-09-16,7.938363492856963,7.937440884872849,7.940886380120069,2802.7700000000004,2800.18533452021,2809.85
2025-09-17,7.942376452214388,7.940169077812446,7.938363492856963,2814.0400000000013,2807.8352108037852,2802.7700000000004
2025-09-18,7.935079206398579,7.9377579129530815,7.942376452214388,2793.5800000000004,2801.073212634818,2814.0400000000013
2025-09-19,7.918650487165015,7.925995889901795,7.935079206398579,2748.059999999999,2768.319925005619,2793.5800000000004
2025-09-22,7.91609998588444,7.918855025226876,7.918650487165015,2741.059999999999,2748.622140353866,2748.059999999999
2025-09-23,7.9224967086130995,7.91515291098014,7.91609998588444,2758.6499999999996,2738.4652397729137,2741.059999999999
2025-09-24,7.909702470359644,7.91666895355181,7.9224967086130995,2723.5799999999995,2742.620018272216,2758.6499999999996
2025-09-25,7.9042167103385275,7.906392654055302,7.909702470359644,2708.68,2714.580352315978,2723.5799999999995
2025-09-26,7.910579607060191,7.9033464970011,7.9042167103385275,2725.97,2706.3238958424918,2708.68
2025-09-29,7.895097029571115,7.903143873409974,7.910579607060191,2684.090000000001,2705.775586328063,2725.97
2025-09-30,7.895287020053535,7.893266188490145,7.895097029571115,2684.5999999999995,2679.180353525628,2684.090000000001
2025-10-01,7.881276644310564,7.8938059640043985,7.895287020053535,2647.25,2680.6268998487512,2684.5999999999995
2025-10-02,7.875525887836228,7.876524688312032,7.881276644310564,2632.07,2634.7002260852223,2647.25
2025-10-03,7.86501519454369,7.876810063444,7.875525887836228,2604.5499999999997,2635.4522113037747,2632.07
2025-10-06,7.881748720984581,7.863978241364601,7.86501519454369,2648.5,2601.85060341322,2604.5499999999997
2025-10-07,7.88930926930832,7.88152036941248,7.881748720984581,2668.6000000000004,2647.89527990831,2648.5
2025-10-08,7.848742525878073,7.880965620301941,7.88930926930832,2562.5099999999993,2646.4267697220007,2668.6000000000004
2025-10-09,7.877916581213097,7.852604323903654,7.848742525878073,2638.3700000000003,2572.425028655273,2562.5099999999993
2025-10-10,7.858857015520873,7.873938908413085,7.877916581213097,2588.559999999999,2627.8962717561108,2638.3700000000003
2025-10-13,7.854140591872849,7.8553215408828265,7.858857015520873,2576.379999999999,2579.4243706797793,2588.559999999999
2025-10-14,7.840505802194975,7.844429671299851,7.854140591872849,2541.4900000000002,2551.4820650485817,2576.379999999999
2025-10-15,7.841972369256414,7.839232022911265,7.840505802194975,2545.2200000000007,2538.2547636142217,2541.4900000000002
2025-10-16,7.86625456366017,7.855652095307922,7.841972369256414,2607.78,2580.27715175722,2545.2200000000007
2025-10-17,7.908806189131834,7.873045730236939,7.86625456366017,2721.140000000001,2625.5501400697844,2607.78
2025-10-20,7.9174744212425985,7.9029420472869205,7.908806189131834,2744.8299999999995,2705.229545236154,2721.140000000001
2025-10-21,7.8756588541826416,7.90475281074152,7.9174744212425985,2632.419999999999,2710.132513751394,2744.8299999999995
2025-10-22,7.88344635413774,7.8805093683927,7.8756588541826416,2653.0000000000005,2645.2196078615416,2632.419999999999
2025-10-23,7.851921844301929,7.880199440842341,7.88344635413774,2570.669999999999,2644.3999084585885,2653.0000000000005
2025-10-24,7.841465408358178,7.8487026019709525,7.851921844301929,2543.93,2562.407696630952,2570.669999999999
2025-10-27,7.814718645919557,7.836429362411868,7.841465408358178,2476.7899999999995,2531.1508568203594,2543.93
2025-10-28,7.822080079679323,7.818184808715204,7.814718645919557,2495.0899999999997,2485.3898529857747,2476.7899999999995
2025-10-29,7.833342662761387,7.831833464884306,7.822080079679323,2523.350000000001,2519.544637781441,2495.0899999999997
2025-10-30,7.846777677658352,7.835757435752738,7.833342662761387,2557.4800000000005,2529.4506803422983,2523.350000000001
2025-10-31,7.83407554649347,7.843555689331371,7.846777677658352,2525.1999999999994,2549.2530899147487,2557.4800000000005
2025-11-01,7.837025412804346,7.835771563408486,7.83407554649347,2532.659999999999,2529.4864158031714,2525.1999999999994
2025-11-03,7.85203464899628,7.842816659510079,7.837025412804346,2570.959999999999,2547.369811844323,2532.659999999999
2025-11-05,7.842522268717229,7.849682272322717,7.85203464899628,2546.6199999999994,2564.9192415226357,2570.959999999999
2025-11-06,7.8409817875624945,7.838130323891194,7.842522268717229,2542.7000000000003,2535.459910654528,2546.6199999999994
2025-11-07,7.850267210659286,7.844340675497845,7.8409817875624945,2566.4199999999996,2551.2550039597904,2542.7000000000003
2025-11-10,7.847215512882935,7.854450652554674,7.850267210659286,2558.6,2577.178957995771,2566.4199999999996
2025-11-11,7.850169793955362,7.851033782927916,7.847215512882935,2566.1700000000005,2568.3881006509714,2558.6
2025-11-12,7.838430062583128,7.851479579789838,7.850169793955362,2536.2199999999993,2569.5333352584685,2566.1700000000005
2025-11-13,7.841241320483343,7.840177493847372,7.838430062583128,2543.360000000001,2540.6557445716544,2536.2199999999993
2025-11-14,7.834265612383551,7.838462722138846,7.841241320483343,2525.6800000000003,2536.302833171044,2543.360000000001
2025-11-17,7.828292979703615,7.82989618879224,7.834265612383551,2510.640000000001,2514.6683091143345,2525.6800000000003
2025-11-18,7.848961037735163,7.830043242899833,7.828292979703615,2563.070000000001,2515.0381286094935,2510.640000000001
2025-11-19,7.8808119032253225,7.8518536876214045,7.848961037735163,2646.020000000001,2570.4947976367494,2563.070000000001
2025-11-20,7.874096333073897,7.880378127072888,7.8808119032253225,2628.310000000001,2644.8724685290217,2646.020000000001
2025-11-21,7.895447180064903,7.877683020542871,7.874096333073897,2685.0300000000007,2637.7538524912084,2628.310000000001
2025-11-24,7.884139668206628,7.891643330745419,7.895447180064903,2654.8399999999992,2674.835951066455,2685.0300000000007
2025-11-25,7.895789761868968,7.883558669537719,7.884139668206628,2685.95,2653.2979894902373,2654.8399999999992
2025-11-26,7.889226825679105,7.889875686788561,7.895789761868968,2668.380000000001,2670.1119698504235,2685.95
2025-11-27,7.871452360853537,7.885788774444696,7.889226825679105,2621.370000000001,2659.2217251772054,2668.380000000001
2025-11-28,7.892235359605297,7.8733645671095385,7.871452360853537,2676.420000000001,2626.387395732194,2621.370000000001
2025-12-01,7.8961545569177565,7.8863157509852035,7.892235359605297,2686.9300000000003,2660.6234419458706,2676.420000000001
2025-12-02,7.88878451199653,7.8991811693086795,7.8961545569177565,2667.2000000000007,2695.074614710129,2686.9300000000003
2025-12-03,7.882959993893569,7.893047958660333,7.88878451199653,2651.710000000001,2678.59574024539,2667.2000000000007
2025-12-04,7.885001871924596,7.885213097739825,7.882959993893569,2657.1300000000006,2657.6913137303104,2651.710000000001
2025-12-05,7.905183503649231,7.889252161647487,7.885001871924596,2711.299999999999,2668.4476068477506,2657.1300000000006
2025-12-08,7.902920035886225,7.903177272205541,7.905183503649231,2705.169999999999,2705.8659574828575,2711.299999999999
2025-12-09,7.902013952305524,7.901667594413479,7.902920035886225,2702.7200000000007,2701.7840536935637,2705.169999999999
2025-12-10,7.908629776914831,7.899468396502133,7.902013952305524,2720.6600000000008,2695.8488246096053,2702.7200000000007
2025-12-11,7.918967024036017,7.91219901326324,7.908629776914831,2748.9299999999985,2730.388029053637,2720.6600000000008
2025-12-12,7.915527050670658,7.923897203629236,7.918967024036017,2739.489999999999,2762.5161822288137,2748.9299999999985
2025-12-15,7.918967024036017,7.911494906436155,7.915527050670658,2748.9299999999985,2728.4662208603218,2739.489999999999
2025-12-16,7.928128510199059,7.9197464422979875,7.918967024036017,2774.229999999999,2751.0734014374802,2748.9299999999985
2025-12-17,7.922888127838956,7.923620834673119,7.928128510199059,2759.730000000001,2761.7528140057716,2774.229999999999
2025-12-18,7.920471931626471,7.926193588238092,7.922888127838956,2753.07,2768.8672713520773,2759.730000000001
2025-12-19,7.916840301190446,7.913514378108173,7.920471931626471,2743.0899999999997,2733.9818485538326,2753.07
2025-12-22,7.906908124881224,7.909932578266841,7.916840301190446,2715.980000000001,2724.206789405717,2743.0899999999997
2025-12-23,7.9103631469164455,7.906444953543522,7.906908124881224,2725.38,2714.722327191711,2715.980000000001
2025-12-24,7.908394512204187,7.90983890645211,7.9103631469164455,2720.020000000001,2723.951619963331,2725.38
2025-12-25,7.9062230545978975,7.903493771395178,7.908394512204187,2714.1200000000003,2706.7224974056126,2720.020000000001
2025-12-26,7.921132793385176,7.905014402587643,7.9062230545978975,2754.8900000000003,2710.841555054571,2714.1200000000003
2025-12-29,7.916453800981445,7.923610089186461,7.921132793385176,2742.0299999999997,2761.7231377871994,2754.8900000000003
2025-12-30,7.925381637504443,7.921475331865094,7.916453800981445,2766.6200000000003,2755.8338174706123,2742.0299999999997
2026-01-05,7.921931054669442,7.9291571571569746,7.925381637504443,2757.0900000000006,2777.0851714800274,2766.6200000000003
2026-01-06,7.917631067126684,7.926138810592971,7.921931054669442,2745.2599999999993,2768.7156034773443,2757.0900000000006
2026-01-08,7.907879677601814,7.906666618934036,7.917631067126684,2718.619999999999,2715.3241538761145,2745.2599999999993
2026-01-09,7.910168659710705,7.910854400812047,7.907879677601814,2724.85,2726.719182454362,2718.619999999999
2026-01-12,7.901721611448807,7.89849428669932,7.910168659710705,2701.9299999999994,2693.2240504593174,2724.85
2026-01-13,7.899865660111726,7.897202741752865,7.901721611448807,2696.920000000001,2689.747875848367,2701.9299999999994
2026-01-14,7.902002852314959,7.899922546183673,7.899865660111726,2702.689999999999,2697.073421548888,2696.920000000001
2026-01-15,7.9014958214140725,7.89833256985027,7.902002852314959,2701.32,2692.7885459672484,2702.689999999999
2026-01-16,7.913429571990978,7.91010876727189,7.9014958214140725,2733.750000000001,2724.6868069751563,2701.32
2026-01-19,7.919447095619545,7.908214951222746,7.913429571990978,2750.25,2719.5316343862783,2733.750000000001
2026-01-20,7.915008571628234,7.914999809304257,7.919447095619545,2738.0699999999997,2738.0460082487007,2750.25
2026-01-21,7.926793916619109,7.913439373121255,7.915008571628234,2770.530000000001,2733.7767939712016,2738.0699999999997
2026-01-22,7.925887542144983,7.927495457180968,7.926793916619109,2768.019999999999,2772.4743211031664,2770.530000000001
2026-01-23,7.929230911094633,7.923311153296695,7.925887542144983,2777.2899999999995,2760.897683008895,2768.019999999999
2026-01-26,7.92593450602074,7.922047246146383,7.929230911094633,2768.1500000000005,2757.410368970872,2777.2899999999995
2026-01-27,7.930706081726334,7.926938214567258,7.92593450602074,2781.3900000000003,2770.9298106395213,2768.1500000000005
2026-01-28,7.933083358674556,7.928529160438052,7.930706081726334,2788.0099999999998,2775.3417186028123,2781.3900000000003
2026-01-29,7.936574375992526,7.940921252693931,7.933083358674556,2797.76,2809.9479884102116,2788.0099999999998
2026-01-30,7.931191332799364,7.934977991963662,7.936574375992526,2782.7400000000002,2793.2972636876448,2797.76
2026-02-02,7.926082608413948,7.932332263622275,7.931191332799364,2768.5600000000004,2785.916725705682,2782.7400000000002
2026-02-03,7.932415993522127,7.928458012820544,7.926082608413948,2786.1500000000005,2775.144266675962,2768.5600000000004
2026-02-04,7.928877986861641,7.927053800964492,7.932415993522127,2776.31,2771.2501109441437,2786.1500000000005
2026-02-05,7.9146652051724935,7.924324096149481,7.928877986861641,2737.13,2763.6957314765236,2776.31
2026-02-06,7.914043923704704,7.909358450979583,7.9146652051724935,2735.43,2722.6431968453116,2737.13
2026-02-09,7.910458541906813,7.912857349707852,7.914043923704704,2725.6399999999994,2732.1861348154307,2735.43
2026-02-10,7.907298331437963,7.909328610541981,7.910458541906813,2717.0399999999986,2722.5619531930633,2725.6399999999994
2026-02-11,7.922170408849491,7.911470909895493,7.907298331437963,2757.7499999999986,2728.4007478952735,2717.0399999999986
2026-02-12,7.9250345834834475,7.92583145843521,7.922170408849491,2765.66,2767.864763522835,2757.7499999999986
2026-02-13,7.928888792512997,7.931164118123861,7.9250345834834475,2776.34,2782.6642696643826,2765.66
2026-02-16,7.931141021407776,7.933817615167119,7.928888792512997,2782.5999999999995,2790.057866181346,2776.34
2026-02-17,7.924915255840334,7.933156832478746,7.931141021407776,2765.33,2788.2148532264005,2782.5999999999995
2026-02-18,7.9298752166617295,7.931510975177006,7.924915255840334,2779.0799999999995,2783.6296238031186,2765.33
2026-02-19,7.927627344708415,7.926752087283682,7.9298752166617295,2772.839999999999,2770.4141129950767,2779.0799999999995
2026-02-20,7.930422010735443,7.924541319739482,7.927627344708415,2780.6,2764.2961365937017,2772.839999999999
2026-02-24,7.929252514654901,7.93058633083515,7.930422010735443,2777.35,2781.056946010925,2780.6
2026-02-25,7.935726910738834,7.927470127182619,7.929252514654901,2795.390000000001,2772.4040952226032,2777.35
2026-02-26,7.932211389206415,7.931502545939502,7.935726910738834,2785.58,2783.6061600267863,2795.390000000001
2026-02-27,7.937067506128124,7.934279479519563,7.932211389206415,2799.139999999999,2791.34679208254,2785.58
2026-03-02,7.9500264667778655,7.934864061464808,7.937067506128124,2835.6500000000005,2792.979040064976,2799.139999999999
2026-03-03,7.946313199874732,7.949924469129541,7.9500264667778655,2825.1400000000003,2835.360785118398,2835.6500000000005
2026-03-04,7.94086146744788,7.9482283125045035,7.946313199874732,2809.779999999999,2830.555645425122,2825.1400000000003
2026-03-05,7.946263643580541,7.940836761699351,7.94086146744788,2824.999999999999,2809.7105831393965,2809.779999999999
2026-03-06,7.956515339690679,7.948082993465782,7.946263643580541,2854.109999999999,2830.144341685537,2824.999999999999
2026-03-09,7.9685549293607645,7.95898853974102,7.956515339690679,2888.679999999999,2861.1775210899327,2854.109999999999
2026-03-10,7.956427742874242,7.965144710469093,7.9685549293607645,2853.8600000000006,2878.8457469005525,2888.679999999999
2026-03-11,7.95649431715452,7.960182021981591,7.956427742874242,2854.050000000001,2864.5943241898117,2853.8600000000006
2026-03-12,7.962791784933371,7.968287563726199,7.95649431715452,2872.080000000001,2887.907769477295,2854.050000000001
2026-03-13,7.962715182461859,7.96890310947114,7.962791784933371,2871.860000000001,2889.6859560380176,2872.080000000001
2026-03-16,7.956378685305174,7.954589322755275,7.962715182461859,2853.7199999999993,2848.618226126901,2871.860000000001
2026-03-17,7.956312103326089,7.960177758645352,7.956378685305174,2853.530000000001,2864.582111487051,2853.7199999999993
2026-03-18,7.962666432379148,7.959893384336057,7.956312103326089,2871.72,2863.7676137442854,2853.530000000001
2026-03-19,7.961715330440261,7.963507090818401,7.962666432379148,2868.9900000000002,2874.1351506693327,2871.72
2026-03-20,7.960285233996398,7.966361817555931,7.961715330440261,2864.890000000001,2882.351743614943,2868.9900000000002
2026-03-23,7.949243270875363,7.96094953977375,7.960285233996398,2833.4299999999994,2866.7937952595626,2864.890000000001
2026-03-24,7.950819621017435,7.951257771913697,7.949243270875363,2837.8999999999996,2839.1437008729326,2833.4299999999994
2026-03-25,7.951608625714903,7.9544351490517,7.950819621017435,2840.1400000000012,2848.1790779583266,2837.8999999999996
2026-03-26,7.945498749353612,7.950333701699785,7.951608625714903,2822.8400000000006,2836.5213445532254,2840.1400000000012
2026-03-27,7.933657080098349,7.946841997657119,7.945498749353612,2789.61,2826.634322829411,2822.8400000000006
2026-03-30,7.9376210943761905,7.934241766663586,7.933657080098349,2800.689999999999,2791.241524407974,2789.61
2026-03-31,7.928899598047592,7.9337075656092875,7.9376210943761905,2776.370000000001,2789.7508384412904,2800.689999999999
2026-04-01,7.928492508927281,7.934330304263092,7.928899598047592,2775.2400000000007,2791.4886651726506,2776.370000000001
2026-04-02,7.928193390962656,7.93036781071298,7.928492508927281,2774.4099999999994,2780.4492955016694,2775.2400000000007
2026-04-03,7.923239549742678,7.928515566251939,7.928193390962656,2760.7000000000003,2775.3039903474037,2774.4099999999994
2026-04-06,7.931956472636355,7.927179942707089,7.923239549742678,2784.87,2771.599703310942,2760.7000000000003
2026-04-07,7.936388495741768,7.929662159079935,7.931956472636355,2797.2400000000002,2778.4879590072383,2784.87
2026-04-08,7.924817613540165,7.940503635131359,7.936388495741768,2765.059999999999,2808.7747497799164,2797.2400000000002
2026-04-09,7.9133015345307,7.924412839686563,7.924817613540165,2733.4000000000005,2763.9410024941026,2765.059999999999
2026-04-10,7.9103668161228144,7.918153547103173,7.9133015345307,2725.3900000000003,2746.694718153371,2733.4000000000005
2026-04-13,7.909375641169052,7.9066758811363504,7.9103668161228144,2722.689999999999,2715.349303874249,2725.3900000000003
2026-04-14,7.910410845549155,7.910027799314365,7.909375641169052,2725.51,2724.4662035805254,2722.689999999999
2026-04-15,7.915877419473901,7.919273124456844,7.910410845549155,2740.4500000000003,2749.771577426855,2725.51
2026-04-16,7.916129171247983,7.9174220654793395,7.915877419473901,2741.1400000000003,2744.68629609223,2740.4500000000003
2026-04-17,7.9098346405951,7.917562507392291,7.916129171247983,2723.9400000000005,2745.071792155374,2741.1400000000003
2026-04-20,7.92068621487706,7.916608284280803,7.9098346405951,2753.6600000000003,2742.4536305624197,2723.9400000000005
2026-04-21,7.922152277962618,7.917718289751089,7.92068621487706,2757.699999999999,2745.499459224852,2753.6600000000003
2026-04-22,7.923579985141106,7.928164224389032,7.922152277962618,2761.639999999999,2774.3290811465376,2757.699999999999
2026-04-23,7.9271295361379925,7.9223741826997225,7.923579985141106,2771.4600000000014,2758.31201459547,2761.639999999999
2026-04-24,7.913155185928068,7.920217382541622,7.9271295361379925,2733.0000000000005,2752.3692977363194,2771.4600000000014
2026-04-27,7.912939282637265,7.914447809733561,7.913155185928068,2732.409999999999,2736.5350250969936,2733.0000000000005
2026-04-28,7.899739582425455,7.914602606563964,7.912939282637265,2696.579999999999,2736.958664833363,2732.409999999999
2026-04-29,7.878466011997694,7.8982358748206405,7.899739582425455,2639.8199999999993,2692.5281792872947,2696.579999999999
2026-04-30,7.885408242924329,7.8831426865132395,7.878466011997694,2658.209999999999,2652.1944921017257,2639.8199999999993
2026-05-04,7.871242524887264,7.885291475689757,7.885408242924329,2620.8200000000006,2657.899626290482,2658.209999999999
2026-05-05,7.880188130666588,7.869892365739093,7.871242524887264,2644.37,2617.2838636119163,2620.8200000000006
2026-05-06,7.8756892440081305,7.883496442313375,7.880188130666588,2632.5,2653.132887257974,2644.37
2026-05-07,7.869145563565781,7.872972526968342,7.8756892440081305,2615.33,2625.3579482522864,2632.5
2026-05-08,7.862420211973184,7.869612757888561,7.869145563565781,2597.800000000001,2616.5521527973897,2615.33
2026-05-11,7.884919072397258,7.866635874567873,7.862420211973184,2656.91,2608.774564565998,2597.800000000001
2026-05-12,7.897281602596851,7.8833982401697815,7.884919072397258,2689.96,2652.872356713744,2656.91
2026-05-13,7.899049581841627,7.898131054331703,7.897281602596851,2694.7199999999993,2692.2459619584015,2689.96
2026-05-14,7.885645216435185,7.892224058687133,7.899049581841627,2658.8399999999992,2676.389754167512,2694.7199999999993
2026-05-15,7.876198136342814,7.896394226627737,7.885645216435185,2633.8399999999997,2687.574052910742,2658.8399999999992
2026-05-18,7.889166862406592,7.877223704864425,7.876198136342814,2668.2200000000007,2636.542568992926,2633.8399999999997
2026-05-19,7.887388817412023,7.886913615242277,7.889166862406592,2663.48,2662.2146092069634,2668.2200000000007
2026-05-20,7.878655400915979,7.889418180487299,7.887388817412023,2640.320000000001,2668.8906561997896,2663.48
2026-05-21,7.887692884594443,7.8790503087987025,7.878655400915979,2664.290000000001,2641.3628890899217,2640.320000000001
2026-05-22,7.873098997627695,7.8872200419561524,7.887692884594443,2625.689999999999,2663.0305078814836,2664.290000000001
2026-05-25,7.862574176561632,7.869740184695249,7.873098997627695,2598.2,2616.885592926907,2625.689999999999
2026-05-26,7.855641572446043,7.863355263821088,7.862574176561632,2580.2500000000005,2600.230213701326,2598.2
2026-05-27,7.859505814493196,7.8576009852421205,7.855641572446043,2590.2400000000007,2585.3107312787542,2580.2500000000005
2026-05-28,7.857051294336936,7.861806123806209,7.859505814493196,2583.890000000001,2596.2052114803305,2590.2400000000007
2026-05-29,7.849951546095078,7.855575594424617,7.857051294336936,2565.61,2580.0797658261354,2583.890000000001
2026-06-01,7.851676741970479,7.847682934574531,7.849951546095078,2570.04,2559.796224689024,2565.61
2026-06-02,7.871078440639174,7.85878403492041,7.851676741970479,2620.3899999999994,2588.371092230249,2570.04
2026-06-03,7.863785820025152,7.870439755717242,7.871078440639174,2601.35,2618.716930756341,2620.3899999999994
2026-06-04,7.855505917474565,7.863447648703866,7.863785820025152,2579.9000000000005,2600.4704467615948,2601.35
2026-06-05,7.848168704976419,7.85466040804998,7.855505917474565,2561.039999999999,2577.719592143105,2579.9000000000005
2026-06-08,7.831077233771424,7.845398218789403,7.848168704976419,2517.640000000001,2553.954493736341,2561.039999999999
2026-06-09,7.833112783169718,7.830648792732365,7.831077233771424,2522.769999999999,2516.561570740597,2517.640000000001
2026-06-10,7.832363325896329,7.837019669518317,7.833112783169718,2520.880000000001,2532.645454250975,2522.769999999999
2026-06-11,7.830159286649861,7.828862815243852,7.832363325896329,2515.3300000000004,2512.071059596326,2520.880000000001
2026-06-15,7.841036845629105,7.828980004017395,7.830159286649861,2542.8400000000006,2512.3654633729243,2515.3300000000004
2026-06-16,7.820246802997055,7.841718049582505,7.841036845629105,2490.520000000001,2544.5727827830992,2542.8400000000006
2026-06-17,7.818048059052656,7.818834548671693,7.820246802997055,2485.05,2487.005234812942,2490.520000000001
2026-06-18,7.800261385920338,7.816114973258658,7.818048059052656,2441.2400000000002,2480.2508252503626,2485.05
2026-06-19,7.791754197339412,7.795907508251697,7.800261385920338,2420.560000000001,2430.6342445149644,2441.2400000000002
2026-06-22,7.748580810392463,7.781769614979235,7.791754197339412,2318.2799999999997,2396.5119738535027,2420.560000000001
2026-06-23,7.756169658686748,7.748563041143275,7.748580810392463,2335.940000000001,2318.238806270985,2318.2799999999997
2026-06-24,7.715779053363183,7.747421472327364,7.756169658686748,2243.4700000000003,2315.5938871077633,2335.940000000001
2026-06-25,7.721898107008322,7.707952416799436,7.715779053363183,2257.2400000000007,2225.9797100222168,2243.4700000000003
2026-06-26,7.734388226125753,7.7170894500485225,7.721898107008322,2285.6099999999997,2246.4117626687334,2257.2400000000007
2026-06-29,7.7620897528057515,7.7385137799661505,7.734388226125753,2349.8100000000004,2295.0588846525166,2285.6099999999997
2026-06-30,7.76138306306421,7.758336947522392,7.7620897528057515,2348.1499999999996,2341.008146767873,2349.8100000000004
2026-07-01,7.7598487648110845,7.75729311408932,7.76138306306421,2344.5499999999997,2338.56579912101,2348.1499999999996
2026-07-02,7.72137520800897,7.7503531015652,7.7598487648110845,2256.060000000001,2322.3923102090725,2344.5499999999997
2026-07-03,7.715498198939774,7.717194126395222,7.72137520800897,2242.8400000000006,2246.6469211527838,2256.060000000001
2026-07-06,7.693545449191357,7.712131238775128,7.715498198939774,2194.1400000000003,2235.301145697355,2242.8400000000006
2026-07-07,7.691834889147576,7.692823431234279,7.693545449191357,2190.39,2192.5563632955227,2194.1400000000003
2026-07-08,7.7056092615757095,7.702679263150682,7.691834889147576,2220.7699999999995,2214.2726706283033,2190.39
2026-07-09,7.690171702299964,7.706595302463968,7.7056092615757095,2186.75,2222.9608499797378,2220.7699999999995
2026-07-10,7.671197815760739,7.692444918658958,7.690171702299964,2145.650000000001,2191.726610185815,2186.75
2026-07-13,7.679907706162036,7.663758219359133,7.671197815760739,2164.4200000000005,2129.7464612874014,2145.650000000001
2026-07-14,7.682841828953515,7.6794933471332865,7.679907706162036,2170.78,2163.5233388136517,2164.4200000000005
2026-07-15,7.655343295220328,7.676744428414498,7.682841828953515,2111.899999999999,2157.5841559145533,2170.78
2026-07-16,7.611975921823196,7.648465404524194,7.655343295220328,2022.2700000000007,2097.424420430211,2111.899999999999
2026-07-17,7.579898410828129,7.613158450302652,7.611975921823196,1958.4299999999998,2024.6628063701544,2022.2700000000007
2026-07-20,7.601247400043267,7.576223007924884,7.579898410828129,2000.6900000000003,1951.2451923117633,1958.4299999999998
2026-07-21,7.639536462152851,7.61753100776797,7.601247400043267,2078.7800000000007,2033.5351441061612,2000.6900000000003
2026-07-22,7.666741696881443,7.642264753144891,7.639536462152851,2136.11,2084.4592605633215,2078.7800000000007
2026-07-23,7.670880845250326,7.670995487393065,7.666741696881443,2144.97,2145.2159180529275,2136.11
2026-07-24,7.680425031968731,7.686639215505055,7.670880845250326,2165.5400000000004,2179.0389620895194,2144.97
2026-07-27,7.703874124165961,7.67629875572041,7.680425031968731,2216.9199999999996,2156.6227938133966,2165.5400000000004
2026-07-28,7.692195490488447,7.705308719606827,7.703874124165961,2191.1799999999994,2220.10266569777,2216.9199999999996
2026-07-29,7.7129669532383565,7.695355778352667,7.692195490488447,2237.17,2198.1157132149838,2191.1799999999994
2026-07-30,7.700675393700878,7.712726456416538,7.7129669532383565,2209.8399999999997,2236.632032417473,2237.17
2026-07-31,7.708123243826787,7.700034133553738,7.700675393700878,2226.36,2208.4233719385497,2209.8399999999997
2026-08-03,7.72433616670728,7.705323576617137,7.708123243826787,2262.75,2220.1356500309876,2226.36
2026-08-04,7.727195845883267,7.725695771859582,7.72433616670728,2269.230000000001,2265.8285388828035,2262.75
2026-08-05,7.74138153601945,7.727725986558243,7.727195845883267,2301.6500000000005,2270.4333300628,2269.230000000001
2026-08-06,7.7345063495386075,7.745291024550007,7.74138153601945,2285.880000000001,2310.665886545573,2301.6500000000005
2026-08-07,7.73250511835479,7.7330131806288085,7.7345063495386075,2281.31,2282.469342030378,2285.880000000001
2026-08-10,7.738906335684912,7.734216813419024,7.73250511835479,2295.9600000000005,2285.2182509797117,2281.31
2026-08-11,7.750967662304375,7.741094505688225,7.738906335684912,2323.82,2300.989451441408,2295.9600000000005
2026-08-12,7.741285947847978,7.750823009671308,7.750967662304375,2301.43,2323.483877629305,2323.82
2026-08-13,7.71071604554847,7.743044080054954,7.741285947847978,2232.1399999999994,2305.479777183784,2301.43
2026-08-14,7.665200326724813,7.705629224278201,7.71071604554847,2132.8199999999993,2220.8143330133144,2232.1399999999994
2026-08-17,7.646458829201117,7.655829863137364,7.665200326724813,2093.2200000000003,2112.9278328189457,2132.8199999999993
2026-08-18,7.672352975212679,7.652032072004784,7.646458829201117,2148.1300000000006,2104.9185925690654,2093.2200000000003
2026-08-19,7.6835786197106515,7.673050787632281,7.672352975212679,2172.3800000000006,2149.629514922141,2148.1300000000006
2026-08-20,7.659892805480413,7.682458366786946,7.6835786197106515,2121.5300000000007,2169.9477475769118,2172.3800000000006
2026-08-21,7.666207874041753,7.665195552371554,7.659892805480413,2134.9699999999993,2132.809817188189,2121.5300000000007
2026-08-24,7.635883428437328,7.659035043637443,7.666207874041753,2071.2000000000003,2119.7110127577366,2134.9699999999993
2026-08-25,7.657826123608237,7.644062492816578,7.635883428437328,2117.15,2088.2099460379436,2071.2000000000003
2026-08-26,7.635931708461477,7.656563312684464,7.657826123608237,2071.3,2114.478127242856,2117.15
2026-08-27,7.646544817420783,7.635254411921899,7.635931708461477,2093.399999999999,2069.8975906546807,2071.3
2026-08-28,7.656776994005949,7.646337151097077,7.646544817420783,2114.9300000000007,2092.9653164540823,2093.399999999999
2026-08-31,7.6633137196634795,7.657624903422645,7.656776994005949,2128.8,2116.72402954244,2114.9300000000007
2026-09-01,7.697175811710584,7.664506397596678,7.6633137196634795,2202.1200000000003,2131.340487474718,2128.8
